{
  "version": "2.0.0",
  "feature_schema": [
    "http_200",
    "http_3xx",
    "http_404",
    "http_4xx",
    "http_5xx",
    "has_username_in_path",
    "is_homepage",
    "has_auth_pattern",
    "error_keyword_count",
    "positive_keyword_count",
    "meta_error_keyword_count",
    "meta_positive_keyword_count",
    "profile_section_count",
    "error_section_count",
    "img_count",
    "input_count",
    "form_count",
    "title_has_username",
    "meta_has_username",
    "response_time",
    "content_length",
    "redirect_count",
    "fingerprint_match_found",
    "fingerprint_match_not_found",
    "og_type_profile",
    "has_json_ld_person",
    "username_in_canonical",
    "link_count",
    "text_length",
    "heuristic_score"
  ],
  "mean": [
    0.5054347826086957,
    0.0,
    0.28532608695652173,
    0.48641304347826086,
    0.008152173913043478,
    0.8777173913043478,
    0.04619565217391304,
    0.04076086956521739,
    1.4619565217391304,
    3.2010869565217392,
    0.08423913043478261,
    0.8369565217391305,
    1.5923913043478262,
    0.27717391304347827,
    2.2581521739130435,
    0.6684782608695652,
    0.30434782608695654,
    0.13043478260869565,
    0.20652173913043478,
    0.5845163043481989,
    21233.915760869564,
    0.17391304347826086,
    0.0,
    0.0,
    0.01358695652173913,
    0.005434782608695652,
    0.09239130434782608,
    6.372282608695652,
    3099.0896739130435,
    12.478260869565217
  ],
  "scale": [
    0.4999704622655194,
    1.0,
    0.45156960820963227,
    0.49981536052073944,
    0.08992060928138203,
    0.3276119233273393,
    0.20990858461277864,
    0.1977357354589832,
    1.405992021075169,
    3.249213769956258,
    0.2777461058923678,
    1.2877109275346903,
    6.2002057065392995,
    1.3887438225017785,
    8.948292821070682,
    2.1940844058427085,
    0.9861996714968538,
    0.3367811605397755,
    0.4048092271638285,
    0.692066478457902,
    26589.864413702802,
    0.3999645541950878,
    1.0,
    1.0,
    0.11576852393554782,
    0.07352037640472116,
    0.28957753923385204,
    24.267418513542747,
    9156.650337151128,
    29.048489544234688
  ],
  "coef": [
    0.10894754483056614,
    0.0,
    -0.28698235533405425,
    -0.1252001367478104,
    0.0901506028373809,
    0.02681993371847731,
    -0.11846968318684581,
    -0.11056803025422092,
    -0.17458624693392608,
    0.0012310746361290667,
    -0.06604432692073016,
    0.1268192209430886,
    -0.04296909251718991,
    0.05990754630113884,
    -0.0013816804107304173,
    -0.0160399488039044,
    0.035750978600194834,
    0.21947052957074134,
    0.18382315423372234,
    0.09343677288147424,
    0.05986509917019874,
    -0.012789858678836872,
    0.0,
    0.0,
    0.07894873402443259,
    0.04728863315778728,
    0.025307651215744256,
    0.018696837657396125,
    -0.03241599309126025,
    0.05981387946252161
  ],
  "intercept": -0.23828844465539442,
  "ml_weight": 0.6,
  "thresholds": {
    "found": 0.5559,
    "not_found": 0.3224
  },
  "training": {
    "samples": 368,
    "positives": 97,
    "negatives": 271,
    "cv_f1": 0.5621534474527723,
    "best_params": {
      "C": 0.01
    }
  }
}