{
  "version": "2.0.0",
  "feature_schema": [
    "http_200",
    "http_3xx",
    "http_404",
    "http_4xx",
    "http_5xx",
    "has_username_in_path",
    "is_homepage",
    "has_auth_pattern",
    "error_keyword_count",
    "positive_keyword_count",
    "meta_error_keyword_count",
    "meta_positive_keyword_count",
    "profile_section_count",
    "error_section_count",
    "img_count",
    "input_count",
    "form_count",
    "title_has_username",
    "meta_has_username",
    "response_time",
    "content_length",
    "redirect_count",
    "fingerprint_match_found",
    "fingerprint_match_not_found",
    "heuristic_score"
  ],
  "mean": [
    0.5524475524475524,
    0.0,
    0.2517482517482518,
    0.4405594405594406,
    0.006993006993006993,
    0.8951048951048951,
    0.027972027972027972,
    0.03496503496503497,
    1.4545454545454546,
    3.0839160839160837,
    0.11188811188811189,
    0.8741258741258742,
    1.2937062937062938,
    0.35664335664335667,
    2.1888111888111887,
    0.7342657342657343,
    0.2937062937062937,
    0.15384615384615385,
    0.24475524475524477,
    0.4288251748249212,
    19295.34265734266,
    0.14685314685314685,
    0.0,
    0.0,
    11.255244755244755
  ],
  "scale": [
    0.4972416457239488,
    1.0,
    0.4340173608163045,
    0.49645424753283485,
    0.08333129571897178,
    0.30641821398890434,
    0.16489267304267954,
    0.1836912662456461,
    1.3726971700492265,
    3.150083811731064,
    0.31522874600236794,
    1.3372926039693882,
    3.8391289947346325,
    1.6404229132586463,
    8.394929412774665,
    2.4090477733205193,
    1.023036532047827,
    0.3608012122941097,
    0.42994199018012336,
    0.32026283599785027,
    24658.622348528334,
    0.37319340039514176,
    1.0,
    1.0,
    20.704959300259674
  ],
  "coef": [
    0.08374867963937971,
    0.0,
    -1.3237356976355,
    -0.1525494462368097,
    0.4090958739789729,
    -0.1969760424335191,
    -0.9386143726241858,
    -0.8485777292302974,
    -0.5787013329895961,
    -0.3868407230822935,
    -0.2510129735622475,
    0.17223587909407465,
    -0.19867286489397942,
    0.18939527031466696,
    0.5899925839490524,
    -0.3662706540604841,
    0.48872263823743345,
    0.10153852959324074,
    0.4839958327896082,
    -0.20362194989595916,
    0.7676220976814069,
    -0.12864517493621283,
    0.0,
    0.0,
    0.22859502568479975
  ],
  "intercept": -0.8801843889308318,
  "training": {
    "samples": 143,
    "positives": 39,
    "negatives": 104,
    "cv_accuracy": 0.6985221674876847
  }
}