http_200,http_3xx,http_404,http_4xx,http_5xx,has_username_in_path,is_homepage,has_auth_pattern,error_keyword_count,positive_keyword_count,meta_error_keyword_count,meta_positive_keyword_count,profile_section_count,error_section_count,img_count,input_count,form_count,title_has_username,meta_has_username,response_time,content_length,redirect_count,fingerprint_match_found,fingerprint_match_not_found,og_type_profile,has_json_ld_person,username_in_canonical,link_count,text_length,heuristic_score,label
0.0,0.0,0.0,1.0,0.0,1.0,0.0,0.0,1.0,3.0,0.0,1.0,0.0,0.0,0.0,0.0,0.0,0.0,0.0,0.07900000002700835,5650.0,0.0,0.0,0.0,0.0,0.0,0.0,0.0,3284.0,7.5,0.0
0.0,0.0,0.0,1.0,0.0,1.0,0.0,0.0,2.0,2.0,0.0,1.0,0.0,5.0,0.0,0.0,0.0,0.0,0.0,0.31299999996554106,4913.0,0.0,0.0,0.0,0.0,0.0,0.0,1.0,1528.0,-11.0,0.0
0.0,0.0,0.0,1.0,0.0,1.0,0.0,0.0,1.0,1.0,0.0,1.0,0.0,0.0,0.0,0.0,0.0,0.0,0.0,0.3279999999795109,5736.0,0.0,0.0,0.0,0.0,0.0,0.0,0.0,3370.0,4.5,0.0
1.0,0.0,0.0,0.0,0.0,1.0,0.0,0.0,0.0,7.0,0.0,0.0,8.0,0.0,1.0,4.0,2.0,1.0,1.0,0.5780000000959262,19232.0,0.0,0.0,0.0,0.0,0.0,0.0,60.0,1187.0,53.5,1.0
1.0,0.0,0.0,0.0,0.0,0.0,0.0,0.0,1.0,4.0,0.0,1.0,0.0,0.0,1.0,0.0,0.0,0.0,0.0,0.5790000000270084,6641.0,1.0,0.0,0.0,0.0,0.0,0.0,1.0,2763.0,7.0,1.0
1.0,0.0,0.0,0.0,0.0,1.0,0.0,0.0,1.0,2.0,0.0,1.0,2.0,0.0,0.0,0.0,0.0,1.0,1.0,0.5309999999590218,9743.0,0.0,0.0,0.0,0.0,0.0,0.0,4.0,1685.0,24.0,0.0
0.0,0.0,1.0,1.0,0.0,1.0,0.0,0.0,5.0,7.0,0.0,1.0,1.0,1.0,9.0,4.0,1.0,0.0,0.0,0.7349999999860302,33494.0,1.0,0.0,0.0,0.0,0.0,0.0,48.0,14882.0,-3.5,0.0
0.0,0.0,1.0,1.0,0.0,1.0,0.0,0.0,4.0,3.0,1.0,2.0,1.0,0.0,2.0,0.0,0.0,0.0,1.0,0.875,12058.0,0.0,0.0,0.0,0.0,0.0,1.0,15.0,1331.0,3.5,0.0
1.0,0.0,0.0,0.0,0.0,1.0,0.0,0.0,2.0,4.0,0.0,2.0,0.0,0.0,1.0,1.0,0.0,0.0,1.0,0.875,99945.0,1.0,0.0,0.0,0.0,0.0,0.0,5.0,59672.0,19.0,0.0
1.0,0.0,0.0,0.0,0.0,1.0,0.0,0.0,1.0,3.0,0.0,3.0,0.0,0.0,0.0,0.0,0.0,1.0,1.0,0.5929999999934807,5323.0,1.0,0.0,0.0,1.0,0.0,0.0,0.0,1285.0,27.5,1.0
1.0,0.0,0.0,0.0,0.0,1.0,0.0,0.0,2.0,2.0,2.0,1.0,0.0,0.0,0.0,2.0,1.0,0.0,0.0,1.0160000000614673,9512.0,0.0,0.0,0.0,0.0,0.0,0.0,11.0,634.0,3.0,0.0
0.0,0.0,0.0,1.0,0.0,1.0,0.0,0.0,0.0,0.0,0.0,0.0,0.0,0.0,0.0,0.0,0.0,0.0,0.0,0.10999999998603016,1714.0,0.0,0.0,0.0,0.0,0.0,0.0,0.0,1365.0,3.0,0.0
0.0,0.0,1.0,1.0,0.0,1.0,0.0,0.0,4.0,5.0,2.0,2.0,0.0,0.0,1.0,1.0,1.0,0.0,1.0,0.35900000005494803,13157.0,0.0,0.0,0.0,0.0,0.0,1.0,47.0,4420.0,-0.5,0.0
0.0,0.0,1.0,1.0,0.0,1.0,0.0,0.0,3.0,0.0,0.0,0.0,0.0,0.0,0.0,0.0,0.0,0.0,0.0,1.0939999999245629,2556.0,0.0,0.0,0.0,0.0,0.0,0.0,0.0,1192.0,-13.0,0.0
0.0,0.0,0.0,1.0,0.0,0.0,0.0,0.0,2.0,4.0,0.0,0.0,0.0,0.0,2.0,0.0,0.0,0.0,0.0,1.1410000000614673,5424.0,0.0,0.0,0.0,0.0,0.0,0.0,20.0,1095.0,2.0,0.0
0.0,0.0,0.0,1.0,0.0,1.0,0.0,0.0,0.0,0.0,0.0,0.0,0.0,0.0,0.0,0.0,0.0,0.0,0.0,0.5620000000344589,450.0,0.0,0.0,0.0,0.0,0.0,0.0,0.0,285.0,3.0,0.0
1.0,0.0,0.0,0.0,0.0,1.0,0.0,0.0,1.0,12.0,0.0,3.0,3.0,0.0,7.0,25.0,1.0,0.0,1.0,1.202999999979511,74408.0,0.0,0.0,0.0,1.0,0.0,0.0,109.0,10420.0,53.0,1.0
1.0,0.0,0.0,0.0,0.0,0.0,1.0,0.0,0.0,8.0,0.0,1.0,6.0,0.0,35.0,0.0,0.0,0.0,0.0,1.2190000000409782,31642.0,1.0,0.0,0.0,0.0,0.0,0.0,77.0,7336.0,36.0,0.0
0.0,0.0,0.0,1.0,0.0,0.0,0.0,0.0,1.0,4.0,0.0,1.0,0.0,0.0,0.0,0.0,0.0,0.0,0.0,0.23400000005494803,5830.0,0.0,0.0,0.0,0.0,0.0,0.0,0.0,3464.0,6.0,0.0
1.0,0.0,0.0,0.0,0.0,1.0,0.0,0.0,1.0,13.0,0.0,2.0,0.0,0.0,0.0,0.0,0.0,1.0,1.0,1.390999999945052,100000.0,0.0,0.0,0.0,0.0,0.0,1.0,0.0,67936.0,38.5,1.0
1.0,0.0,0.0,0.0,0.0,1.0,0.0,0.0,1.0,2.0,0.0,1.0,0.0,0.0,0.0,0.0,0.0,0.0,0.0,1.4059999999590218,8278.0,1.0,0.0,0.0,0.0,0.0,0.0,1.0,2015.0,11.0,0.0
1.0,0.0,0.0,0.0,0.0,1.0,0.0,0.0,0.0,1.0,0.0,1.0,0.0,0.0,0.0,0.0,0.0,0.0,0.0,0.875,686.0,0.0,0.0,0.0,0.0,0.0,0.0,0.0,100.0,11.5,0.0
0.0,0.0,1.0,1.0,0.0,1.0,0.0,0.0,1.0,0.0,0.0,0.0,0.0,0.0,1.0,0.0,0.0,0.0,0.0,1.515999999945052,1824.0,0.0,0.0,0.0,0.0,0.0,0.0,4.0,152.0,-9.0,0.0
0.0,0.0,1.0,1.0,0.0,1.0,0.0,0.0,3.0,7.0,0.0,1.0,0.0,0.0,1.0,2.0,1.0,0.0,0.0,1.2349999999860302,30439.0,0.0,0.0,0.0,0.0,0.0,0.0,24.0,17803.0,-0.5,0.0
1.0,0.0,0.0,0.0,0.0,1.0,0.0,0.0,0.0,1.0,0.0,1.0,0.0,0.0,0.0,0.0,0.0,0.0,0.0,0.8589999999385327,686.0,0.0,0.0,0.0,0.0,0.0,0.0,0.0,100.0,11.5,0.0
0.0,0.0,1.0,1.0,0.0,1.0,0.0,0.0,2.0,0.0,0.0,0.0,0.0,0.0,0.0,0.0,0.0,0.0,0.0,0.515999999945052,10371.0,0.0,0.0,0.0,0.0,0.0,0.0,1.0,453.0,-11.0,0.0
1.0,0.0,0.0,0.0,0.0,0.0,1.0,0.0,0.0,8.0,0.0,1.0,6.0,0.0,35.0,0.0,0.0,0.0,0.0,0.5,31642.0,1.0,0.0,0.0,0.0,0.0,0.0,77.0,7336.0,36.0,0.0
1.0,0.0,0.0,0.0,0.0,1.0,0.0,0.0,1.0,8.0,0.0,1.0,0.0,0.0,21.0,0.0,0.0,0.0,1.0,1.797000000020489,99961.0,0.0,0.0,0.0,0.0,0.0,1.0,31.0,4125.0,31.0,1.0
0.0,0.0,0.0,0.0,1.0,1.0,0.0,0.0,1.0,2.0,0.0,1.0,0.0,4.0,0.0,0.0,0.0,0.0,0.0,0.6570000000065193,7692.0,0.0,0.0,0.0,0.0,0.0,0.0,7.0,2203.0,-9.0,0.0
0.0,0.0,1.0,1.0,0.0,1.0,0.0,0.0,4.0,8.0,0.0,2.0,1.0,0.0,0.0,4.0,2.0,0.0,1.0,0.859000000054948,25009.0,0.0,0.0,0.0,0.0,0.0,0.0,11.0,5870.0,8.0,0.0
0.0,0.0,1.0,1.0,0.0,1.0,0.0,0.0,3.0,4.0,1.0,1.0,0.0,1.0,1.0,0.0,0.0,0.0,0.0,0.35999999998603016,27909.0,0.0,0.0,0.0,0.0,0.0,0.0,2.0,20383.0,-11.0,0.0
1.0,0.0,0.0,0.0,0.0,1.0,0.0,0.0,1.0,16.0,0.0,3.0,25.0,0.0,22.0,1.0,1.0,1.0,1.0,0.4690000000409782,58651.0,0.0,0.0,0.0,0.0,1.0,1.0,30.0,8673.0,152.0,1.0
0.0,0.0,1.0,1.0,0.0,1.0,0.0,0.0,2.0,4.0,0.0,0.0,0.0,0.0,0.0,1.0,2.0,0.0,0.0,1.1099999999860302,15735.0,0.0,0.0,0.0,0.0,0.0,0.0,62.0,4120.0,-5.0,0.0
0.0,0.0,1.0,1.0,0.0,1.0,0.0,0.0,7.0,5.0,2.0,1.0,0.0,2.0,12.0,1.0,0.0,0.0,1.0,0.9220000000204891,38434.0,1.0,0.0,0.0,0.0,0.0,0.0,56.0,4121.0,-16.5,0.0
0.0,0.0,1.0,1.0,0.0,1.0,0.0,0.0,1.0,7.0,0.0,1.0,0.0,0.0,0.0,0.0,0.0,0.0,1.0,1.4689999999245629,99958.0,0.0,0.0,0.0,0.0,0.0,1.0,0.0,0.0,12.5,0.0
1.0,0.0,0.0,0.0,0.0,1.0,0.0,0.0,2.0,2.0,0.0,1.0,0.0,0.0,0.0,0.0,0.0,0.0,0.0,0.062000000034458935,65842.0,0.0,0.0,0.0,0.0,0.0,0.0,0.0,1076.0,9.0,0.0
0.0,0.0,0.0,1.0,0.0,1.0,0.0,0.0,2.0,2.0,0.0,1.0,0.0,5.0,0.0,0.0,0.0,0.0,0.0,0.03200000000651926,4913.0,0.0,0.0,0.0,0.0,0.0,0.0,1.0,1528.0,-11.0,0.0
1.0,0.0,0.0,0.0,0.0,0.0,1.0,0.0,0.0,6.0,0.0,0.0,1.0,0.0,19.0,0.0,0.0,0.0,0.0,0.09299999999348074,42200.0,1.0,0.0,0.0,0.0,0.0,0.0,90.0,18802.0,11.0,0.0
0.0,0.0,1.0,1.0,0.0,0.0,1.0,0.0,1.0,0.0,0.0,0.0,0.0,0.0,0.0,0.0,0.0,0.0,0.0,0.8440000000409782,42.0,0.0,0.0,0.0,0.0,0.0,0.0,0.0,42.0,-12.0,0.0
0.0,0.0,1.0,1.0,0.0,1.0,0.0,0.0,3.0,4.0,0.0,0.0,0.0,0.0,1.0,0.0,0.0,0.0,0.0,1.765999999945052,6966.0,1.0,0.0,0.0,0.0,0.0,0.0,3.0,349.0,-7.0,0.0
0.0,0.0,1.0,1.0,0.0,1.0,0.0,0.0,5.0,5.0,0.0,0.0,0.0,25.0,1.0,1.0,1.0,0.0,0.0,1.3429999999934807,52440.0,0.0,0.0,0.0,0.0,0.0,0.0,46.0,2895.0,-84.5,0.0
1.0,0.0,0.0,0.0,0.0,1.0,0.0,0.0,1.0,3.0,0.0,0.0,0.0,0.0,0.0,0.0,0.0,0.0,1.0,1.4849999999860302,100000.0,1.0,0.0,0.0,0.0,0.0,0.0,0.0,0.0,15.5,1.0
0.0,0.0,0.0,1.0,0.0,1.0,0.0,0.0,0.0,0.0,0.0,0.0,0.0,0.0,0.0,0.0,0.0,0.0,0.0,0.7650000000139698,0.0,0.0,0.0,0.0,0.0,0.0,0.0,0.0,0.0,3.0,0.0
0.0,0.0,1.0,1.0,0.0,1.0,0.0,0.0,4.0,8.0,0.0,2.0,1.0,0.0,0.0,4.0,2.0,0.0,1.0,1.375,25011.0,0.0,0.0,0.0,0.0,0.0,0.0,11.0,5872.0,8.0,0.0
0.0,0.0,1.0,1.0,0.0,0.0,1.0,0.0,10.0,4.0,0.0,2.0,0.0,1.0,0.0,0.0,0.0,0.0,0.0,1.4679999999934807,23673.0,0.0,0.0,0.0,0.0,0.0,0.0,3.0,12291.0,-23.0,0.0
0.0,0.0,1.0,1.0,0.0,1.0,0.0,0.0,5.0,2.0,3.0,1.0,2.0,0.0,0.0,2.0,2.0,0.0,0.0,0.5470000000204891,13069.0,0.0,0.0,0.0,0.0,0.0,0.0,13.0,3057.0,-13.0,0.0
0.0,0.0,1.0,1.0,0.0,1.0,0.0,0.0,1.0,5.0,0.0,3.0,0.0,0.0,0.0,1.0,1.0,0.0,0.0,1.9690000000409782,12691.0,0.0,0.0,0.0,0.0,0.0,0.0,10.0,3247.0,4.5,0.0
1.0,0.0,0.0,0.0,0.0,1.0,0.0,1.0,1.0,3.0,0.0,1.0,8.0,1.0,6.0,10.0,3.0,1.0,1.0,0.75,43572.0,0.0,0.0,0.0,0.0,0.0,1.0,48.0,2979.0,50.5,0.0
0.0,0.0,1.0,1.0,0.0,1.0,0.0,0.0,3.0,10.0,0.0,4.0,4.0,6.0,26.0,13.0,3.0,0.0,1.0,0.875,68184.0,0.0,0.0,0.0,0.0,0.0,0.0,56.0,22288.0,13.0,0.0
0.0,0.0,0.0,1.0,0.0,1.0,0.0,0.0,0.0,0.0,0.0,0.0,0.0,0.0,0.0,0.0,0.0,0.0,0.0,0.18700000003445894,0.0,0.0,0.0,0.0,0.0,0.0,0.0,0.0,0.0,3.0,0.0
1.0,0.0,0.0,0.0,0.0,1.0,0.0,0.0,1.0,8.0,0.0,0.0,2.0,0.0,0.0,8.0,1.0,0.0,0.0,1.547000000020489,100000.0,0.0,0.0,0.0,0.0,0.0,0.0,34.0,8646.0,24.0,0.0
0.0,0.0,0.0,1.0,0.0,1.0,0.0,0.0,1.0,2.0,0.0,1.0,0.0,0.0,0.0,0.0,0.0,0.0,0.0,0.14000000001396984,5643.0,0.0,0.0,0.0,0.0,0.0,0.0,0.0,3277.0,6.0,0.0
0.0,0.0,0.0,1.0,0.0,1.0,0.0,0.0,5.0,7.0,1.0,0.0,1.0,0.0,4.0,2.0,1.0,0.0,0.0,1.437999999965541,46521.0,0.0,0.0,0.0,0.0,0.0,0.0,34.0,2080.0,4.5,0.0
1.0,0.0,0.0,0.0,0.0,1.0,0.0,0.0,0.0,0.0,0.0,0.0,0.0,0.0,0.0,0.0,0.0,0.0,0.0,3.375,1403.0,0.0,0.0,0.0,0.0,0.0,0.0,0.0,105.0,8.0,0.0
1.0,0.0,0.0,0.0,0.0,0.0,1.0,0.0,0.0,6.0,0.0,0.0,1.0,0.0,19.0,0.0,0.0,0.0,0.0,0.0470000000204891,42200.0,1.0,0.0,0.0,0.0,0.0,0.0,90.0,18802.0,11.0,0.0
0.0,0.0,0.0,1.0,0.0,1.0,0.0,0.0,2.0,1.0,0.0,1.0,0.0,0.0,0.0,0.0,0.0,0.0,0.0,0.06199999991804361,5756.0,0.0,0.0,0.0,0.0,0.0,0.0,0.0,3390.0,2.5,0.0
0.0,0.0,0.0,1.0,0.0,1.0,0.0,0.0,2.0,2.0,0.0,1.0,0.0,5.0,0.0,0.0,0.0,0.0,0.0,0.06300000008195639,4547.0,0.0,0.0,0.0,0.0,0.0,0.0,1.0,1522.0,-11.0,0.0
1.0,0.0,0.0,0.0,0.0,1.0,0.0,0.0,1.0,1.0,0.0,1.0,0.0,0.0,0.0,0.0,0.0,0.0,0.0,0.6410000000614673,6675.0,0.0,0.0,0.0,0.0,0.0,0.0,0.0,132.0,9.5,1.0
0.0,0.0,1.0,1.0,0.0,1.0,0.0,0.0,3.0,10.0,0.0,0.0,0.0,1.0,0.0,3.0,2.0,0.0,0.0,2.718999999924563,57126.0,0.0,0.0,0.0,0.0,0.0,0.0,31.0,3275.0,-3.0,0.0
0.0,0.0,0.0,1.0,0.0,1.0,0.0,0.0,3.0,0.0,0.0,0.0,0.0,1.0,0.0,0.0,0.0,0.0,0.0,1.1089999999385327,4237.0,1.0,0.0,0.0,0.0,0.0,0.0,6.0,1302.0,-6.0,0.0
0.0,0.0,1.0,1.0,0.0,1.0,0.0,0.0,1.0,2.0,0.0,1.0,0.0,0.0,0.0,0.0,0.0,0.0,0.0,1.390999999945052,28454.0,1.0,0.0,0.0,0.0,0.0,0.0,1.0,1699.0,-4.0,0.0
1.0,0.0,0.0,0.0,0.0,1.0,0.0,0.0,0.0,12.0,0.0,0.0,8.0,0.0,1.0,4.0,2.0,1.0,1.0,0.20400000002700835,21681.0,0.0,0.0,0.0,0.0,0.0,0.0,73.0,1512.0,61.0,1.0
0.0,0.0,1.0,1.0,0.0,1.0,0.0,0.0,5.0,7.0,4.0,0.0,0.0,1.0,4.0,1.0,1.0,0.0,0.0,0.6570000000065193,38347.0,0.0,0.0,0.0,0.0,0.0,0.0,95.0,18678.0,-21.5,0.0
0.0,0.0,0.0,1.0,0.0,1.0,0.0,0.0,0.0,0.0,0.0,0.0,0.0,0.0,0.0,0.0,0.0,0.0,0.0,0.045999999972991645,0.0,0.0,0.0,0.0,0.0,0.0,0.0,0.0,0.0,3.0,0.0
1.0,0.0,0.0,0.0,0.0,1.0,0.0,0.0,4.0,15.0,0.0,0.0,0.0,0.0,1.0,1.0,0.0,0.0,1.0,1.4060000000754371,80328.0,0.0,0.0,0.0,0.0,0.0,0.0,8.0,43474.0,27.5,0.0
0.0,0.0,1.0,1.0,0.0,1.0,0.0,0.0,4.0,0.0,0.0,0.0,0.0,0.0,1.0,0.0,0.0,0.0,0.0,1.234000000054948,12750.0,0.0,0.0,0.0,0.0,0.0,0.0,2.0,338.0,-15.0,0.0
0.0,0.0,1.0,1.0,0.0,1.0,0.0,0.0,3.0,7.0,0.0,1.0,0.0,1.0,0.0,0.0,0.0,0.0,0.0,4.329000000027008,63965.0,1.0,0.0,0.0,0.0,0.0,0.0,8.0,8110.0,-3.5,0.0
0.0,0.0,1.0,1.0,0.0,1.0,0.0,0.0,2.0,5.0,2.0,0.0,0.0,0.0,3.0,2.0,2.0,0.0,0.0,1.077999999979511,51143.0,0.0,0.0,0.0,0.0,0.0,0.0,11.0,1849.0,-9.5,0.0
1.0,0.0,0.0,0.0,0.0,1.0,0.0,0.0,2.0,9.0,0.0,3.0,0.0,0.0,0.0,0.0,0.0,1.0,1.0,2.51500000001397,100000.0,2.0,0.0,0.0,0.0,0.0,1.0,0.0,89665.0,32.5,1.0
1.0,0.0,0.0,0.0,0.0,1.0,0.0,0.0,1.0,11.0,0.0,3.0,9.0,0.0,1.0,1.0,0.0,1.0,1.0,1.0459999999729916,63227.0,0.0,0.0,0.0,0.0,0.0,0.0,41.0,26347.0,69.5,1.0
0.0,0.0,0.0,1.0,0.0,1.0,0.0,0.0,0.0,0.0,0.0,0.0,0.0,0.0,0.0,0.0,0.0,0.0,0.0,0.062000000034458935,450.0,0.0,0.0,0.0,0.0,0.0,0.0,0.0,285.0,3.0,0.0
1.0,0.0,0.0,0.0,0.0,1.0,0.0,0.0,3.0,14.0,0.0,5.0,0.0,0.0,0.0,0.0,0.0,0.0,1.0,1.640999999945052,100000.0,0.0,0.0,0.0,1.0,0.0,1.0,0.0,49361.0,48.0,1.0
0.0,0.0,0.0,1.0,0.0,1.0,0.0,0.0,2.0,2.0,0.0,1.0,0.0,5.0,0.0,0.0,0.0,0.0,0.0,0.2029999999795109,4907.0,0.0,0.0,0.0,0.0,0.0,0.0,1.0,1522.0,-11.0,0.0
0.0,0.0,0.0,1.0,0.0,1.0,0.0,0.0,2.0,2.0,0.0,1.0,0.0,5.0,0.0,0.0,0.0,0.0,0.0,0.03200000000651926,4907.0,0.0,0.0,0.0,0.0,0.0,0.0,1.0,1522.0,-11.0,0.0
1.0,0.0,0.0,0.0,0.0,0.0,0.0,0.0,3.0,7.0,0.0,1.0,0.0,0.0,2.0,0.0,0.0,0.0,0.0,0.7970000000204891,7523.0,1.0,0.0,0.0,0.0,0.0,0.0,3.0,4480.0,7.5,0.0
0.0,0.0,1.0,1.0,0.0,1.0,0.0,0.0,3.0,0.0,0.0,0.0,0.0,0.0,0.0,0.0,0.0,0.0,0.0,1.8589999999385327,1130.0,0.0,0.0,0.0,0.0,0.0,0.0,2.0,176.0,-13.0,0.0
1.0,0.0,0.0,0.0,0.0,1.0,0.0,0.0,0.0,10.0,0.0,0.0,3.0,0.0,25.0,15.0,3.0,0.0,0.0,2.0929999999934807,96523.0,0.0,0.0,0.0,0.0,0.0,0.0,472.0,34361.0,35.0,1.0
0.0,0.0,1.0,1.0,0.0,1.0,0.0,0.0,5.0,7.0,4.0,0.0,0.0,1.0,4.0,1.0,1.0,0.0,0.0,0.5630000000819564,38258.0,0.0,0.0,0.0,0.0,0.0,0.0,95.0,18678.0,-21.5,0.0
0.0,0.0,1.0,1.0,0.0,1.0,0.0,0.0,4.0,2.0,0.0,1.0,0.0,0.0,1.0,0.0,0.0,0.0,0.0,0.9379999999655411,1692.0,0.0,0.0,0.0,0.0,0.0,0.0,2.0,384.0,-10.0,0.0
0.0,0.0,0.0,0.0,1.0,1.0,0.0,0.0,1.0,2.0,0.0,1.0,0.0,4.0,0.0,0.0,0.0,0.0,0.0,0.34399999992456287,7692.0,0.0,0.0,0.0,0.0,0.0,0.0,7.0,2203.0,-9.0,0.0
0.0,0.0,1.0,1.0,0.0,1.0,0.0,0.0,3.0,10.0,1.0,0.0,0.0,0.0,0.0,0.0,0.0,0.0,0.0,0.7650000000139698,100000.0,0.0,0.0,0.0,0.0,0.0,0.0,0.0,0.0,-1.0,0.0
0.0,0.0,1.0,1.0,0.0,1.0,0.0,0.0,5.0,1.0,0.0,0.0,0.0,25.0,1.0,1.0,1.0,0.0,0.0,1.2660000000614673,26739.0,0.0,0.0,0.0,0.0,0.0,1.0,45.0,2573.0,-86.5,0.0
0.0,0.0,1.0,1.0,0.0,1.0,0.0,0.0,1.0,2.0,1.0,0.0,0.0,0.0,0.0,0.0,0.0,0.0,0.0,1.452999999979511,9019.0,0.0,0.0,0.0,0.0,0.0,0.0,29.0,473.0,-9.0,0.0
0.0,0.0,0.0,1.0,0.0,1.0,0.0,0.0,1.0,1.0,0.0,0.0,0.0,0.0,0.0,0.0,0.0,0.0,0.0,0.5620000000344589,1060.0,0.0,0.0,0.0,0.0,0.0,0.0,1.0,388.0,2.5,0.0
1.0,0.0,0.0,0.0,0.0,1.0,0.0,0.0,2.0,8.0,0.0,0.0,0.0,0.0,0.0,0.0,0.0,1.0,1.0,3.484000000054948,99984.0,2.0,0.0,0.0,0.0,0.0,1.0,2.0,21805.0,25.0,1.0
1.0,0.0,0.0,0.0,0.0,1.0,0.0,0.0,0.0,0.0,0.0,0.0,0.0,0.0,0.0,0.0,0.0,0.0,0.0,0.23499999998603016,114.0,0.0,0.0,0.0,0.0,0.0,0.0,0.0,0.0,8.0,0.0
0.0,0.0,1.0,1.0,0.0,1.0,0.0,0.0,4.0,14.0,0.0,1.0,0.0,0.0,1.0,1.0,0.0,0.0,1.0,0.625,99803.0,0.0,0.0,0.0,0.0,0.0,1.0,17.0,84878.0,17.0,0.0
0.0,0.0,1.0,1.0,0.0,1.0,0.0,0.0,3.0,8.0,2.0,2.0,0.0,1.0,2.0,0.0,0.0,0.0,0.0,1.75,100000.0,0.0,0.0,0.0,0.0,0.0,0.0,18.0,309.0,-6.0,0.0
0.0,0.0,1.0,1.0,0.0,1.0,0.0,0.0,3.0,7.0,0.0,0.0,0.0,1.0,0.0,0.0,0.0,0.0,0.0,3.75,100000.0,1.0,0.0,0.0,0.0,0.0,0.0,0.0,3.0,-5.5,0.0
1.0,0.0,0.0,0.0,0.0,1.0,0.0,0.0,0.0,0.0,0.0,0.0,0.0,0.0,0.0,0.0,0.0,0.0,0.0,0.8120000000344589,1987.0,0.0,0.0,0.0,0.0,0.0,0.0,0.0,46.0,8.0,0.0
1.0,0.0,0.0,0.0,0.0,1.0,0.0,0.0,0.0,2.0,0.0,0.0,0.0,0.0,0.0,0.0,0.0,1.0,1.0,0.7650000000139698,5578.0,0.0,0.0,0.0,0.0,0.0,0.0,0.0,958.0,16.0,1.0
0.0,0.0,1.0,1.0,0.0,1.0,0.0,0.0,4.0,0.0,0.0,0.0,0.0,0.0,0.0,0.0,0.0,0.0,0.0,0.25,755.0,0.0,0.0,0.0,0.0,0.0,0.0,0.0,0.0,-15.0,0.0
0.0,0.0,1.0,1.0,0.0,1.0,0.0,0.0,5.0,2.0,0.0,0.0,0.0,25.0,1.0,1.0,1.0,0.0,0.0,0.7349999999860302,24680.0,0.0,0.0,0.0,0.0,0.0,1.0,48.0,2613.0,-85.0,0.0
0.0,0.0,1.0,1.0,0.0,1.0,0.0,0.0,2.0,5.0,1.0,1.0,2.0,0.0,0.0,0.0,0.0,0.0,0.0,0.9849999999860302,100000.0,0.0,0.0,0.0,0.0,0.0,0.0,9.0,51853.0,3.5,0.0
0.0,0.0,1.0,1.0,0.0,1.0,0.0,0.0,3.0,9.0,0.0,1.0,9.0,5.0,1.0,0.0,0.0,0.0,1.0,3.031000000075437,78520.0,1.0,0.0,0.0,0.0,0.0,1.0,31.0,1417.0,32.5,0.0
1.0,0.0,0.0,0.0,0.0,1.0,0.0,0.0,1.0,10.0,0.0,2.0,1.0,0.0,2.0,0.0,0.0,0.0,1.0,1.015999999945052,99998.0,0.0,0.0,0.0,0.0,0.0,0.0,6.0,85279.0,34.0,0.0
0.0,0.0,1.0,1.0,0.0,1.0,0.0,0.0,3.0,8.0,2.0,2.0,0.0,1.0,2.0,0.0,0.0,0.0,0.0,0.6559999999590218,100000.0,0.0,0.0,0.0,0.0,0.0,0.0,18.0,309.0,-6.0,0.0
0.0,0.0,1.0,1.0,0.0,1.0,0.0,0.0,5.0,3.0,0.0,0.0,0.0,25.0,2.0,1.0,1.0,0.0,0.0,1.5310000000754371,24660.0,0.0,0.0,0.0,0.0,0.0,1.0,46.0,2556.0,-83.5,0.0
1.0,0.0,0.0,0.0,0.0,0.0,1.0,0.0,2.0,5.0,0.0,0.0,0.0,0.0,9.0,3.0,3.0,0.0,0.0,3.109000000054948,99976.0,3.0,0.0,0.0,0.0,0.0,0.0,44.0,11229.0,-0.5,0.0
0.0,0.0,1.0,1.0,0.0,1.0,0.0,0.0,3.0,8.0,0.0,3.0,2.0,1.0,1.0,5.0,4.0,0.0,1.0,1.6089999999385327,27712.0,1.0,0.0,0.0,0.0,0.0,0.0,28.0,13162.0,13.0,0.0
0.0,0.0,0.0,1.0,0.0,1.0,0.0,0.0,1.0,1.0,0.0,1.0,0.0,0.0,0.0,0.0,0.0,0.0,0.0,0.10900000005494803,5759.0,0.0,0.0,0.0,0.0,0.0,0.0,0.0,3393.0,4.5,0.0
0.0,0.0,1.0,1.0,0.0,1.0,0.0,0.0,3.0,4.0,0.0,0.0,0.0,0.0,1.0,0.0,0.0,0.0,0.0,0.5309999999590218,6966.0,1.0,0.0,0.0,0.0,0.0,0.0,3.0,349.0,-7.0,0.0
0.0,0.0,0.0,1.0,0.0,1.0,0.0,0.0,1.0,0.0,0.0,0.0,0.0,0.0,0.0,0.0,0.0,0.0,0.0,0.625,545.0,0.0,0.0,0.0,0.0,0.0,0.0,0.0,31.0,1.0,0.0
0.0,0.0,0.0,1.0,0.0,1.0,0.0,0.0,0.0,0.0,0.0,0.0,0.0,0.0,0.0,0.0,0.0,0.0,0.0,0.1720000000204891,1714.0,0.0,0.0,0.0,0.0,0.0,0.0,0.0,1365.0,3.0,0.0
1.0,0.0,0.0,0.0,0.0,1.0,0.0,0.0,0.0,5.0,0.0,4.0,1.0,0.0,0.0,0.0,0.0,0.0,1.0,1.0940000000409782,2880.0,0.0,0.0,0.0,1.0,0.0,0.0,0.0,142.0,38.5,1.0
1.0,0.0,0.0,0.0,0.0,1.0,0.0,0.0,0.0,7.0,0.0,2.0,2.0,0.0,2.0,1.0,1.0,1.0,1.0,0.31200000003445894,16054.0,0.0,0.0,0.0,0.0,0.0,1.0,52.0,5555.0,39.5,1.0
0.0,0.0,0.0,1.0,0.0,1.0,0.0,0.0,1.0,3.0,0.0,1.0,0.0,0.0,0.0,0.0,0.0,0.0,0.0,0.31299999996554106,5830.0,0.0,0.0,0.0,0.0,0.0,0.0,0.0,3464.0,7.5,0.0
0.0,0.0,1.0,1.0,0.0,1.0,0.0,0.0,3.0,7.0,0.0,1.0,0.0,1.0,0.0,0.0,0.0,0.0,0.0,2.202999999979511,63974.0,1.0,0.0,0.0,0.0,0.0,0.0,8.0,8116.0,-3.5,0.0
1.0,0.0,0.0,0.0,0.0,1.0,0.0,0.0,1.0,0.0,0.0,0.0,0.0,0.0,0.0,0.0,0.0,0.0,0.0,1.0310000000754371,5518.0,0.0,0.0,0.0,0.0,0.0,0.0,0.0,3330.0,6.0,1.0
0.0,0.0,1.0,1.0,0.0,1.0,0.0,0.0,3.0,4.0,1.0,1.0,0.0,1.0,1.0,0.0,0.0,0.0,0.0,0.8599999999860302,27909.0,0.0,0.0,0.0,0.0,0.0,0.0,2.0,20383.0,-11.0,0.0
0.0,0.0,0.0,1.0,0.0,1.0,0.0,0.0,1.0,1.0,0.0,1.0,0.0,0.0,0.0,0.0,0.0,0.0,0.0,0.09399999992456287,5780.0,0.0,0.0,0.0,0.0,0.0,0.0,0.0,3414.0,4.5,0.0
0.0,0.0,1.0,1.0,0.0,1.0,0.0,0.0,4.0,1.0,0.0,0.0,0.0,0.0,0.0,0.0,0.0,0.0,0.0,0.375,5069.0,0.0,0.0,0.0,0.0,0.0,0.0,3.0,616.0,-13.5,0.0
0.0,0.0,1.0,1.0,0.0,1.0,0.0,0.0,5.0,7.0,0.0,1.0,0.0,13.0,1.0,0.0,0.0,0.0,0.0,2.172000000020489,99998.0,1.0,0.0,0.0,0.0,0.0,0.0,22.0,13742.0,-43.5,0.0
0.0,0.0,1.0,1.0,0.0,1.0,0.0,0.0,3.0,0.0,0.0,0.0,0.0,0.0,0.0,0.0,0.0,0.0,0.0,1.984000000054948,394.0,2.0,0.0,0.0,0.0,0.0,0.0,1.0,62.0,-13.0,0.0
1.0,0.0,0.0,0.0,0.0,1.0,0.0,0.0,1.0,0.0,0.0,0.0,0.0,1.0,1.0,0.0,0.0,0.0,0.0,0.21799999999348074,3036.0,0.0,0.0,0.0,0.0,0.0,0.0,0.0,1707.0,3.0,1.0
0.0,0.0,1.0,1.0,0.0,1.0,0.0,0.0,1.0,2.0,1.0,0.0,0.0,0.0,0.0,0.0,0.0,0.0,0.0,0.375,9019.0,0.0,0.0,0.0,0.0,0.0,0.0,29.0,473.0,-9.0,0.0
0.0,0.0,1.0,1.0,0.0,1.0,0.0,0.0,2.0,0.0,0.0,0.0,0.0,1.0,1.0,0.0,0.0,0.0,0.0,0.6400000000139698,1481.0,0.0,0.0,0.0,0.0,0.0,0.0,0.0,52.0,-14.0,0.0
0.0,0.0,0.0,1.0,0.0,1.0,0.0,0.0,0.0,0.0,0.0,0.0,0.0,0.0,0.0,0.0,0.0,0.0,0.0,0.17099999997299165,776.0,0.0,0.0,0.0,0.0,0.0,0.0,0.0,452.0,3.0,0.0
0.0,0.0,0.0,1.0,0.0,1.0,0.0,0.0,2.0,2.0,0.0,1.0,0.0,5.0,0.0,0.0,0.0,0.0,0.0,0.0470000000204891,4907.0,0.0,0.0,0.0,0.0,0.0,0.0,1.0,1522.0,-11.0,0.0
0.0,0.0,1.0,1.0,0.0,0.0,1.0,0.0,1.0,3.0,0.0,0.0,1.0,18.0,6.0,2.0,1.0,0.0,0.0,1.0160000000614673,8497.0,0.0,0.0,0.0,0.0,0.0,0.0,7.0,2619.0,-55.5,0.0
1.0,0.0,0.0,0.0,0.0,1.0,0.0,0.0,1.0,8.0,0.0,0.0,50.0,0.0,5.0,11.0,5.0,1.0,0.0,3.9070000000065193,66285.0,1.0,0.0,0.0,0.0,0.0,0.0,57.0,21659.0,216.0,1.0
0.0,0.0,0.0,0.0,0.0,1.0,0.0,0.0,0.0,0.0,0.0,0.0,0.0,0.0,0.0,0.0,0.0,0.0,0.0,0.09299999999348074,2008.0,0.0,0.0,0.0,0.0,0.0,0.0,0.0,666.0,3.0,0.0
1.0,0.0,0.0,0.0,0.0,0.0,1.0,0.0,2.0,16.0,0.0,2.0,0.0,0.0,1.0,11.0,1.0,0.0,1.0,0.45400000002700835,74368.0,0.0,0.0,0.0,0.0,0.0,1.0,4.0,41754.0,31.0,1.0
0.0,0.0,0.0,1.0,0.0,1.0,0.0,0.0,2.0,3.0,0.0,1.0,0.0,0.0,0.0,0.0,0.0,0.0,0.0,0.9839999999385327,9917.0,0.0,0.0,0.0,0.0,0.0,0.0,0.0,1781.0,5.5,1.0
0.0,0.0,1.0,1.0,0.0,1.0,0.0,0.0,4.0,7.0,1.0,3.0,0.0,0.0,0.0,0.0,0.0,0.0,1.0,4.094000000040978,99998.0,0.0,0.0,0.0,0.0,0.0,1.0,47.0,2096.0,7.5,0.0
0.0,0.0,1.0,1.0,0.0,1.0,0.0,0.0,2.0,0.0,0.0,0.0,0.0,1.0,1.0,0.0,0.0,0.0,0.0,3.01500000001397,1481.0,0.0,0.0,0.0,0.0,0.0,0.0,0.0,52.0,-14.0,0.0
1.0,0.0,0.0,0.0,0.0,1.0,0.0,0.0,0.0,1.0,0.0,0.0,0.0,0.0,0.0,4.0,1.0,0.0,0.0,5.452999999979511,8418.0,1.0,0.0,0.0,0.0,0.0,0.0,0.0,1022.0,7.5,0.0
1.0,0.0,0.0,0.0,0.0,1.0,0.0,0.0,4.0,13.0,0.0,5.0,0.0,9.0,1.0,0.0,0.0,1.0,1.0,0.5940000000409782,99991.0,0.0,0.0,0.0,0.0,0.0,1.0,34.0,50505.0,11.5,1.0
0.0,0.0,1.0,1.0,0.0,1.0,0.0,0.0,3.0,4.0,3.0,1.0,1.0,1.0,3.0,1.0,1.0,0.0,1.0,1.2809999999590218,18556.0,0.0,0.0,0.0,0.0,0.0,1.0,17.0,1436.0,-4.0,0.0
0.0,0.0,1.0,1.0,0.0,1.0,0.0,0.0,3.0,8.0,0.0,3.0,2.0,1.0,1.0,5.0,4.0,0.0,1.0,1.0630000000819564,27711.0,1.0,0.0,0.0,0.0,0.0,0.0,28.0,13162.0,13.0,0.0
0.0,0.0,0.0,1.0,0.0,0.0,1.0,0.0,0.0,1.0,0.0,0.0,0.0,0.0,0.0,0.0,0.0,0.0,0.0,1.25,561.0,0.0,0.0,0.0,0.0,0.0,0.0,0.0,6.0,1.5,0.0
0.0,0.0,1.0,1.0,0.0,1.0,0.0,0.0,2.0,0.0,0.0,0.0,0.0,1.0,1.0,0.0,0.0,0.0,0.0,1.75,1481.0,0.0,0.0,0.0,0.0,0.0,0.0,0.0,52.0,-14.0,0.0
0.0,0.0,1.0,1.0,0.0,1.0,0.0,0.0,3.0,4.0,1.0,1.0,0.0,1.0,1.0,0.0,0.0,0.0,0.0,0.2969999999040738,27909.0,0.0,0.0,0.0,0.0,0.0,0.0,2.0,20383.0,-11.0,0.0
0.0,0.0,1.0,1.0,0.0,1.0,0.0,0.0,4.0,1.0,0.0,0.0,0.0,0.0,0.0,0.0,0.0,0.0,0.0,4.922000000020489,100000.0,0.0,0.0,0.0,0.0,0.0,0.0,0.0,0.0,-13.5,0.0
1.0,0.0,0.0,0.0,0.0,0.0,0.0,0.0,1.0,11.0,0.0,1.0,0.0,0.0,0.0,0.0,0.0,0.0,0.0,2.23499999998603,99998.0,1.0,0.0,0.0,0.0,0.0,0.0,0.0,0.0,17.5,0.0
0.0,0.0,0.0,1.0,0.0,1.0,0.0,0.0,1.0,3.0,0.0,1.0,0.0,0.0,0.0,0.0,0.0,0.0,0.0,0.0470000000204891,5650.0,0.0,0.0,0.0,0.0,0.0,0.0,0.0,3284.0,7.5,0.0
0.0,0.0,1.0,1.0,0.0,1.0,0.0,0.0,5.0,0.0,0.0,0.0,0.0,1.0,0.0,0.0,0.0,0.0,0.0,1.937999999965541,1193.0,0.0,0.0,0.0,0.0,0.0,0.0,1.0,354.0,-20.0,0.0
0.0,0.0,1.0,1.0,0.0,1.0,0.0,0.0,2.0,8.0,0.0,3.0,0.0,0.0,1.0,5.0,1.0,0.0,0.0,2.312000000034459,26480.0,0.0,0.0,0.0,0.0,0.0,0.0,59.0,7935.0,5.0,0.0
0.0,0.0,1.0,1.0,0.0,1.0,0.0,0.0,4.0,3.0,0.0,0.0,0.0,4.0,1.0,0.0,0.0,0.0,0.0,9.905999999959022,7936.0,0.0,0.0,0.0,0.0,0.0,0.0,1.0,899.0,-22.5,0.0
0.0,0.0,1.0,1.0,0.0,1.0,0.0,0.0,4.0,8.0,2.0,1.0,3.0,0.0,13.0,2.0,1.0,0.0,0.0,1.2660000000614673,56849.0,0.0,0.0,0.0,0.0,0.0,0.0,118.0,4707.0,7.0,0.0
0.0,0.0,0.0,1.0,0.0,1.0,0.0,0.0,1.0,2.0,0.0,0.0,0.0,0.0,0.0,0.0,0.0,0.0,0.0,4.015999999945052,8629.0,0.0,0.0,0.0,0.0,0.0,0.0,1.0,944.0,4.0,0.0
1.0,0.0,0.0,0.0,0.0,1.0,0.0,0.0,2.0,2.0,0.0,1.0,0.0,0.0,0.0,0.0,0.0,0.0,0.0,0.0470000000204891,65866.0,0.0,0.0,0.0,0.0,0.0,0.0,0.0,1084.0,9.0,1.0
0.0,0.0,0.0,1.0,0.0,0.0,1.0,0.0,0.0,1.0,0.0,0.0,0.0,0.0,0.0,0.0,0.0,0.0,0.0,1.0320000000065193,561.0,0.0,0.0,0.0,0.0,0.0,0.0,0.0,6.0,1.5,0.0
1.0,0.0,0.0,0.0,0.0,1.0,0.0,0.0,2.0,8.0,0.0,7.0,0.0,0.0,0.0,0.0,0.0,0.0,1.0,0.26599999994505197,29292.0,3.0,0.0,0.0,0.0,0.0,1.0,12.0,2252.0,39.0,1.0
1.0,0.0,0.0,0.0,0.0,1.0,0.0,0.0,0.0,4.0,0.0,1.0,1.0,0.0,3.0,3.0,3.0,0.0,0.0,1.577999999979511,10540.0,0.0,0.0,0.0,0.0,0.0,1.0,25.0,1535.0,22.0,0.0
0.0,0.0,1.0,1.0,0.0,1.0,0.0,0.0,4.0,5.0,2.0,1.0,0.0,0.0,0.0,0.0,0.0,0.0,0.0,1.172000000020489,99994.0,0.0,0.0,0.0,0.0,0.0,0.0,53.0,10514.0,-11.5,0.0
0.0,0.0,1.0,1.0,0.0,1.0,0.0,0.0,2.0,0.0,0.0,0.0,0.0,1.0,1.0,0.0,0.0,0.0,0.0,0.7029999999795109,1513.0,0.0,0.0,0.0,0.0,0.0,0.0,0.0,52.0,-14.0,0.0
1.0,0.0,0.0,0.0,0.0,1.0,0.0,1.0,1.0,3.0,0.0,1.0,8.0,1.0,6.0,10.0,3.0,1.0,1.0,0.6410000000614673,43524.0,0.0,0.0,0.0,0.0,0.0,1.0,48.0,2973.0,50.5,0.0
0.0,0.0,1.0,1.0,0.0,1.0,0.0,0.0,4.0,4.0,0.0,0.0,0.0,0.0,1.0,0.0,0.0,0.0,0.0,3.702999999979511,77271.0,1.0,0.0,0.0,0.0,0.0,0.0,1.0,11033.0,-9.0,0.0
0.0,0.0,1.0,1.0,0.0,1.0,0.0,0.0,5.0,18.0,1.0,0.0,0.0,0.0,0.0,1.0,1.0,0.0,0.0,1.1570000000065193,99920.0,0.0,0.0,0.0,0.0,0.0,0.0,1.0,67577.0,7.0,0.0
0.0,0.0,1.0,1.0,0.0,1.0,0.0,0.0,2.0,4.0,0.0,0.0,0.0,0.0,0.0,1.0,2.0,0.0,0.0,2.375,15611.0,0.0,0.0,0.0,0.0,0.0,0.0,62.0,4116.0,-5.0,0.0
0.0,0.0,0.0,1.0,0.0,1.0,0.0,0.0,0.0,0.0,0.0,0.0,0.0,0.0,0.0,0.0,0.0,0.0,0.0,0.0779999999795109,776.0,0.0,0.0,0.0,0.0,0.0,0.0,0.0,452.0,3.0,1.0
1.0,0.0,0.0,0.0,0.0,1.0,0.0,0.0,1.0,2.0,0.0,1.0,0.0,0.0,0.0,0.0,0.0,0.0,0.0,0.375,8278.0,1.0,0.0,0.0,0.0,0.0,0.0,1.0,2015.0,11.0,0.0
0.0,0.0,0.0,1.0,0.0,1.0,0.0,0.0,1.0,0.0,0.0,0.0,0.0,0.0,1.0,0.0,0.0,0.0,0.0,1.0310000000754371,4925.0,0.0,0.0,0.0,0.0,0.0,0.0,1.0,1742.0,1.0,0.0
1.0,0.0,0.0,0.0,0.0,1.0,0.0,0.0,1.0,3.0,0.0,1.0,0.0,0.0,0.0,0.0,0.0,0.0,0.0,0.5,7655.0,0.0,0.0,0.0,0.0,0.0,0.0,0.0,1027.0,12.5,0.0
0.0,0.0,1.0,1.0,0.0,1.0,0.0,0.0,5.0,18.0,1.0,0.0,0.0,0.0,0.0,1.0,1.0,0.0,0.0,0.7029999999795109,99920.0,0.0,0.0,0.0,0.0,0.0,0.0,1.0,67573.0,7.0,0.0
0.0,0.0,0.0,1.0,0.0,0.0,0.0,0.0,0.0,0.0,0.0,0.0,0.0,0.0,0.0,0.0,0.0,0.0,0.0,0.2660000000614673,0.0,0.0,0.0,0.0,0.0,0.0,0.0,0.0,0.0,0.0,0.0
0.0,0.0,1.0,1.0,0.0,1.0,0.0,0.0,3.0,4.0,0.0,0.0,0.0,1.0,3.0,1.0,1.0,0.0,0.0,0.5309999999590218,25817.0,0.0,0.0,0.0,0.0,0.0,0.0,19.0,8912.0,-10.0,0.0
0.0,0.0,1.0,1.0,0.0,1.0,0.0,0.0,3.0,12.0,0.0,1.0,0.0,0.0,0.0,0.0,0.0,0.0,0.0,2.297000000020489,73135.0,1.0,0.0,0.0,0.0,0.0,0.0,0.0,24489.0,7.0,0.0
0.0,0.0,1.0,1.0,0.0,1.0,0.0,0.0,1.0,0.0,0.0,0.0,0.0,0.0,0.0,0.0,0.0,0.0,0.0,1.327999999979511,3.0,0.0,0.0,0.0,0.0,0.0,0.0,0.0,3.0,-9.0,0.0
0.0,0.0,1.0,1.0,0.0,1.0,0.0,0.0,4.0,6.0,2.0,1.0,0.0,0.0,1.0,0.0,0.0,0.0,1.0,1.5309999999590218,96720.0,0.0,0.0,0.0,0.0,0.0,0.0,8.0,73774.0,-5.0,0.0
1.0,0.0,0.0,0.0,0.0,1.0,0.0,0.0,2.0,8.0,0.0,7.0,0.0,0.0,0.0,0.0,0.0,0.0,1.0,0.15600000007543713,29327.0,3.0,0.0,0.0,0.0,0.0,1.0,12.0,2252.0,39.0,0.0
1.0,0.0,0.0,0.0,0.0,1.0,0.0,0.0,1.0,2.0,0.0,1.0,0.0,0.0,0.0,0.0,0.0,0.0,0.0,0.3589999999385327,8278.0,1.0,0.0,0.0,0.0,0.0,0.0,1.0,2015.0,11.0,1.0
0.0,0.0,1.0,1.0,0.0,1.0,0.0,0.0,3.0,10.0,0.0,0.0,0.0,1.0,0.0,3.0,2.0,0.0,0.0,1.5,57126.0,0.0,0.0,0.0,0.0,0.0,0.0,31.0,3275.0,-3.0,1.0
0.0,0.0,0.0,0.0,1.0,1.0,0.0,0.0,0.0,0.0,0.0,0.0,0.0,0.0,0.0,0.0,0.0,0.0,0.0,1.172000000020489,1530.0,1.0,0.0,0.0,0.0,0.0,0.0,0.0,1.0,0.0,0.0
1.0,0.0,0.0,0.0,0.0,1.0,0.0,0.0,1.0,9.0,0.0,4.0,0.0,0.0,0.0,0.0,0.0,1.0,1.0,0.765999999945052,99692.0,0.0,0.0,0.0,0.0,1.0,1.0,13.0,86998.0,41.5,1.0
0.0,0.0,0.0,1.0,0.0,1.0,0.0,0.0,1.0,0.0,0.0,0.0,0.0,0.0,0.0,0.0,0.0,0.0,0.0,0.4220000000204891,919.0,0.0,0.0,0.0,0.0,0.0,0.0,0.0,520.0,1.0,1.0
0.0,0.0,1.0,1.0,0.0,1.0,0.0,0.0,1.0,0.0,0.0,0.0,0.0,0.0,1.0,0.0,0.0,0.0,0.0,0.28100000007543713,1824.0,0.0,0.0,0.0,0.0,0.0,0.0,4.0,152.0,-9.0,0.0
0.0,0.0,0.0,0.0,1.0,1.0,0.0,0.0,1.0,2.0,0.0,1.0,0.0,4.0,0.0,0.0,0.0,0.0,0.0,1.312000000034459,8706.0,0.0,0.0,0.0,0.0,0.0,0.0,8.0,3034.0,-9.0,0.0
1.0,0.0,0.0,0.0,0.0,1.0,0.0,0.0,0.0,0.0,0.0,0.0,0.0,0.0,0.0,0.0,0.0,0.0,0.0,0.6559999999590218,1987.0,0.0,0.0,0.0,0.0,0.0,0.0,0.0,46.0,8.0,0.0
0.0,0.0,1.0,1.0,0.0,1.0,0.0,0.0,4.0,10.0,0.0,0.0,1.0,0.0,1.0,0.0,0.0,0.0,0.0,3.202999999979511,54842.0,0.0,0.0,0.0,0.0,0.0,0.0,2.0,15679.0,4.0,0.0
0.0,0.0,0.0,1.0,0.0,1.0,0.0,0.0,0.0,0.0,0.0,0.0,0.0,0.0,1.0,0.0,0.0,0.0,0.0,0.46799999999348074,902.0,0.0,0.0,0.0,0.0,0.0,0.0,0.0,130.0,3.0,0.0
0.0,0.0,0.0,1.0,0.0,1.0,0.0,0.0,1.0,1.0,0.0,1.0,0.0,0.0,0.0,0.0,0.0,0.0,0.0,0.1720000000204891,5736.0,0.0,0.0,0.0,0.0,0.0,0.0,0.0,3370.0,4.5,0.0
1.0,0.0,0.0,0.0,0.0,0.0,0.0,0.0,1.0,0.0,0.0,0.0,0.0,0.0,0.0,0.0,0.0,0.0,0.0,0.9070000000065193,9146.0,1.0,0.0,0.0,0.0,0.0,0.0,0.0,8754.0,-1.0,0.0
1.0,0.0,0.0,0.0,0.0,1.0,0.0,0.0,2.0,5.0,0.0,0.0,0.0,0.0,7.0,2.0,1.0,0.0,0.0,1.1559999999590218,8870.0,0.0,0.0,0.0,0.0,0.0,0.0,50.0,1472.0,13.5,0.0
0.0,0.0,1.0,1.0,0.0,1.0,0.0,0.0,5.0,2.0,3.0,1.0,2.0,0.0,0.0,2.0,2.0,0.0,0.0,0.35999999998603016,13069.0,0.0,0.0,0.0,0.0,0.0,0.0,13.0,3057.0,-13.0,0.0
0.0,0.0,1.0,1.0,0.0,1.0,0.0,0.0,4.0,17.0,2.0,2.0,0.0,0.0,0.0,0.0,0.0,0.0,1.0,0.4529999999795109,99994.0,0.0,0.0,0.0,0.0,0.0,1.0,6.0,30756.0,17.5,0.0
1.0,0.0,0.0,0.0,0.0,0.0,1.0,0.0,2.0,5.0,0.0,0.0,0.0,0.0,9.0,3.0,3.0,0.0,0.0,1.6089999999385327,99976.0,3.0,0.0,0.0,0.0,0.0,0.0,44.0,11229.0,-0.5,0.0
0.0,0.0,1.0,1.0,0.0,1.0,0.0,0.0,3.0,3.0,0.0,0.0,0.0,0.0,1.0,0.0,0.0,0.0,0.0,0.43799999996554106,39486.0,0.0,0.0,0.0,0.0,0.0,0.0,69.0,13070.0,-8.5,0.0
0.0,0.0,1.0,1.0,0.0,1.0,0.0,0.0,5.0,4.0,3.0,2.0,0.0,0.0,4.0,1.0,1.0,0.0,1.0,0.5,6821.0,0.0,0.0,0.0,0.0,0.0,0.0,19.0,672.0,-11.0,0.0
0.0,0.0,1.0,1.0,0.0,1.0,0.0,0.0,5.0,6.0,2.0,1.0,0.0,4.0,4.0,1.0,0.0,0.0,1.0,0.21799999999348074,29020.0,0.0,0.0,0.0,0.0,0.0,0.0,28.0,11626.0,-19.0,0.0
0.0,0.0,1.0,1.0,0.0,1.0,0.0,0.0,5.0,5.0,0.0,0.0,0.0,25.0,2.0,1.0,1.0,0.0,0.0,1.0,26565.0,0.0,0.0,0.0,0.0,0.0,1.0,46.0,2028.0,-80.5,0.0
0.0,0.0,1.0,1.0,0.0,0.0,1.0,0.0,2.0,14.0,1.0,1.0,0.0,0.0,0.0,0.0,0.0,0.0,0.0,0.6720000000204891,49007.0,0.0,0.0,0.0,0.0,0.0,0.0,3.0,26307.0,6.0,0.0
0.0,0.0,1.0,1.0,0.0,1.0,0.0,0.0,0.0,5.0,0.0,0.0,0.0,0.0,0.0,0.0,0.0,0.0,0.0,1.734000000054948,5966.0,2.0,0.0,0.0,0.0,0.0,0.0,0.0,1336.0,0.5,0.0
1.0,0.0,0.0,0.0,0.0,1.0,0.0,0.0,0.0,1.0,0.0,1.0,0.0,0.0,0.0,0.0,0.0,0.0,0.0,2.515999999945052,2134.0,0.0,0.0,0.0,0.0,0.0,0.0,0.0,134.0,11.5,0.0
1.0,0.0,0.0,0.0,0.0,1.0,0.0,0.0,3.0,5.0,0.0,4.0,0.0,0.0,3.0,1.0,0.0,0.0,0.0,0.6099999999860302,69486.0,0.0,0.0,0.0,0.0,0.0,0.0,11.0,46225.0,17.5,0.0
1.0,0.0,0.0,0.0,0.0,1.0,0.0,0.0,2.0,7.0,0.0,2.0,0.0,0.0,2.0,0.0,0.0,0.0,1.0,0.9379999999655411,100000.0,0.0,0.0,0.0,0.0,0.0,1.0,34.0,4379.0,27.5,0.0
1.0,0.0,0.0,0.0,0.0,1.0,0.0,0.0,1.0,7.0,0.0,0.0,0.0,0.0,7.0,8.0,2.0,1.0,0.0,0.5619999999180436,28452.0,0.0,0.0,0.0,0.0,0.0,0.0,113.0,7096.0,16.5,1.0
1.0,0.0,0.0,0.0,0.0,1.0,0.0,0.0,1.0,5.0,0.0,1.0,2.0,0.0,4.0,5.0,3.0,0.0,0.0,1.5,92578.0,0.0,0.0,0.0,0.0,0.0,0.0,66.0,2348.0,21.5,0.0
0.0,0.0,1.0,1.0,0.0,0.0,0.0,0.0,2.0,3.0,0.0,1.0,0.0,0.0,14.0,28.0,1.0,0.0,0.0,2.48499999998603,62258.0,1.0,0.0,0.0,0.0,0.0,0.0,42.0,18917.0,-11.5,1.0
0.0,0.0,1.0,1.0,0.0,1.0,0.0,0.0,4.0,3.0,1.0,1.0,0.0,1.0,2.0,1.0,0.0,0.0,1.0,0.45400000002700835,52263.0,0.0,0.0,0.0,0.0,0.0,1.0,51.0,1093.0,-5.5,0.0
0.0,0.0,1.0,1.0,0.0,1.0,0.0,0.0,5.0,1.0,0.0,0.0,0.0,25.0,1.0,1.0,1.0,0.0,0.0,0.34299999999348074,26739.0,0.0,0.0,0.0,0.0,0.0,1.0,45.0,2573.0,-86.5,0.0
1.0,0.0,0.0,0.0,0.0,1.0,0.0,0.0,1.0,14.0,0.0,3.0,0.0,0.0,0.0,0.0,0.0,1.0,1.0,1.765999999945052,59931.0,1.0,0.0,0.0,0.0,1.0,0.0,0.0,1414.0,43.0,1.0
1.0,0.0,0.0,0.0,0.0,1.0,0.0,0.0,0.0,2.0,0.0,0.0,0.0,0.0,0.0,0.0,0.0,0.0,0.0,0.2970000000204891,99998.0,0.0,0.0,0.0,0.0,0.0,1.0,0.0,96061.0,15.0,0.0
1.0,0.0,0.0,0.0,0.0,1.0,0.0,0.0,0.0,0.0,0.0,0.0,0.0,0.0,0.0,0.0,0.0,0.0,0.0,0.26599999994505197,1403.0,0.0,0.0,0.0,0.0,0.0,0.0,0.0,105.0,8.0,0.0
0.0,0.0,1.0,1.0,0.0,1.0,0.0,0.0,6.0,5.0,0.0,2.0,0.0,1.0,3.0,0.0,0.0,0.0,0.0,0.9220000000204891,6717.0,0.0,0.0,0.0,0.0,0.0,0.0,2.0,654.0,-10.5,0.0
0.0,0.0,1.0,1.0,0.0,1.0,0.0,0.0,3.0,1.0,0.0,0.0,0.0,2.0,1.0,0.0,0.0,0.0,0.0,0.765999999945052,2958.0,0.0,0.0,0.0,0.0,0.0,0.0,3.0,1121.0,-17.5,0.0
0.0,0.0,1.0,1.0,0.0,1.0,0.0,0.0,1.0,0.0,1.0,0.0,0.0,0.0,1.0,0.0,0.0,0.0,0.0,2.125,12920.0,1.0,0.0,0.0,0.0,0.0,0.0,1.0,6825.0,-12.0,0.0
0.0,0.0,1.0,1.0,0.0,1.0,0.0,0.0,4.0,4.0,0.0,0.0,0.0,0.0,3.0,0.0,0.0,1.0,0.0,1.7190000000409782,83458.0,0.0,0.0,0.0,0.0,0.0,0.0,5.0,1474.0,-9.0,0.0
0.0,0.0,0.0,1.0,0.0,1.0,0.0,0.0,0.0,0.0,0.0,0.0,0.0,0.0,1.0,0.0,0.0,0.0,0.0,0.10900000005494803,902.0,0.0,0.0,0.0,0.0,0.0,0.0,0.0,130.0,3.0,0.0
0.0,0.0,1.0,1.0,0.0,1.0,0.0,0.0,6.0,5.0,0.0,2.0,0.0,1.0,3.0,0.0,0.0,0.0,0.0,1.202999999979511,6717.0,0.0,0.0,0.0,0.0,0.0,0.0,2.0,654.0,-10.5,0.0
0.0,0.0,1.0,1.0,0.0,0.0,1.0,0.0,1.0,3.0,0.0,0.0,1.0,18.0,6.0,2.0,1.0,0.0,0.0,0.9849999999860302,8497.0,0.0,0.0,0.0,0.0,0.0,0.0,7.0,2619.0,-55.5,0.0
0.0,0.0,0.0,1.0,0.0,1.0,0.0,0.0,1.0,0.0,0.0,0.0,0.0,0.0,0.0,0.0,0.0,0.0,0.0,0.28100000007543713,919.0,0.0,0.0,0.0,0.0,0.0,0.0,0.0,520.0,1.0,0.0
0.0,0.0,0.0,1.0,0.0,1.0,0.0,0.0,3.0,0.0,0.0,0.0,0.0,1.0,0.0,0.0,0.0,0.0,0.0,0.9060000000754371,4237.0,1.0,0.0,0.0,0.0,0.0,0.0,6.0,1302.0,-6.0,0.0
0.0,0.0,1.0,1.0,0.0,1.0,0.0,0.0,1.0,5.0,0.0,3.0,0.0,0.0,0.0,1.0,1.0,0.0,0.0,2.5,12691.0,0.0,0.0,0.0,0.0,0.0,0.0,10.0,3247.0,4.5,0.0
0.0,0.0,1.0,1.0,0.0,1.0,0.0,0.0,5.0,2.0,0.0,0.0,0.0,25.0,1.0,1.0,1.0,0.0,0.0,0.25,24682.0,0.0,0.0,0.0,0.0,0.0,1.0,48.0,2613.0,-85.0,0.0
0.0,0.0,1.0,1.0,0.0,1.0,0.0,0.0,3.0,10.0,0.0,4.0,4.0,6.0,26.0,13.0,3.0,0.0,1.0,0.640999999945052,68183.0,0.0,0.0,0.0,0.0,0.0,0.0,56.0,22288.0,13.0,0.0
1.0,0.0,0.0,0.0,0.0,0.0,0.0,0.0,1.0,6.0,0.0,1.0,1.0,1.0,3.0,30.0,5.0,0.0,0.0,0.625,19384.0,0.0,0.0,0.0,0.0,0.0,0.0,23.0,5790.0,13.0,0.0
0.0,0.0,0.0,1.0,0.0,1.0,0.0,0.0,0.0,0.0,0.0,0.0,0.0,0.0,1.0,0.0,0.0,0.0,0.0,0.09399999992456287,902.0,0.0,0.0,0.0,0.0,0.0,0.0,0.0,130.0,3.0,0.0
1.0,0.0,0.0,0.0,0.0,0.0,0.0,0.0,1.0,3.0,0.0,1.0,0.0,0.0,0.0,0.0,0.0,1.0,1.0,1.0,11154.0,1.0,0.0,0.0,0.0,0.0,0.0,0.0,134.0,10.5,1.0
0.0,0.0,0.0,1.0,0.0,1.0,0.0,0.0,2.0,2.0,0.0,1.0,0.0,5.0,0.0,0.0,0.0,0.0,0.0,0.03100000007543713,4907.0,0.0,0.0,0.0,0.0,0.0,0.0,1.0,1522.0,-11.0,0.0
0.0,0.0,1.0,1.0,0.0,1.0,0.0,0.0,2.0,0.0,0.0,0.0,0.0,1.0,1.0,0.0,0.0,0.0,0.0,0.625,1481.0,0.0,0.0,0.0,0.0,0.0,0.0,0.0,52.0,-14.0,0.0
0.0,0.0,1.0,1.0,0.0,1.0,0.0,0.0,4.0,3.0,1.0,2.0,1.0,0.0,2.0,0.0,0.0,0.0,1.0,0.7029999999795109,12043.0,0.0,0.0,0.0,0.0,0.0,1.0,15.0,1325.0,3.5,0.0
0.0,0.0,1.0,1.0,0.0,1.0,0.0,0.0,2.0,8.0,0.0,1.0,10.0,0.0,2.0,0.0,0.0,0.0,0.0,4.077999999979511,38393.0,0.0,0.0,0.0,0.0,0.0,0.0,54.0,2699.0,43.0,0.0
0.0,0.0,0.0,1.0,0.0,1.0,0.0,0.0,1.0,1.0,0.0,1.0,0.0,0.0,0.0,0.0,0.0,0.0,0.0,0.0470000000204891,5789.0,0.0,0.0,0.0,0.0,0.0,0.0,0.0,3423.0,4.5,0.0
0.0,0.0,0.0,1.0,0.0,1.0,0.0,0.0,1.0,1.0,0.0,1.0,0.0,0.0,0.0,0.0,0.0,0.0,0.0,0.0779999999795109,5796.0,0.0,0.0,0.0,0.0,0.0,0.0,0.0,3430.0,4.5,0.0
0.0,0.0,0.0,1.0,0.0,1.0,0.0,0.0,0.0,0.0,0.0,0.0,0.0,0.0,0.0,0.0,0.0,0.0,0.0,0.0470000000204891,1714.0,0.0,0.0,0.0,0.0,0.0,0.0,0.0,1365.0,3.0,0.0
0.0,0.0,1.0,1.0,0.0,1.0,0.0,0.0,1.0,0.0,0.0,0.0,0.0,4.0,0.0,0.0,0.0,0.0,0.0,0.9220000000204891,3070.0,0.0,0.0,0.0,0.0,0.0,0.0,1.0,128.0,-21.0,0.0
1.0,0.0,0.0,0.0,0.0,0.0,0.0,0.0,2.0,2.0,0.0,1.0,2.0,0.0,2.0,0.0,0.0,0.0,0.0,1.265999999945052,14939.0,1.0,0.0,0.0,0.0,0.0,0.0,67.0,1519.0,10.0,0.0
1.0,0.0,0.0,0.0,0.0,1.0,0.0,0.0,0.0,4.0,0.0,2.0,0.0,0.0,0.0,0.0,0.0,0.0,0.0,1.077999999979511,5989.0,0.0,0.0,0.0,1.0,0.0,0.0,2.0,268.0,24.0,0.0
1.0,0.0,0.0,0.0,0.0,0.0,0.0,1.0,0.0,0.0,0.0,0.0,0.0,0.0,0.0,0.0,0.0,0.0,0.0,3.577999999979511,1296.0,2.0,0.0,0.0,0.0,0.0,0.0,0.0,464.0,1.0,1.0
1.0,0.0,0.0,0.0,0.0,0.0,0.0,0.0,3.0,8.0,0.0,0.0,0.0,5.0,0.0,0.0,0.0,0.0,0.0,4.547000000020489,100000.0,1.0,0.0,0.0,0.0,0.0,0.0,0.0,87116.0,-8.0,0.0
0.0,0.0,1.0,1.0,0.0,1.0,0.0,0.0,3.0,0.0,0.0,0.0,0.0,1.0,1.0,0.0,0.0,0.0,0.0,1.0150000000139698,3586.0,0.0,0.0,0.0,0.0,0.0,0.0,2.0,678.0,-16.0,0.0
0.0,0.0,1.0,1.0,0.0,1.0,0.0,0.0,8.0,11.0,0.0,0.0,1.0,2.0,1.0,1.0,1.0,0.0,0.0,1.1410000000614673,99962.0,0.0,0.0,0.0,0.0,0.0,0.0,61.0,3017.0,-8.5,0.0
0.0,0.0,0.0,0.0,0.0,1.0,0.0,0.0,0.0,1.0,0.0,0.0,0.0,0.0,0.0,0.0,0.0,0.0,0.0,0.2970000000204891,2664.0,0.0,0.0,0.0,0.0,0.0,0.0,0.0,67.0,4.5,0.0
0.0,0.0,1.0,1.0,0.0,1.0,0.0,0.0,4.0,0.0,0.0,0.0,0.0,0.0,1.0,0.0,0.0,0.0,0.0,1.047000000020489,12750.0,0.0,0.0,0.0,0.0,0.0,0.0,2.0,338.0,-15.0,0.0
0.0,0.0,0.0,1.0,0.0,1.0,0.0,0.0,2.0,2.0,0.0,1.0,0.0,5.0,0.0,0.0,0.0,0.0,0.0,0.015999999945051968,4547.0,0.0,0.0,0.0,0.0,0.0,0.0,1.0,1522.0,-11.0,1.0
1.0,0.0,0.0,0.0,0.0,1.0,0.0,0.0,0.0,2.0,0.0,0.0,0.0,0.0,0.0,0.0,0.0,0.0,0.0,0.25,99998.0,0.0,0.0,0.0,0.0,0.0,1.0,0.0,96061.0,15.0,0.0
0.0,0.0,1.0,1.0,0.0,1.0,0.0,0.0,3.0,7.0,0.0,0.0,0.0,1.0,0.0,0.0,0.0,0.0,0.0,0.7809999999590218,100000.0,0.0,0.0,0.0,0.0,0.0,0.0,0.0,3.0,-5.5,0.0
0.0,0.0,1.0,1.0,0.0,1.0,0.0,0.0,3.0,8.0,0.0,3.0,2.0,1.0,1.0,5.0,4.0,1.0,1.0,0.9369999999180436,27702.0,1.0,0.0,0.0,0.0,0.0,0.0,28.0,13162.0,13.0,1.0
1.0,0.0,0.0,0.0,0.0,1.0,0.0,0.0,3.0,8.0,0.0,0.0,1.0,0.0,43.0,15.0,3.0,0.0,0.0,1.2660000000614673,94855.0,0.0,0.0,0.0,0.0,0.0,0.0,283.0,39190.0,18.0,0.0
1.0,0.0,0.0,0.0,0.0,1.0,0.0,0.0,0.0,15.0,0.0,3.0,53.0,0.0,76.0,1.0,1.0,1.0,1.0,0.375,99964.0,0.0,0.0,0.0,0.0,1.0,1.0,9.0,11759.0,264.5,1.0
0.0,0.0,0.0,1.0,0.0,1.0,0.0,0.0,1.0,0.0,0.0,0.0,0.0,0.0,0.0,0.0,0.0,0.0,0.0,0.015999999945051968,919.0,0.0,0.0,0.0,0.0,0.0,0.0,0.0,520.0,1.0,0.0
1.0,0.0,0.0,0.0,0.0,1.0,0.0,0.0,2.0,11.0,0.0,0.0,3.0,0.0,17.0,1.0,0.0,0.0,0.0,0.48400000005494803,12102.0,0.0,0.0,0.0,0.0,0.0,0.0,12.0,1861.0,34.5,0.0
1.0,0.0,0.0,0.0,0.0,1.0,0.0,0.0,1.0,3.0,0.0,0.0,0.0,0.0,0.0,0.0,0.0,0.0,0.0,1.0,100000.0,1.0,0.0,0.0,0.0,0.0,0.0,0.0,0.0,10.5,0.0
0.0,0.0,1.0,1.0,0.0,1.0,0.0,0.0,3.0,4.0,3.0,1.0,1.0,1.0,3.0,1.0,1.0,0.0,1.0,0.5160000000614673,18100.0,0.0,0.0,0.0,0.0,0.0,1.0,17.0,1416.0,-4.0,0.0
0.0,0.0,1.0,1.0,0.0,1.0,0.0,0.0,2.0,8.0,0.0,1.0,10.0,0.0,2.0,0.0,0.0,0.0,0.0,7.280999999959022,38393.0,0.0,0.0,0.0,0.0,0.0,0.0,54.0,2699.0,43.0,0.0
0.0,0.0,1.0,1.0,0.0,1.0,0.0,0.0,4.0,13.0,0.0,3.0,0.0,9.0,0.0,0.0,0.0,0.0,0.0,0.5309999999590218,64795.0,0.0,0.0,0.0,0.0,0.0,0.0,9.0,52517.0,-16.5,0.0
0.0,0.0,0.0,1.0,0.0,1.0,0.0,0.0,1.0,2.0,0.0,1.0,0.0,0.0,0.0,0.0,0.0,0.0,0.0,0.09399999992456287,5636.0,0.0,0.0,0.0,0.0,0.0,0.0,0.0,3270.0,6.0,0.0
1.0,0.0,0.0,0.0,0.0,1.0,0.0,1.0,0.0,3.0,0.0,1.0,7.0,0.0,62.0,9.0,3.0,0.0,0.0,2.640999999945052,100000.0,0.0,0.0,0.0,0.0,0.0,1.0,207.0,9452.0,46.5,1.0
0.0,0.0,1.0,1.0,0.0,1.0,0.0,0.0,2.0,5.0,1.0,1.0,2.0,0.0,0.0,0.0,0.0,0.0,0.0,1.25,100000.0,0.0,0.0,0.0,0.0,0.0,0.0,9.0,51853.0,3.5,0.0
0.0,0.0,0.0,1.0,0.0,1.0,0.0,0.0,1.0,1.0,0.0,1.0,0.0,0.0,0.0,0.0,0.0,0.0,0.0,0.10900000005494803,5777.0,0.0,0.0,0.0,0.0,0.0,0.0,0.0,3411.0,4.5,0.0
1.0,0.0,0.0,0.0,0.0,1.0,0.0,0.0,3.0,11.0,0.0,4.0,2.0,0.0,18.0,1.0,1.0,1.0,1.0,1.375,99979.0,0.0,0.0,0.0,0.0,1.0,1.0,42.0,6549.0,50.5,1.0
1.0,0.0,0.0,0.0,0.0,1.0,0.0,0.0,0.0,12.0,0.0,2.0,0.0,0.0,0.0,0.0,0.0,1.0,1.0,0.625,99994.0,0.0,0.0,0.0,0.0,0.0,1.0,0.0,82449.0,39.0,1.0
1.0,0.0,0.0,0.0,0.0,1.0,0.0,0.0,1.0,11.0,0.0,3.0,22.0,0.0,18.0,1.0,1.0,1.0,1.0,1.312000000034459,99996.0,0.0,0.0,0.0,0.0,0.0,1.0,81.0,19957.0,127.5,1.0
0.0,0.0,1.0,1.0,0.0,1.0,0.0,0.0,0.0,9.0,0.0,3.0,4.0,0.0,20.0,0.0,0.0,1.0,1.0,1.4839999999385327,33691.0,0.0,0.0,0.0,1.0,0.0,1.0,43.0,10811.0,45.5,0.0
0.0,0.0,1.0,1.0,0.0,1.0,0.0,0.0,4.0,3.0,0.0,0.0,0.0,4.0,1.0,0.0,0.0,0.0,0.0,2.9679999999934807,7936.0,0.0,0.0,0.0,0.0,0.0,0.0,1.0,899.0,-22.5,0.0
0.0,0.0,0.0,1.0,0.0,1.0,0.0,0.0,1.0,1.0,0.0,1.0,0.0,0.0,0.0,0.0,0.0,0.0,0.0,0.09299999999348074,5785.0,0.0,0.0,0.0,0.0,0.0,0.0,0.0,3419.0,4.5,0.0
1.0,0.0,0.0,0.0,0.0,1.0,0.0,0.0,3.0,5.0,0.0,4.0,0.0,0.0,3.0,1.0,0.0,0.0,0.0,0.5320000000065193,69435.0,0.0,0.0,0.0,0.0,0.0,0.0,11.0,46191.0,17.5,0.0
0.0,0.0,0.0,1.0,0.0,0.0,1.0,0.0,1.0,1.0,0.0,1.0,0.0,0.0,0.0,0.0,0.0,0.0,0.0,0.25,5714.0,0.0,0.0,0.0,0.0,0.0,0.0,0.0,3348.0,1.5,0.0
0.0,0.0,1.0,1.0,0.0,1.0,0.0,0.0,4.0,4.0,0.0,0.0,0.0,0.0,1.0,0.0,0.0,0.0,0.0,2.26500000001397,77271.0,1.0,0.0,0.0,0.0,0.0,0.0,1.0,11033.0,-9.0,0.0
1.0,0.0,0.0,0.0,0.0,0.0,1.0,0.0,0.0,6.0,0.0,0.0,1.0,0.0,19.0,0.0,0.0,0.0,0.0,0.1720000000204891,42200.0,1.0,0.0,0.0,0.0,0.0,0.0,90.0,18802.0,11.0,0.0
0.0,0.0,1.0,1.0,0.0,1.0,0.0,0.0,0.0,0.0,0.0,0.0,0.0,0.0,0.0,0.0,0.0,0.0,0.0,4.640999999945052,1104.0,0.0,0.0,0.0,0.0,0.0,0.0,0.0,82.0,-7.0,0.0
1.0,0.0,0.0,0.0,0.0,1.0,0.0,0.0,1.0,12.0,0.0,3.0,57.0,0.0,18.0,0.0,0.0,1.0,1.0,2.281000000075437,88704.0,0.0,0.0,0.0,0.0,0.0,1.0,130.0,21438.0,269.0,1.0
0.0,0.0,1.0,1.0,0.0,1.0,0.0,0.0,4.0,8.0,0.0,0.0,0.0,0.0,0.0,0.0,0.0,0.0,0.0,1.0150000000139698,100000.0,0.0,0.0,0.0,0.0,0.0,0.0,0.0,0.0,-3.0,0.0
0.0,0.0,1.0,1.0,0.0,1.0,0.0,0.0,4.0,2.0,4.0,0.0,7.0,1.0,4.0,2.0,1.0,0.0,0.0,1.3429999999934807,15429.0,0.0,0.0,0.0,0.0,0.0,0.0,33.0,4169.0,1.0,0.0
0.0,0.0,1.0,1.0,0.0,1.0,0.0,0.0,5.0,1.0,0.0,1.0,0.0,0.0,0.0,0.0,0.0,0.0,0.0,0.8439999999245629,5201.0,0.0,0.0,0.0,0.0,0.0,0.0,0.0,245.0,-13.5,0.0
0.0,0.0,1.0,1.0,0.0,1.0,0.0,0.0,5.0,6.0,2.0,1.0,0.0,4.0,4.0,1.0,0.0,0.0,1.0,0.0470000000204891,29024.0,0.0,0.0,0.0,0.0,0.0,0.0,28.0,11626.0,-19.0,0.0
1.0,0.0,0.0,0.0,0.0,1.0,0.0,0.0,1.0,15.0,0.0,5.0,1.0,0.0,1.0,1.0,1.0,1.0,1.0,1.0940000000409782,99953.0,0.0,0.0,0.0,1.0,1.0,1.0,41.0,10973.0,62.5,1.0
0.0,0.0,1.0,1.0,0.0,1.0,0.0,0.0,3.0,8.0,2.0,1.0,3.0,0.0,13.0,2.0,1.0,0.0,0.0,0.2809999999590218,55950.0,0.0,0.0,0.0,0.0,0.0,0.0,116.0,5131.0,9.0,0.0
0.0,0.0,1.0,1.0,0.0,0.0,1.0,0.0,4.0,0.0,0.0,0.0,0.0,0.0,1.0,0.0,0.0,0.0,0.0,0.5,2707.0,0.0,0.0,0.0,0.0,0.0,0.0,11.0,336.0,-18.0,0.0
1.0,0.0,0.0,0.0,0.0,1.0,0.0,0.0,2.0,4.0,0.0,2.0,0.0,0.0,1.0,1.0,0.0,0.0,1.0,0.875,99945.0,1.0,0.0,0.0,0.0,0.0,0.0,5.0,59678.0,19.0,0.0
0.0,0.0,1.0,1.0,0.0,1.0,0.0,0.0,3.0,8.0,0.0,3.0,2.0,1.0,1.0,5.0,4.0,0.0,1.0,1.390999999945052,27709.0,1.0,0.0,0.0,0.0,0.0,0.0,28.0,13162.0,13.0,0.0
0.0,0.0,1.0,1.0,0.0,1.0,0.0,0.0,2.0,6.0,0.0,3.0,0.0,0.0,1.0,0.0,0.0,0.0,0.0,1.437999999965541,100000.0,0.0,0.0,0.0,0.0,0.0,0.0,0.0,97279.0,4.0,0.0
0.0,0.0,1.0,1.0,0.0,1.0,0.0,0.0,0.0,4.0,0.0,2.0,0.0,0.0,0.0,4.0,1.0,0.0,0.0,0.5929999999934807,12819.0,0.0,0.0,0.0,0.0,0.0,0.0,42.0,719.0,1.0,0.0
0.0,0.0,0.0,0.0,1.0,1.0,0.0,0.0,0.0,0.0,0.0,0.0,0.0,0.0,8.0,0.0,0.0,0.0,0.0,0.375,3243.0,0.0,0.0,0.0,0.0,0.0,0.0,6.0,1375.0,2.0,0.0
1.0,0.0,0.0,0.0,0.0,0.0,1.0,0.0,0.0,8.0,0.0,1.0,6.0,0.0,35.0,0.0,0.0,0.0,0.0,1.4060000000754371,31642.0,1.0,0.0,0.0,0.0,0.0,0.0,77.0,7336.0,36.0,0.0
0.0,0.0,1.0,1.0,0.0,1.0,0.0,0.0,12.0,15.0,1.0,2.0,0.0,0.0,1.0,1.0,0.0,0.0,0.0,0.7349999999860302,56728.0,1.0,0.0,0.0,0.0,0.0,0.0,13.0,14147.0,-7.5,0.0
0.0,0.0,0.0,0.0,0.0,1.0,0.0,0.0,0.0,1.0,0.0,0.0,0.0,0.0,0.0,0.0,0.0,0.0,0.0,0.14099999994505197,2671.0,0.0,0.0,0.0,0.0,0.0,0.0,0.0,67.0,4.5,0.0
0.0,0.0,1.0,1.0,0.0,1.0,0.0,0.0,3.0,7.0,0.0,0.0,0.0,1.0,0.0,0.0,0.0,0.0,0.0,1.640999999945052,100000.0,1.0,0.0,0.0,0.0,0.0,0.0,0.0,3.0,-5.5,0.0
0.0,0.0,1.0,1.0,0.0,1.0,0.0,0.0,5.0,18.0,1.0,0.0,0.0,0.0,0.0,1.0,1.0,0.0,0.0,5.577999999979511,99920.0,0.0,0.0,0.0,0.0,0.0,0.0,1.0,67578.0,7.0,0.0
0.0,0.0,1.0,1.0,0.0,1.0,0.0,0.0,5.0,1.0,0.0,1.0,0.0,4.0,1.0,0.0,0.0,0.0,0.0,1.5309999999590218,8666.0,2.0,0.0,0.0,0.0,0.0,0.0,2.0,2453.0,-25.5,0.0
0.0,0.0,1.0,1.0,0.0,1.0,0.0,0.0,2.0,8.0,0.0,1.0,10.0,0.0,2.0,0.0,0.0,0.0,0.0,2.577999999979511,38393.0,1.0,0.0,0.0,0.0,0.0,0.0,54.0,2699.0,43.0,0.0
0.0,0.0,1.0,1.0,0.0,1.0,0.0,0.0,3.0,2.0,0.0,0.0,0.0,0.0,2.0,0.0,0.0,0.0,0.0,0.35999999998603016,9379.0,0.0,0.0,0.0,0.0,0.0,0.0,5.0,596.0,-10.0,1.0
0.0,0.0,1.0,1.0,0.0,1.0,0.0,0.0,4.0,0.0,0.0,0.0,0.0,0.0,1.0,0.0,0.0,0.0,0.0,1.125,12750.0,0.0,0.0,0.0,0.0,0.0,0.0,2.0,338.0,-15.0,0.0
0.0,0.0,1.0,1.0,0.0,1.0,0.0,0.0,6.0,14.0,0.0,3.0,5.0,11.0,2.0,68.0,10.0,0.0,0.0,0.6559999999590218,87315.0,0.0,0.0,0.0,0.0,0.0,0.0,31.0,48321.0,-7.0,0.0
1.0,0.0,0.0,0.0,0.0,0.0,1.0,0.0,1.0,6.0,0.0,0.0,0.0,0.0,47.0,8.0,1.0,0.0,0.0,0.640999999945052,67848.0,1.0,0.0,0.0,0.0,1.0,0.0,76.0,20392.0,8.0,0.0
0.0,0.0,0.0,1.0,0.0,1.0,0.0,0.0,2.0,8.0,0.0,1.0,1.0,0.0,0.0,1.0,0.0,0.0,0.0,0.40700000000651926,29250.0,0.0,0.0,0.0,0.0,1.0,0.0,2.0,11321.0,22.0,0.0
1.0,0.0,0.0,0.0,0.0,0.0,0.0,0.0,1.0,0.0,0.0,0.0,0.0,0.0,0.0,0.0,0.0,0.0,0.0,0.3279999999795109,9128.0,1.0,0.0,0.0,0.0,0.0,0.0,0.0,8736.0,-1.0,0.0
0.0,0.0,1.0,1.0,0.0,1.0,0.0,0.0,3.0,12.0,0.0,1.0,0.0,0.0,0.0,0.0,0.0,0.0,0.0,1.202999999979511,73134.0,1.0,0.0,0.0,0.0,0.0,0.0,0.0,24488.0,7.0,0.0
0.0,0.0,1.0,1.0,0.0,0.0,0.0,0.0,2.0,2.0,0.0,1.0,0.0,0.0,14.0,28.0,1.0,0.0,0.0,1.5630000000819564,63718.0,1.0,0.0,0.0,0.0,0.0,0.0,42.0,20310.0,-13.0,0.0
1.0,0.0,0.0,0.0,0.0,1.0,0.0,0.0,0.0,12.0,0.0,4.0,9.0,0.0,13.0,2.0,2.0,1.0,1.0,3.969000000040978,98385.0,0.0,0.0,0.0,0.0,0.0,1.0,283.0,27379.0,81.0,1.0
0.0,0.0,0.0,1.0,0.0,1.0,0.0,0.0,2.0,8.0,0.0,1.0,1.0,0.0,0.0,1.0,0.0,0.0,0.0,7.35999999998603,29250.0,0.0,0.0,0.0,0.0,1.0,0.0,2.0,11321.0,22.0,0.0
1.0,0.0,0.0,0.0,0.0,0.0,1.0,0.0,0.0,8.0,0.0,1.0,6.0,0.0,35.0,0.0,0.0,0.0,0.0,0.609000000054948,31642.0,1.0,0.0,0.0,0.0,0.0,0.0,77.0,7336.0,36.0,0.0
0.0,0.0,1.0,1.0,0.0,1.0,0.0,0.0,4.0,13.0,0.0,3.0,0.0,9.0,0.0,0.0,0.0,0.0,0.0,0.5470000000204891,64795.0,0.0,0.0,0.0,0.0,0.0,0.0,9.0,52517.0,-16.5,0.0
1.0,0.0,0.0,0.0,0.0,1.0,0.0,0.0,2.0,4.0,0.0,1.0,0.0,0.0,0.0,1.0,1.0,1.0,1.0,2.1570000000065193,99989.0,1.0,0.0,0.0,0.0,0.0,1.0,83.0,1691.0,21.0,1.0
0.0,0.0,1.0,1.0,0.0,0.0,1.0,0.0,10.0,4.0,0.0,2.0,0.0,1.0,0.0,0.0,0.0,0.0,0.0,0.6089999999385327,23673.0,0.0,0.0,0.0,0.0,0.0,0.0,3.0,12291.0,-23.0,0.0
0.0,0.0,0.0,1.0,0.0,0.0,0.0,0.0,0.0,0.0,0.0,0.0,0.0,0.0,0.0,0.0,0.0,0.0,0.0,0.28200000000651926,0.0,0.0,0.0,0.0,0.0,0.0,0.0,0.0,0.0,0.0,0.0
0.0,0.0,0.0,0.0,1.0,1.0,0.0,0.0,0.0,1.0,0.0,1.0,0.0,1.0,1.0,0.0,0.0,0.0,0.0,0.875,1495.0,0.0,0.0,0.0,0.0,0.0,0.0,1.0,159.0,0.5,0.0
0.0,0.0,0.0,1.0,0.0,1.0,0.0,0.0,1.0,2.0,0.0,1.0,0.0,0.0,0.0,0.0,0.0,0.0,0.0,0.29599999997299165,5715.0,0.0,0.0,0.0,0.0,0.0,0.0,0.0,3349.0,6.0,1.0
0.0,0.0,1.0,1.0,0.0,1.0,0.0,0.0,3.0,7.0,0.0,0.0,0.0,1.0,0.0,0.0,0.0,0.0,0.0,1.8599999999860302,100000.0,1.0,0.0,0.0,0.0,0.0,0.0,0.0,3.0,-5.5,0.0
1.0,0.0,0.0,0.0,0.0,1.0,0.0,0.0,0.0,0.0,0.0,0.0,0.0,0.0,0.0,0.0,0.0,1.0,1.0,1.047000000020489,2447.0,0.0,0.0,0.0,0.0,0.0,0.0,0.0,7.0,13.0,1.0
0.0,0.0,1.0,1.0,0.0,1.0,0.0,0.0,3.0,3.0,3.0,1.0,0.0,0.0,2.0,0.0,0.0,0.0,0.0,1.25,98985.0,1.0,0.0,0.0,0.0,0.0,0.0,38.0,80811.0,-15.5,0.0
0.0,0.0,1.0,1.0,0.0,1.0,0.0,0.0,4.0,6.0,2.0,1.0,0.0,0.0,1.0,0.0,0.0,0.0,1.0,1.25,96720.0,0.0,0.0,0.0,0.0,0.0,0.0,8.0,73776.0,-5.0,0.0
0.0,0.0,1.0,1.0,0.0,1.0,0.0,0.0,2.0,2.0,0.0,1.0,0.0,24.0,1.0,1.0,1.0,0.0,0.0,1.0,12480.0,0.0,0.0,0.0,0.0,0.0,0.0,48.0,2244.0,-78.0,0.0
0.0,0.0,0.0,1.0,0.0,1.0,0.0,0.0,1.0,1.0,0.0,1.0,0.0,0.0,0.0,0.0,0.0,0.0,0.0,0.2190000000409782,5758.0,0.0,0.0,0.0,0.0,0.0,0.0,0.0,3392.0,4.5,0.0
0.0,0.0,1.0,1.0,0.0,1.0,0.0,0.0,12.0,15.0,1.0,2.0,0.0,0.0,1.0,1.0,0.0,0.0,0.0,4.25,56728.0,1.0,0.0,0.0,0.0,0.0,0.0,13.0,14147.0,-7.5,0.0
0.0,0.0,1.0,1.0,0.0,0.0,1.0,0.0,10.0,4.0,0.0,2.0,0.0,1.0,0.0,0.0,0.0,0.0,0.0,0.6400000000139698,23673.0,0.0,0.0,0.0,0.0,0.0,0.0,3.0,12291.0,-23.0,0.0
0.0,0.0,0.0,1.0,0.0,1.0,0.0,0.0,0.0,0.0,0.0,0.0,0.0,0.0,0.0,0.0,0.0,0.0,0.0,0.6720000000204891,0.0,1.0,0.0,0.0,0.0,0.0,0.0,0.0,0.0,3.0,0.0
0.0,0.0,1.0,1.0,0.0,1.0,0.0,0.0,6.0,13.0,0.0,0.0,0.0,25.0,6.0,1.0,1.0,0.0,0.0,4.312999999965541,48926.0,0.0,0.0,0.0,0.0,0.0,1.0,46.0,2749.0,-68.5,0.0
0.0,0.0,1.0,1.0,0.0,1.0,0.0,0.0,1.0,4.0,0.0,0.0,0.0,1.0,2.0,2.0,0.0,0.0,0.0,2.202999999979511,7494.0,0.0,0.0,0.0,0.0,0.0,0.0,11.0,3452.0,-6.0,0.0
0.0,0.0,0.0,1.0,0.0,0.0,0.0,0.0,0.0,0.0,0.0,0.0,0.0,0.0,0.0,0.0,0.0,0.0,0.0,0.2809999999590218,0.0,0.0,0.0,0.0,0.0,0.0,0.0,0.0,0.0,0.0,1.0
1.0,0.0,0.0,0.0,0.0,1.0,0.0,0.0,0.0,0.0,0.0,0.0,0.0,0.0,0.0,0.0,0.0,0.0,0.0,0.28100000007543713,1403.0,0.0,0.0,0.0,0.0,0.0,0.0,0.0,105.0,8.0,1.0
0.0,0.0,1.0,1.0,0.0,1.0,0.0,0.0,2.0,0.0,0.0,0.0,0.0,1.0,1.0,0.0,0.0,0.0,0.0,0.2970000000204891,1481.0,0.0,0.0,0.0,0.0,0.0,0.0,0.0,52.0,-14.0,0.0
0.0,0.0,1.0,1.0,0.0,1.0,0.0,0.0,2.0,6.0,0.0,2.0,8.0,0.0,5.0,9.0,2.0,1.0,1.0,1.0150000000139698,39066.0,1.0,0.0,0.0,0.0,0.0,1.0,60.0,3425.0,41.0,1.0
0.0,0.0,0.0,1.0,0.0,1.0,0.0,0.0,1.0,3.0,0.0,1.0,0.0,0.0,0.0,0.0,0.0,0.0,0.0,0.31299999996554106,5792.0,0.0,0.0,0.0,0.0,0.0,0.0,0.0,3426.0,7.5,0.0
0.0,0.0,1.0,1.0,0.0,1.0,0.0,0.0,4.0,4.0,0.0,0.0,0.0,0.0,1.0,0.0,0.0,0.0,0.0,1.7190000000409782,77271.0,1.0,0.0,0.0,0.0,0.0,0.0,1.0,11033.0,-9.0,0.0
1.0,0.0,0.0,0.0,0.0,0.0,0.0,0.0,0.0,0.0,0.0,0.0,0.0,0.0,1.0,0.0,0.0,0.0,0.0,0.640999999945052,649.0,1.0,0.0,0.0,0.0,0.0,0.0,0.0,0.0,1.0,0.0
0.0,0.0,0.0,1.0,0.0,0.0,0.0,0.0,1.0,4.0,0.0,1.0,0.0,0.0,0.0,0.0,0.0,0.0,0.0,0.10899999993853271,5824.0,0.0,0.0,0.0,0.0,0.0,0.0,0.0,3458.0,6.0,0.0
0.0,0.0,1.0,1.0,0.0,1.0,0.0,0.0,5.0,5.0,0.0,0.0,0.0,25.0,1.0,1.0,1.0,0.0,0.0,0.9060000000754371,52440.0,0.0,0.0,0.0,0.0,0.0,0.0,46.0,2895.0,-84.5,0.0
0.0,0.0,1.0,1.0,0.0,1.0,0.0,0.0,1.0,0.0,0.0,0.0,0.0,0.0,1.0,0.0,0.0,0.0,0.0,0.35999999998603016,1824.0,0.0,0.0,0.0,0.0,0.0,0.0,4.0,152.0,-9.0,0.0
0.0,0.0,1.0,1.0,0.0,1.0,0.0,0.0,3.0,4.0,0.0,0.0,0.0,1.0,3.0,1.0,1.0,0.0,0.0,0.4530000000959262,25817.0,0.0,0.0,0.0,0.0,0.0,0.0,19.0,8912.0,-10.0,0.0
0.0,0.0,1.0,1.0,0.0,1.0,0.0,0.0,4.0,10.0,0.0,0.0,1.0,0.0,1.0,0.0,0.0,0.0,0.0,0.625,54791.0,0.0,0.0,0.0,0.0,0.0,0.0,2.0,15683.0,4.0,0.0
0.0,0.0,1.0,1.0,0.0,1.0,0.0,0.0,0.0,9.0,0.0,3.0,4.0,0.0,23.0,0.0,0.0,1.0,1.0,0.3440000000409782,34592.0,0.0,0.0,0.0,1.0,0.0,1.0,43.0,11109.0,45.5,0.0
0.0,0.0,1.0,1.0,0.0,1.0,0.0,0.0,4.0,1.0,0.0,0.0,0.0,0.0,0.0,0.0,0.0,0.0,0.0,0.3910000000614673,2119.0,0.0,0.0,0.0,0.0,0.0,0.0,2.0,1356.0,-13.5,0.0
0.0,0.0,0.0,1.0,0.0,1.0,0.0,0.0,1.0,0.0,0.0,0.0,0.0,0.0,0.0,0.0,0.0,0.0,0.0,1.2349999999860302,1853.0,0.0,0.0,0.0,0.0,0.0,0.0,0.0,962.0,1.0,0.0
0.0,0.0,1.0,1.0,0.0,1.0,0.0,0.0,2.0,5.0,2.0,0.0,0.0,0.0,3.0,2.0,2.0,0.0,0.0,2.0630000000819564,51144.0,0.0,0.0,0.0,0.0,0.0,0.0,11.0,1849.0,-9.5,0.0
1.0,0.0,0.0,0.0,0.0,0.0,1.0,0.0,0.0,1.0,0.0,0.0,0.0,0.0,0.0,0.0,0.0,0.0,0.0,2.187000000034459,1116.0,0.0,0.0,0.0,0.0,0.0,0.0,0.0,46.0,1.5,1.0
0.0,0.0,1.0,1.0,0.0,1.0,0.0,0.0,3.0,7.0,0.0,1.0,0.0,0.0,1.0,2.0,1.0,0.0,0.0,7.390999999945052,30439.0,0.0,0.0,0.0,0.0,0.0,0.0,24.0,17803.0,-0.5,0.0
0.0,0.0,1.0,1.0,0.0,1.0,0.0,0.0,4.0,5.0,2.0,1.0,0.0,0.0,0.0,0.0,0.0,0.0,0.0,0.5309999999590218,99994.0,0.0,0.0,0.0,0.0,0.0,0.0,53.0,10514.0,-11.5,0.0
1.0,0.0,0.0,0.0,0.0,1.0,0.0,0.0,2.0,2.0,0.0,0.0,0.0,0.0,0.0,0.0,0.0,0.0,0.0,0.5939999999245629,20349.0,0.0,0.0,0.0,0.0,0.0,0.0,1.0,2810.0,7.0,1.0
0.0,0.0,1.0,1.0,0.0,0.0,1.0,0.0,2.0,14.0,1.0,1.0,0.0,0.0,0.0,0.0,0.0,0.0,0.0,0.5150000000139698,49007.0,0.0,0.0,0.0,0.0,0.0,0.0,3.0,26307.0,6.0,0.0
0.0,0.0,0.0,0.0,1.0,1.0,0.0,0.0,2.0,0.0,0.0,0.0,0.0,0.0,0.0,0.0,0.0,0.0,0.0,0.7189999999245629,445.0,0.0,0.0,0.0,0.0,0.0,0.0,0.0,90.0,-4.0,1.0
0.0,0.0,1.0,1.0,0.0,1.0,0.0,0.0,2.0,0.0,0.0,0.0,0.0,1.0,1.0,0.0,0.0,0.0,0.0,0.5620000000344589,1539.0,0.0,0.0,0.0,0.0,0.0,0.0,1.0,60.0,-14.0,0.0
0.0,0.0,0.0,1.0,0.0,1.0,0.0,0.0,1.0,1.0,0.0,1.0,0.0,0.0,0.0,0.0,0.0,0.0,0.0,0.0940000000409782,5764.0,0.0,0.0,0.0,0.0,0.0,0.0,0.0,3398.0,4.5,0.0
0.0,0.0,1.0,1.0,0.0,1.0,0.0,0.0,3.0,0.0,0.0,0.0,0.0,0.0,0.0,0.0,0.0,0.0,0.0,0.5940000000409782,1130.0,0.0,0.0,0.0,0.0,0.0,0.0,2.0,176.0,-13.0,0.0
0.0,0.0,1.0,1.0,0.0,1.0,0.0,0.0,5.0,6.0,2.0,1.0,0.0,4.0,4.0,1.0,0.0,0.0,1.0,0.0470000000204891,29012.0,0.0,0.0,0.0,0.0,0.0,0.0,28.0,11626.0,-19.0,0.0
1.0,0.0,0.0,0.0,0.0,1.0,0.0,0.0,3.0,7.0,0.0,0.0,1.0,0.0,0.0,0.0,0.0,1.0,0.0,3.452999999979511,100000.0,0.0,0.0,0.0,0.0,0.0,0.0,0.0,3.0,16.5,1.0
1.0,0.0,0.0,0.0,0.0,1.0,0.0,0.0,0.0,4.0,0.0,4.0,0.0,0.0,0.0,0.0,0.0,0.0,1.0,0.3440000000409782,3512.0,0.0,0.0,0.0,0.0,0.0,0.0,0.0,134.0,27.0,1.0
0.0,0.0,0.0,1.0,0.0,1.0,0.0,0.0,1.0,3.0,0.0,1.0,0.0,0.0,0.0,0.0,0.0,0.0,0.0,0.28100000007543713,5785.0,0.0,0.0,0.0,0.0,0.0,0.0,0.0,3419.0,7.5,0.0
1.0,0.0,0.0,0.0,0.0,1.0,0.0,0.0,3.0,10.0,0.0,2.0,0.0,0.0,0.0,0.0,0.0,0.0,1.0,0.8440000000409782,99997.0,0.0,0.0,0.0,0.0,1.0,1.0,0.0,0.0,35.0,1.0
0.0,0.0,1.0,1.0,0.0,0.0,0.0,0.0,2.0,2.0,0.0,1.0,0.0,0.0,14.0,28.0,1.0,0.0,0.0,1.8900000000139698,63333.0,1.0,0.0,0.0,0.0,0.0,0.0,42.0,20094.0,-13.0,0.0
0.0,0.0,1.0,1.0,0.0,1.0,0.0,0.0,4.0,10.0,3.0,1.0,0.0,0.0,1.0,0.0,0.0,0.0,1.0,1.202999999979511,26132.0,0.0,0.0,0.0,0.0,0.0,1.0,14.0,8306.0,2.0,0.0
1.0,0.0,0.0,0.0,0.0,1.0,0.0,0.0,0.0,10.0,0.0,2.0,0.0,0.0,3.0,0.0,0.0,1.0,1.0,1.4849999999860302,17457.0,0.0,0.0,0.0,0.0,0.0,0.0,4.0,8877.0,32.0,1.0
0.0,0.0,1.0,1.0,0.0,1.0,0.0,0.0,3.0,9.0,0.0,1.0,9.0,5.0,1.0,0.0,0.0,0.0,1.0,2.5,78509.0,1.0,0.0,0.0,0.0,0.0,1.0,31.0,1417.0,32.5,0.0
0.0,0.0,1.0,1.0,0.0,1.0,0.0,0.0,5.0,6.0,2.0,1.0,0.0,4.0,4.0,1.0,0.0,0.0,1.0,0.062000000034458935,29016.0,0.0,0.0,0.0,0.0,0.0,0.0,28.0,11626.0,-19.0,0.0
1.0,0.0,0.0,0.0,0.0,1.0,0.0,0.0,1.0,0.0,0.0,0.0,0.0,1.0,1.0,0.0,0.0,0.0,0.0,0.43700000003445894,3036.0,0.0,0.0,0.0,0.0,0.0,0.0,0.0,1707.0,3.0,0.0
1.0,0.0,0.0,0.0,0.0,1.0,0.0,0.0,0.0,12.0,0.0,4.0,0.0,0.0,2.0,0.0,0.0,1.0,1.0,1.140999999945052,32289.0,0.0,0.0,0.0,0.0,0.0,1.0,9.0,14175.0,43.0,1.0
1.0,0.0,0.0,0.0,0.0,0.0,0.0,0.0,3.0,8.0,0.0,0.0,0.0,5.0,0.0,0.0,0.0,0.0,0.0,3.0929999999934807,100000.0,1.0,0.0,0.0,0.0,0.0,0.0,0.0,87116.0,-8.0,0.0
0.0,0.0,1.0,1.0,0.0,1.0,0.0,0.0,4.0,1.0,0.0,0.0,0.0,0.0,0.0,0.0,0.0,0.0,0.0,9.078000000095926,100000.0,0.0,0.0,0.0,0.0,0.0,0.0,0.0,0.0,-13.5,0.0
0.0,0.0,1.0,1.0,0.0,1.0,0.0,0.0,2.0,11.0,0.0,2.0,1.0,0.0,1.0,0.0,0.0,1.0,1.0,2.093999999924563,100000.0,1.0,0.0,0.0,0.0,0.0,0.0,82.0,7628.0,18.5,0.0
1.0,0.0,0.0,0.0,0.0,1.0,0.0,0.0,1.0,4.0,0.0,0.0,3.0,0.0,6.0,4.0,2.0,0.0,0.0,0.5629999999655411,34765.0,0.0,0.0,0.0,0.0,0.0,0.0,43.0,20149.0,24.0,1.0
0.0,0.0,0.0,1.0,0.0,0.0,0.0,0.0,0.0,0.0,0.0,0.0,0.0,0.0,0.0,0.0,0.0,0.0,0.0,0.26500000001396984,0.0,0.0,0.0,0.0,0.0,0.0,0.0,0.0,0.0,0.0,0.0
0.0,0.0,1.0,1.0,0.0,1.0,0.0,0.0,1.0,0.0,0.0,0.0,0.0,0.0,1.0,0.0,0.0,0.0,0.0,0.40600000007543713,1824.0,0.0,0.0,0.0,0.0,0.0,0.0,4.0,152.0,-9.0,1.0
0.0,0.0,1.0,1.0,0.0,1.0,0.0,0.0,5.0,7.0,0.0,1.0,1.0,1.0,9.0,4.0,1.0,0.0,0.0,0.8279999999795109,33494.0,1.0,0.0,0.0,0.0,0.0,0.0,48.0,14882.0,-3.5,0.0
0.0,0.0,1.0,1.0,0.0,1.0,0.0,0.0,1.0,3.0,1.0,2.0,6.0,0.0,2.0,1.0,1.0,0.0,0.0,0.625,31493.0,1.0,0.0,0.0,0.0,0.0,0.0,1.0,3740.0,20.5,0.0
1.0,0.0,0.0,0.0,0.0,0.0,1.0,0.0,0.0,6.0,0.0,1.0,0.0,0.0,47.0,2.0,1.0,0.0,0.0,1.8900000000139698,100000.0,2.0,0.0,0.0,0.0,0.0,0.0,174.0,30012.0,9.0,0.0
0.0,0.0,1.0,1.0,0.0,1.0,0.0,0.0,4.0,6.0,0.0,3.0,20.0,0.0,73.0,0.0,0.0,0.0,0.0,0.4839999999385327,99952.0,0.0,0.0,0.0,0.0,0.0,1.0,60.0,21757.0,86.0,0.0
0.0,0.0,1.0,1.0,0.0,1.0,0.0,0.0,5.0,4.0,3.0,2.0,0.0,0.0,4.0,1.0,1.0,0.0,1.0,0.3910000000614673,6835.0,0.0,0.0,0.0,0.0,0.0,0.0,19.0,672.0,-11.0,0.0
0.0,0.0,1.0,1.0,0.0,1.0,0.0,0.0,6.0,5.0,0.0,2.0,0.0,1.0,3.0,0.0,0.0,0.0,0.0,0.5470000000204891,6717.0,0.0,0.0,0.0,0.0,0.0,0.0,2.0,654.0,-10.5,0.0
1.0,0.0,0.0,0.0,0.0,1.0,0.0,0.0,1.0,10.0,0.0,2.0,85.0,0.0,13.0,10.0,3.0,1.0,1.0,9.391000000061467,66004.0,0.0,0.0,0.0,1.0,1.0,1.0,60.0,19041.0,385.0,1.0
1.0,0.0,0.0,0.0,0.0,1.0,0.0,0.0,4.0,11.0,0.0,0.0,0.0,0.0,0.0,0.0,0.0,0.0,1.0,0.375,100000.0,0.0,0.0,0.0,0.0,0.0,0.0,0.0,0.0,21.5,1.0
1.0,0.0,0.0,0.0,0.0,1.0,0.0,0.0,0.0,1.0,0.0,0.0,0.0,0.0,0.0,4.0,1.0,0.0,0.0,1.4690000000409782,8411.0,1.0,0.0,0.0,0.0,0.0,0.0,0.0,1022.0,7.5,1.0
0.0,0.0,1.0,1.0,0.0,1.0,0.0,0.0,4.0,1.0,0.0,0.0,0.0,0.0,3.0,0.0,0.0,0.0,0.0,0.31200000003445894,23077.0,0.0,0.0,0.0,0.0,0.0,0.0,17.0,1893.0,-13.5,0.0
0.0,0.0,1.0,1.0,0.0,0.0,1.0,0.0,1.0,0.0,0.0,0.0,0.0,0.0,0.0,0.0,0.0,0.0,0.0,0.8129999999655411,23.0,0.0,0.0,0.0,0.0,0.0,0.0,0.0,23.0,-12.0,0.0
0.0,0.0,1.0,1.0,0.0,1.0,0.0,0.0,0.0,2.0,0.0,0.0,0.0,0.0,0.0,0.0,0.0,0.0,0.0,2.344000000040978,100000.0,0.0,0.0,0.0,0.0,0.0,0.0,0.0,0.0,-4.0,0.0
1.0,0.0,0.0,0.0,0.0,0.0,1.0,0.0,1.0,6.0,0.0,0.0,0.0,0.0,47.0,8.0,1.0,0.0,0.0,0.3119999999180436,67848.0,1.0,0.0,0.0,0.0,1.0,0.0,76.0,20392.0,8.0,0.0
0.0,0.0,0.0,1.0,0.0,1.0,0.0,0.0,1.0,1.0,0.0,0.0,0.0,0.0,0.0,0.0,0.0,0.0,0.0,0.3279999999795109,1060.0,0.0,0.0,0.0,0.0,0.0,0.0,1.0,388.0,2.5,0.0
0.0,0.0,0.0,1.0,0.0,1.0,0.0,0.0,2.0,3.0,0.0,1.0,0.0,0.0,0.0,0.0,0.0,0.0,0.0,0.7029999999795109,9917.0,0.0,0.0,0.0,0.0,0.0,0.0,0.0,1781.0,5.5,0.0
0.0,0.0,0.0,1.0,0.0,1.0,0.0,0.0,1.0,0.0,0.0,0.0,0.0,0.0,0.0,0.0,0.0,0.0,0.0,0.2029999999795109,919.0,0.0,0.0,0.0,0.0,0.0,0.0,0.0,520.0,1.0,0.0
0.0,0.0,1.0,1.0,0.0,1.0,0.0,0.0,2.0,3.0,0.0,1.0,0.0,0.0,2.0,0.0,0.0,0.0,0.0,1.2189999999245629,9933.0,0.0,0.0,0.0,0.0,0.0,0.0,20.0,1834.0,-4.5,0.0
0.0,0.0,1.0,1.0,0.0,1.0,0.0,0.0,1.0,0.0,0.0,0.0,0.0,4.0,0.0,0.0,0.0,0.0,0.0,0.4219999999040738,3070.0,0.0,0.0,0.0,0.0,0.0,0.0,1.0,128.0,-21.0,0.0
0.0,0.0,1.0,1.0,0.0,0.0,1.0,0.0,2.0,14.0,1.0,1.0,0.0,0.0,0.0,0.0,0.0,0.0,0.0,0.4690000000409782,48998.0,0.0,0.0,0.0,0.0,0.0,0.0,3.0,26301.0,6.0,0.0
0.0,0.0,0.0,1.0,0.0,1.0,0.0,0.0,1.0,0.0,0.0,0.0,0.0,0.0,0.0,0.0,0.0,0.0,0.0,0.3279999999795109,545.0,0.0,0.0,0.0,0.0,0.0,0.0,0.0,31.0,1.0,1.0
1.0,0.0,0.0,0.0,0.0,1.0,0.0,0.0,1.0,0.0,0.0,0.0,0.0,1.0,1.0,0.0,0.0,0.0,0.0,0.31200000003445894,3036.0,0.0,0.0,0.0,0.0,0.0,0.0,0.0,1707.0,3.0,0.0
0.0,0.0,1.0,1.0,0.0,1.0,0.0,0.0,5.0,7.0,0.0,1.0,1.0,1.0,9.0,4.0,1.0,0.0,0.0,0.4529999999795109,33494.0,1.0,0.0,0.0,0.0,0.0,0.0,48.0,14882.0,-3.5,0.0
0.0,0.0,1.0,1.0,0.0,1.0,0.0,0.0,5.0,1.0,0.0,1.0,0.0,0.0,1.0,0.0,0.0,0.0,0.0,1.4839999999385327,1261.0,1.0,0.0,0.0,0.0,0.0,0.0,1.0,138.0,-13.5,0.0
1.0,0.0,0.0,0.0,0.0,1.0,0.0,0.0,2.0,8.0,0.0,1.0,0.0,0.0,26.0,2.0,1.0,0.0,0.0,6.842999999993481,79826.0,0.0,0.0,0.0,0.0,0.0,0.0,80.0,36594.0,20.0,1.0
0.0,0.0,1.0,1.0,0.0,1.0,0.0,0.0,3.0,0.0,0.0,0.0,0.0,1.0,0.0,0.0,0.0,0.0,0.0,0.34399999992456287,3072.0,0.0,0.0,0.0,0.0,0.0,0.0,3.0,1110.0,-16.0,0.0
0.0,0.0,0.0,1.0,0.0,1.0,0.0,0.0,2.0,3.0,0.0,0.0,0.0,0.0,0.0,0.0,0.0,0.0,0.0,0.3119999999180436,100000.0,0.0,0.0,0.0,0.0,0.0,0.0,0.0,0.0,3.5,0.0
0.0,0.0,1.0,1.0,0.0,1.0,0.0,0.0,5.0,2.0,0.0,0.0,0.0,25.0,9.0,1.0,1.0,0.0,0.0,0.9849999999860302,52756.0,0.0,0.0,0.0,0.0,0.0,1.0,46.0,2451.0,-83.0,0.0
0.0,0.0,1.0,1.0,0.0,1.0,0.0,0.0,5.0,3.0,0.0,1.0,0.0,2.0,1.0,0.0,0.0,0.0,0.0,1.3599999999860302,17039.0,0.0,0.0,0.0,0.0,0.0,1.0,2.0,8271.0,-12.5,0.0
1.0,0.0,0.0,0.0,0.0,1.0,0.0,0.0,1.0,16.0,0.0,6.0,18.0,1.0,11.0,21.0,3.0,0.0,1.0,8.155999999959022,99831.0,1.0,0.0,0.0,0.0,0.0,0.0,40.0,8790.0,116.0,1.0
0.0,0.0,1.0,1.0,0.0,1.0,0.0,0.0,5.0,1.0,0.0,0.0,0.0,25.0,1.0,1.0,1.0,0.0,0.0,0.8910000000614673,26738.0,0.0,0.0,0.0,0.0,0.0,1.0,45.0,2573.0,-86.5,0.0
1.0,0.0,0.0,0.0,0.0,1.0,0.0,0.0,5.0,15.0,0.0,5.0,0.0,0.0,11.0,1.0,0.0,1.0,1.0,1.2030000000959262,99848.0,0.0,0.0,0.0,0.0,1.0,1.0,54.0,55104.0,46.5,1.0
0.0,0.0,1.0,1.0,0.0,1.0,0.0,0.0,2.0,5.0,1.0,1.0,2.0,0.0,0.0,0.0,0.0,0.0,0.0,1.875,100000.0,0.0,0.0,0.0,0.0,0.0,0.0,9.0,51853.0,3.5,0.0
0.0,0.0,0.0,1.0,0.0,1.0,0.0,0.0,1.0,1.0,0.0,1.0,0.0,0.0,0.0,0.0,0.0,0.0,0.0,0.10899999993853271,5810.0,0.0,0.0,0.0,0.0,0.0,0.0,0.0,3444.0,4.5,0.0
0.0,0.0,1.0,1.0,0.0,1.0,0.0,0.0,4.0,5.0,2.0,2.0,0.0,0.0,1.0,1.0,1.0,0.0,1.0,0.375,13155.0,0.0,0.0,0.0,0.0,0.0,1.0,47.0,4420.0,-0.5,0.0
0.0,0.0,0.0,0.0,0.0,1.0,0.0,0.0,0.0,0.0,0.0,0.0,0.0,0.0,0.0,0.0,0.0,0.0,0.0,1.25,2008.0,0.0,0.0,0.0,0.0,0.0,0.0,0.0,666.0,3.0,0.0
0.0,0.0,0.0,1.0,0.0,1.0,0.0,0.0,1.0,1.0,0.0,0.0,0.0,0.0,0.0,0.0,0.0,0.0,0.0,0.29599999997299165,1060.0,0.0,0.0,0.0,0.0,0.0,0.0,1.0,388.0,2.5,0.0
0.0,0.0,1.0,1.0,0.0,1.0,0.0,0.0,7.0,18.0,0.0,1.0,0.0,5.0,5.0,0.0,0.0,0.0,0.0,0.9689999999245629,99803.0,0.0,0.0,0.0,0.0,0.0,0.0,41.0,84703.0,-7.0,0.0
0.0,0.0,1.0,1.0,0.0,1.0,0.0,0.0,2.0,11.0,0.0,2.0,1.0,0.0,1.0,0.0,0.0,1.0,1.0,1.6559999999590218,100000.0,0.0,0.0,0.0,0.0,0.0,0.0,82.0,7630.0,18.5,0.0
0.0,0.0,1.0,1.0,0.0,1.0,0.0,0.0,4.0,2.0,0.0,1.0,0.0,0.0,1.0,0.0,0.0,0.0,0.0,0.5470000000204891,1692.0,0.0,0.0,0.0,0.0,0.0,0.0,2.0,384.0,-10.0,0.0
0.0,0.0,1.0,1.0,0.0,1.0,0.0,0.0,4.0,6.0,2.0,1.0,0.0,0.0,1.0,0.0,0.0,0.0,1.0,1.4060000000754371,96720.0,0.0,0.0,0.0,0.0,0.0,0.0,8.0,73780.0,-5.0,0.0
0.0,0.0,1.0,1.0,0.0,1.0,0.0,0.0,2.0,6.0,0.0,3.0,0.0,0.0,1.0,0.0,0.0,0.0,0.0,1.5790000000270084,100000.0,0.0,0.0,0.0,0.0,0.0,0.0,0.0,97279.0,4.0,0.0
1.0,0.0,0.0,0.0,0.0,1.0,0.0,0.0,1.0,8.0,0.0,0.0,2.0,0.0,0.0,8.0,1.0,0.0,0.0,1.312000000034459,100000.0,0.0,0.0,0.0,0.0,0.0,0.0,34.0,8678.0,24.0,0.0
1.0,0.0,0.0,0.0,0.0,1.0,0.0,0.0,1.0,7.0,1.0,3.0,10.0,0.0,3.0,1.0,1.0,1.0,1.0,1.172000000020489,47584.0,1.0,0.0,0.0,0.0,0.0,0.0,1.0,17287.0,64.5,1.0
0.0,0.0,1.0,1.0,0.0,0.0,1.0,0.0,1.0,0.0,0.0,0.0,0.0,0.0,0.0,0.0,0.0,0.0,0.0,0.7190000000409782,23.0,0.0,0.0,0.0,0.0,0.0,0.0,0.0,23.0,-12.0,0.0
0.0,0.0,1.0,1.0,0.0,1.0,0.0,0.0,3.0,0.0,0.0,0.0,0.0,0.0,0.0,0.0,0.0,0.0,0.0,0.9070000000065193,23.0,0.0,0.0,0.0,0.0,0.0,0.0,0.0,23.0,-13.0,0.0
1.0,0.0,0.0,0.0,0.0,1.0,0.0,0.0,1.0,16.0,0.0,2.0,0.0,0.0,0.0,0.0,0.0,1.0,1.0,0.8290000000270084,99980.0,1.0,0.0,0.0,0.0,0.0,1.0,0.0,62409.0,43.0,1.0
1.0,0.0,0.0,0.0,0.0,0.0,0.0,0.0,1.0,6.0,0.0,1.0,1.0,1.0,3.0,30.0,5.0,0.0,0.0,0.640999999945052,18668.0,0.0,0.0,0.0,0.0,0.0,0.0,23.0,5757.0,13.0,0.0
0.0,0.0,0.0,1.0,0.0,1.0,0.0,0.0,1.0,3.0,0.0,1.0,0.0,0.0,0.0,0.0,0.0,0.0,0.0,0.09299999999348074,5725.0,0.0,0.0,0.0,0.0,0.0,0.0,0.0,3359.0,7.5,1.0
0.0,0.0,0.0,1.0,0.0,1.0,0.0,0.0,2.0,3.0,0.0,1.0,0.0,0.0,0.0,0.0,0.0,0.0,0.0,0.6869999999180436,9917.0,0.0,0.0,0.0,0.0,0.0,0.0,0.0,1781.0,5.5,0.0
0.0,0.0,0.0,1.0,0.0,1.0,0.0,0.0,1.0,2.0,0.0,0.0,0.0,0.0,0.0,0.0,0.0,0.0,0.0,0.5620000000344589,8629.0,0.0,0.0,0.0,0.0,0.0,0.0,1.0,944.0,4.0,1.0
1.0,0.0,0.0,0.0,0.0,0.0,1.0,0.0,5.0,16.0,0.0,0.0,0.0,0.0,0.0,0.0,0.0,0.0,1.0,1.6410000000614673,86383.0,0.0,0.0,0.0,0.0,0.0,0.0,0.0,0.0,19.0,1.0
0.0,0.0,1.0,1.0,0.0,1.0,0.0,0.0,6.0,4.0,2.0,0.0,0.0,1.0,6.0,0.0,0.0,0.0,1.0,1.172000000020489,16577.0,0.0,0.0,0.0,0.0,0.0,0.0,37.0,2282.0,-15.0,0.0
1.0,0.0,0.0,0.0,0.0,0.0,0.0,0.0,2.0,17.0,0.0,0.0,0.0,0.0,0.0,0.0,0.0,0.0,0.0,2.6709999999729916,99914.0,3.0,0.0,0.0,0.0,0.0,0.0,15.0,54939.0,22.5,1.0
0.0,0.0,1.0,1.0,0.0,1.0,0.0,0.0,5.0,3.0,0.0,0.0,0.0,25.0,2.0,1.0,1.0,0.0,0.0,1.1560000000754371,24656.0,0.0,0.0,0.0,0.0,0.0,1.0,46.0,2556.0,-83.5,0.0
1.0,0.0,0.0,0.0,0.0,0.0,0.0,0.0,1.0,4.0,0.0,1.0,0.0,0.0,1.0,0.0,0.0,0.0,0.0,0.8130000000819564,6641.0,1.0,0.0,0.0,0.0,0.0,0.0,1.0,2763.0,7.0,0.0
1.0,0.0,0.0,0.0,0.0,1.0,0.0,0.0,3.0,7.0,0.0,1.0,0.0,0.0,2.0,0.0,0.0,0.0,0.0,0.9849999999860302,7504.0,0.0,0.0,0.0,0.0,0.0,0.0,3.0,4480.0,14.5,0.0
0.0,0.0,1.0,1.0,0.0,1.0,0.0,0.0,3.0,1.0,0.0,0.0,0.0,2.0,1.0,0.0,0.0,0.0,0.0,0.75,2958.0,0.0,0.0,0.0,0.0,0.0,0.0,3.0,1121.0,-17.5,0.0
1.0,0.0,0.0,0.0,0.0,1.0,0.0,0.0,0.0,5.0,0.0,0.0,3.0,0.0,3.0,1.0,1.0,1.0,0.0,0.5470000000204891,4653.0,0.0,0.0,0.0,0.0,0.0,0.0,16.0,1418.0,27.5,1.0
1.0,0.0,0.0,0.0,0.0,1.0,0.0,0.0,2.0,7.0,0.0,2.0,0.0,0.0,2.0,0.0,0.0,0.0,1.0,1.0150000000139698,100000.0,0.0,0.0,0.0,0.0,0.0,1.0,34.0,4379.0,27.5,0.0
1.0,0.0,0.0,0.0,0.0,1.0,0.0,0.0,0.0,4.0,0.0,2.0,0.0,0.0,0.0,0.0,0.0,0.0,0.0,1.0940000000409782,5989.0,0.0,0.0,0.0,1.0,0.0,0.0,2.0,268.0,24.0,0.0
0.0,0.0,1.0,1.0,0.0,1.0,0.0,0.0,2.0,13.0,0.0,1.0,2.0,3.0,2.0,9.0,2.0,0.0,0.0,1.2650000000139698,99997.0,1.0,0.0,0.0,0.0,0.0,0.0,35.0,9692.0,7.5,0.0
0.0,0.0,1.0,1.0,0.0,1.0,0.0,0.0,4.0,5.0,2.0,1.0,0.0,0.0,0.0,0.0,0.0,0.0,0.0,8.687999999965541,99994.0,0.0,0.0,0.0,0.0,0.0,0.0,53.0,10514.0,-11.5,0.0
0.0,0.0,1.0,1.0,0.0,1.0,0.0,0.0,5.0,2.0,0.0,0.0,0.0,25.0,1.0,1.0,1.0,0.0,0.0,0.625,24682.0,0.0,0.0,0.0,0.0,0.0,1.0,48.0,2613.0,-85.0,0.0
1.0,0.0,0.0,0.0,0.0,0.0,0.0,0.0,3.0,5.0,0.0,0.0,0.0,0.0,1.0,0.0,0.0,0.0,0.0,0.6720000000204891,9169.0,0.0,0.0,0.0,0.0,0.0,0.0,7.0,1546.0,6.5,0.0
1.0,0.0,0.0,0.0,0.0,1.0,0.0,0.0,2.0,11.0,0.0,2.0,0.0,0.0,0.0,0.0,0.0,1.0,1.0,0.5629999999655411,100000.0,0.0,0.0,0.0,0.0,0.0,1.0,0.0,33385.0,33.5,1.0
0.0,0.0,0.0,0.0,1.0,1.0,0.0,0.0,0.0,1.0,0.0,1.0,0.0,1.0,1.0,0.0,0.0,0.0,0.0,0.21799999999348074,1495.0,0.0,0.0,0.0,0.0,0.0,0.0,1.0,159.0,0.5,0.0
0.0,0.0,1.0,1.0,0.0,0.0,0.0,0.0,3.0,5.0,0.0,0.0,0.0,0.0,7.0,2.0,1.0,0.0,0.0,1.2809999999590218,99944.0,1.0,0.0,0.0,0.0,0.0,0.0,78.0,1202.0,-10.5,0.0
1.0,0.0,0.0,0.0,0.0,0.0,0.0,0.0,3.0,7.0,0.0,1.0,0.0,0.0,2.0,0.0,0.0,0.0,0.0,0.7190000000409782,7523.0,1.0,0.0,0.0,0.0,0.0,0.0,3.0,4480.0,7.5,0.0
1.0,0.0,0.0,0.0,0.0,1.0,0.0,0.0,0.0,10.0,0.0,2.0,86.0,0.0,13.0,10.0,3.0,0.0,1.0,3.031000000075437,66595.0,0.0,0.0,0.0,1.0,1.0,1.0,60.0,19302.0,391.0,1.0
1.0,0.0,0.0,0.0,0.0,0.0,0.0,0.0,3.0,7.0,0.0,1.0,0.0,0.0,2.0,0.0,0.0,0.0,0.0,0.7029999999795109,7523.0,1.0,0.0,0.0,0.0,0.0,0.0,3.0,4480.0,7.5,0.0
0.0,0.0,1.0,1.0,0.0,1.0,0.0,0.0,4.0,3.0,1.0,1.0,0.0,1.0,2.0,1.0,0.0,0.0,1.0,0.4220000000204891,52263.0,0.0,0.0,0.0,0.0,0.0,1.0,51.0,1093.0,-5.5,0.0
0.0,0.0,1.0,1.0,0.0,1.0,0.0,0.0,4.0,1.0,0.0,0.0,0.0,0.0,0.0,0.0,0.0,0.0,0.0,10.391000000061467,100000.0,0.0,0.0,0.0,0.0,0.0,0.0,0.0,0.0,-13.5,0.0
0.0,0.0,0.0,1.0,0.0,1.0,0.0,0.0,2.0,0.0,0.0,0.0,0.0,1.0,1.0,0.0,0.0,0.0,0.0,0.25,1515.0,0.0,0.0,0.0,0.0,0.0,0.0,0.0,69.0,-4.0,1.0
1.0,0.0,0.0,0.0,0.0,1.0,0.0,0.0,0.0,1.0,0.0,0.0,0.0,0.0,0.0,4.0,1.0,0.0,0.0,0.5630000000819564,8421.0,1.0,0.0,0.0,0.0,0.0,0.0,0.0,1022.0,7.5,0.0
0.0,0.0,0.0,1.0,0.0,0.0,1.0,0.0,0.0,1.0,0.0,0.0,0.0,0.0,0.0,0.0,0.0,0.0,0.0,1.062999999965541,561.0,0.0,0.0,0.0,0.0,0.0,0.0,0.0,6.0,1.5,1.0
0.0,0.0,1.0,1.0,0.0,0.0,1.0,0.0,1.0,3.0,0.0,0.0,1.0,18.0,6.0,2.0,1.0,0.0,0.0,1.0160000000614673,8508.0,0.0,0.0,0.0,0.0,0.0,0.0,7.0,2623.0,-55.5,0.0
1.0,0.0,0.0,0.0,0.0,1.0,0.0,0.0,1.0,2.0,0.0,0.0,0.0,0.0,0.0,0.0,0.0,0.0,0.0,1.952999999979511,17016.0,0.0,0.0,0.0,0.0,0.0,0.0,2.0,1263.0,9.0,1.0
0.0,0.0,1.0,1.0,0.0,1.0,0.0,0.0,2.0,0.0,0.0,0.0,0.0,1.0,1.0,0.0,0.0,0.0,0.0,0.75,1513.0,0.0,0.0,0.0,0.0,0.0,0.0,0.0,52.0,-14.0,0.0
1.0,0.0,0.0,0.0,0.0,0.0,1.0,0.0,0.0,6.0,0.0,1.0,0.0,0.0,47.0,2.0,1.0,0.0,0.0,1.827999999979511,100000.0,2.0,0.0,0.0,0.0,0.0,0.0,174.0,30014.0,9.0,0.0
1.0,0.0,0.0,0.0,0.0,0.0,0.0,0.0,3.0,7.0,0.0,1.0,0.0,0.0,2.0,0.0,0.0,0.0,0.0,0.375,7523.0,1.0,0.0,0.0,0.0,0.0,0.0,3.0,4480.0,7.5,1.0
0.0,0.0,1.0,1.0,0.0,0.0,0.0,0.0,2.0,3.0,0.0,1.0,0.0,0.0,14.0,28.0,1.0,0.0,0.0,1.5459999999729916,66756.0,1.0,0.0,0.0,0.0,0.0,0.0,42.0,23464.0,-11.5,0.0
1.0,0.0,0.0,0.0,0.0,1.0,0.0,0.0,1.0,0.0,0.0,0.0,0.0,1.0,1.0,0.0,0.0,0.0,0.0,0.06199999991804361,3036.0,0.0,0.0,0.0,0.0,0.0,0.0,0.0,1707.0,3.0,1.0
0.0,0.0,1.0,1.0,0.0,1.0,0.0,0.0,5.0,7.0,0.0,1.0,0.0,13.0,1.0,0.0,0.0,0.0,0.0,1.375,99998.0,1.0,0.0,0.0,0.0,0.0,0.0,22.0,13742.0,-43.5,0.0
1.0,0.0,0.0,0.0,0.0,0.0,0.0,0.0,1.0,0.0,0.0,0.0,0.0,0.0,0.0,0.0,0.0,0.0,0.0,0.35900000005494803,9080.0,1.0,0.0,0.0,0.0,0.0,0.0,0.0,8688.0,-1.0,1.0
0.0,0.0,1.0,1.0,0.0,1.0,0.0,0.0,3.0,0.0,0.0,0.0,0.0,0.0,0.0,0.0,0.0,0.0,0.0,0.2809999999590218,1130.0,0.0,0.0,0.0,0.0,0.0,0.0,2.0,176.0,-13.0,0.0
1.0,0.0,0.0,0.0,0.0,1.0,0.0,0.0,1.0,9.0,0.0,1.0,0.0,0.0,22.0,0.0,0.0,0.0,1.0,1.047000000020489,99973.0,0.0,0.0,0.0,0.0,0.0,1.0,31.0,4184.0,32.5,1.0
1.0,0.0,0.0,0.0,0.0,0.0,0.0,0.0,3.0,8.0,0.0,0.0,0.0,5.0,0.0,0.0,0.0,0.0,0.0,2.968999999924563,100000.0,1.0,0.0,0.0,0.0,0.0,0.0,0.0,87116.0,-8.0,1.0
1.0,0.0,0.0,0.0,0.0,1.0,0.0,0.0,2.0,12.0,0.0,1.0,15.0,1.0,1.0,0.0,0.0,0.0,1.0,1.0939999999245629,36403.0,0.0,0.0,0.0,0.0,0.0,0.0,9.0,2080.0,86.0,1.0
0.0,0.0,0.0,1.0,0.0,1.0,0.0,0.0,1.0,1.0,0.0,1.0,0.0,0.0,0.0,0.0,0.0,0.0,0.0,0.0940000000409782,5710.0,0.0,0.0,0.0,0.0,0.0,0.0,0.0,3344.0,4.5,1.0
1.0,0.0,0.0,0.0,0.0,0.0,0.0,0.0,3.0,5.0,0.0,0.0,0.0,0.0,1.0,0.0,0.0,0.0,0.0,0.23400000005494803,9091.0,0.0,0.0,0.0,0.0,0.0,0.0,7.0,1546.0,6.5,0.0
0.0,0.0,0.0,1.0,0.0,0.0,0.0,0.0,1.0,0.0,0.0,0.0,0.0,0.0,0.0,0.0,0.0,0.0,0.0,1.0929999999934807,555.0,0.0,0.0,0.0,0.0,0.0,0.0,0.0,36.0,-2.0,1.0
0.0,0.0,0.0,1.0,0.0,1.0,0.0,0.0,1.0,2.0,0.0,1.0,0.0,0.0,0.0,0.0,0.0,0.0,0.0,0.0940000000409782,5755.0,0.0,0.0,0.0,0.0,0.0,0.0,0.0,3389.0,6.0,0.0
1.0,0.0,0.0,0.0,0.0,1.0,0.0,0.0,1.0,0.0,0.0,0.0,0.0,1.0,1.0,0.0,0.0,0.0,0.0,0.1559999999590218,3036.0,0.0,0.0,0.0,0.0,0.0,0.0,0.0,1707.0,3.0,0.0
0.0,0.0,1.0,1.0,0.0,1.0,0.0,0.0,2.0,13.0,0.0,1.0,2.0,3.0,2.0,9.0,2.0,0.0,0.0,0.7349999999860302,99997.0,1.0,0.0,0.0,0.0,0.0,0.0,35.0,9692.0,7.5,0.0
1.0,0.0,0.0,0.0,0.0,0.0,0.0,0.0,1.0,4.0,0.0,1.0,0.0,0.0,1.0,0.0,0.0,0.0,0.0,0.8130000000819564,6641.0,1.0,0.0,0.0,0.0,0.0,0.0,1.0,2763.0,7.0,1.0
0.0,0.0,0.0,1.0,0.0,1.0,0.0,0.0,0.0,0.0,0.0,0.0,0.0,0.0,0.0,0.0,0.0,0.0,0.0,1.047000000020489,0.0,0.0,0.0,0.0,0.0,0.0,0.0,0.0,0.0,3.0,0.0
0.0,0.0,1.0,1.0,0.0,1.0,0.0,0.0,3.0,3.0,3.0,1.0,0.0,0.0,2.0,0.0,0.0,0.0,0.0,0.8439999999245629,98985.0,1.0,0.0,0.0,0.0,0.0,0.0,38.0,80811.0,-15.5,0.0
0.0,0.0,0.0,1.0,0.0,1.0,0.0,0.0,0.0,0.0,0.0,0.0,0.0,0.0,1.0,0.0,0.0,0.0,0.0,0.3279999999795109,902.0,0.0,0.0,0.0,0.0,0.0,0.0,0.0,130.0,3.0,0.0
1.0,0.0,0.0,0.0,0.0,1.0,0.0,0.0,0.0,4.0,0.0,3.0,0.0,0.0,1.0,0.0,0.0,0.0,1.0,2.2339999999385327,8968.0,0.0,0.0,0.0,1.0,0.0,1.0,0.0,787.0,35.0,1.0
0.0,0.0,1.0,1.0,0.0,1.0,0.0,0.0,4.0,5.0,2.0,2.0,0.0,0.0,1.0,1.0,1.0,0.0,1.0,0.31200000003445894,13165.0,0.0,0.0,0.0,0.0,0.0,1.0,47.0,4420.0,-0.5,0.0
1.0,0.0,0.0,0.0,0.0,0.0,0.0,0.0,0.0,0.0,0.0,0.0,0.0,0.0,1.0,0.0,0.0,0.0,0.0,0.06299999996554106,649.0,1.0,0.0,0.0,0.0,0.0,0.0,0.0,0.0,1.0,0.0
0.0,0.0,0.0,1.0,0.0,1.0,0.0,0.0,1.0,1.0,0.0,1.0,0.0,0.0,0.0,0.0,0.0,0.0,0.0,0.1410000000614673,5733.0,0.0,0.0,0.0,0.0,0.0,0.0,0.0,3367.0,4.5,0.0
1.0,0.0,0.0,0.0,0.0,1.0,0.0,0.0,0.0,8.0,0.0,2.0,0.0,0.0,0.0,1.0,0.0,0.0,1.0,0.5619999999180436,13476.0,0.0,0.0,0.0,0.0,0.0,0.0,1.0,4480.0,29.0,1.0
0.0,0.0,1.0,1.0,0.0,1.0,0.0,0.0,2.0,13.0,0.0,1.0,2.0,3.0,2.0,9.0,2.0,0.0,0.0,0.6869999999180436,99997.0,1.0,0.0,0.0,0.0,0.0,0.0,35.0,9692.0,7.5,1.0
0.0,0.0,1.0,1.0,0.0,1.0,0.0,0.0,3.0,0.0,0.0,0.0,0.0,0.0,0.0,0.0,0.0,0.0,0.0,0.2970000000204891,2556.0,0.0,0.0,0.0,0.0,0.0,0.0,0.0,1192.0,-13.0,0.0
0.0,0.0,1.0,1.0,0.0,1.0,0.0,0.0,3.0,1.0,0.0,0.0,0.0,0.0,2.0,8.0,4.0,0.0,0.0,0.765999999945052,16154.0,0.0,0.0,0.0,0.0,0.0,0.0,28.0,5806.0,-13.5,0.0
1.0,0.0,0.0,0.0,0.0,1.0,0.0,0.0,2.0,10.0,0.0,0.0,0.0,0.0,0.0,0.0,0.0,0.0,0.0,1.109000000054948,100000.0,1.0,0.0,0.0,0.0,0.0,0.0,0.0,0.0,19.0,0.0
0.0,0.0,0.0,1.0,0.0,1.0,0.0,0.0,1.0,1.0,0.0,1.0,0.0,0.0,0.0,0.0,0.0,0.0,0.0,0.062000000034458935,5793.0,0.0,0.0,0.0,0.0,0.0,0.0,0.0,3427.0,4.5,0.0
1.0,0.0,0.0,0.0,0.0,1.0,0.0,0.0,1.0,10.0,0.0,2.0,1.0,0.0,2.0,0.0,0.0,0.0,1.0,1.297000000020489,99998.0,0.0,0.0,0.0,0.0,0.0,0.0,6.0,85273.0,34.0,0.0
0.0,0.0,0.0,1.0,0.0,1.0,0.0,0.0,1.0,0.0,0.0,0.0,0.0,0.0,0.0,0.0,0.0,0.0,0.0,0.4059999999590218,545.0,0.0,0.0,0.0,0.0,0.0,0.0,0.0,31.0,1.0,0.0
0.0,0.0,1.0,1.0,0.0,1.0,0.0,0.0,1.0,3.0,1.0,2.0,6.0,0.0,2.0,1.0,1.0,0.0,0.0,0.9679999999934807,31499.0,1.0,0.0,0.0,0.0,0.0,0.0,1.0,3740.0,20.5,0.0
1.0,0.0,0.0,0.0,0.0,1.0,0.0,0.0,1.0,2.0,0.0,0.0,0.0,0.0,1.0,0.0,0.0,1.0,1.0,0.5629999999655411,11134.0,0.0,0.0,0.0,0.0,0.0,0.0,5.0,1807.0,14.0,1.0
0.0,0.0,1.0,1.0,0.0,1.0,0.0,0.0,5.0,1.0,0.0,1.0,0.0,0.0,0.0,0.0,0.0,0.0,0.0,0.734000000054948,5201.0,0.0,0.0,0.0,0.0,0.0,0.0,0.0,245.0,-13.5,0.0
1.0,0.0,0.0,0.0,0.0,1.0,0.0,0.0,2.0,11.0,0.0,0.0,0.0,0.0,0.0,0.0,0.0,1.0,0.0,1.1089999999385327,100000.0,0.0,0.0,0.0,0.0,0.0,1.0,0.0,0.0,24.5,1.0
0.0,0.0,0.0,1.0,0.0,1.0,0.0,0.0,1.0,2.0,0.0,1.0,0.0,0.0,0.0,0.0,0.0,0.0,0.0,0.0940000000409782,5640.0,0.0,0.0,0.0,0.0,0.0,0.0,0.0,3274.0,6.0,0.0
0.0,0.0,0.0,1.0,0.0,1.0,0.0,0.0,1.0,2.0,0.0,0.0,0.0,0.0,0.0,0.0,0.0,0.0,0.0,1.75,8629.0,0.0,0.0,0.0,0.0,0.0,0.0,1.0,944.0,4.0,0.0
0.0,0.0,1.0,1.0,0.0,1.0,0.0,0.0,5.0,0.0,0.0,0.0,0.0,1.0,0.0,0.0,0.0,0.0,0.0,1.4530000000959262,1193.0,0.0,0.0,0.0,0.0,0.0,0.0,1.0,354.0,-20.0,0.0
0.0,0.0,0.0,1.0,0.0,1.0,0.0,0.0,1.0,1.0,0.0,0.0,0.0,0.0,0.0,0.0,0.0,0.0,0.0,0.2339999999385327,5681.0,0.0,0.0,0.0,0.0,0.0,0.0,0.0,5368.0,2.5,1.0
0.0,0.0,1.0,1.0,0.0,1.0,0.0,0.0,0.0,4.0,0.0,2.0,0.0,0.0,0.0,4.0,1.0,0.0,0.0,0.5320000000065193,12819.0,0.0,0.0,0.0,0.0,0.0,0.0,42.0,719.0,1.0,0.0
1.0,0.0,0.0,0.0,0.0,0.0,0.0,0.0,3.0,12.0,0.0,2.0,47.0,1.0,42.0,23.0,8.0,0.0,1.0,5.358999999938533,92059.0,1.0,0.0,0.0,0.0,0.0,0.0,161.0,33410.0,207.0,0.0
1.0,0.0,0.0,0.0,0.0,1.0,0.0,0.0,2.0,8.0,0.0,7.0,0.0,0.0,0.0,0.0,0.0,0.0,1.0,0.3279999999795109,29314.0,3.0,0.0,0.0,0.0,0.0,1.0,12.0,2252.0,39.0,0.0
0.0,0.0,0.0,1.0,0.0,1.0,0.0,0.0,1.0,1.0,0.0,1.0,0.0,0.0,0.0,0.0,0.0,0.0,0.0,0.09299999999348074,5678.0,0.0,0.0,0.0,0.0,0.0,0.0,0.0,3312.0,4.5,1.0
0.0,0.0,1.0,1.0,0.0,1.0,0.0,0.0,4.0,1.0,0.0,0.0,0.0,0.0,0.0,0.0,0.0,0.0,0.0,0.5309999999590218,5069.0,0.0,0.0,0.0,0.0,0.0,0.0,3.0,616.0,-13.5,0.0
0.0,0.0,1.0,1.0,0.0,1.0,0.0,0.0,7.0,4.0,0.0,1.0,0.0,0.0,1.0,6.0,1.0,0.0,0.0,1.6559999999590218,70458.0,0.0,0.0,0.0,0.0,0.0,0.0,70.0,16616.0,-15.0,0.0
1.0,0.0,0.0,0.0,0.0,1.0,0.0,0.0,2.0,8.0,0.0,2.0,2.0,0.0,6.0,0.0,0.0,1.0,1.0,0.5470000000204891,62122.0,0.0,0.0,0.0,0.0,1.0,1.0,41.0,26476.0,44.0,1.0
0.0,0.0,1.0,1.0,0.0,1.0,0.0,0.0,4.0,6.0,0.0,3.0,20.0,0.0,73.0,0.0,0.0,0.0,0.0,0.8440000000409782,99952.0,0.0,0.0,0.0,0.0,0.0,1.0,60.0,21759.0,86.0,0.0
1.0,0.0,0.0,0.0,0.0,1.0,0.0,0.0,0.0,4.0,0.0,4.0,0.0,0.0,0.0,0.0,0.0,0.0,1.0,0.375,3512.0,0.0,0.0,0.0,0.0,0.0,0.0,0.0,134.0,27.0,1.0
1.0,0.0,0.0,0.0,0.0,1.0,0.0,0.0,3.0,7.0,0.0,1.0,0.0,0.0,2.0,0.0,0.0,0.0,0.0,0.20300000009592623,7504.0,0.0,0.0,0.0,0.0,0.0,0.0,3.0,4480.0,14.5,0.0
0.0,0.0,1.0,1.0,0.0,1.0,0.0,0.0,2.0,0.0,0.0,0.0,0.0,1.0,1.0,0.0,0.0,0.0,0.0,0.2969999999040738,1539.0,0.0,0.0,0.0,0.0,0.0,0.0,1.0,60.0,-14.0,0.0
0.0,0.0,1.0,1.0,0.0,1.0,0.0,0.0,5.0,1.0,0.0,1.0,0.0,0.0,1.0,0.0,0.0,0.0,0.0,0.5940000000409782,1261.0,1.0,0.0,0.0,0.0,0.0,0.0,1.0,138.0,-13.5,0.0
0.0,0.0,1.0,1.0,0.0,1.0,0.0,0.0,2.0,7.0,0.0,3.0,0.0,0.0,0.0,0.0,0.0,0.0,0.0,0.9220000000204891,99998.0,0.0,0.0,0.0,0.0,0.0,0.0,0.0,15497.0,5.5,0.0
0.0,0.0,1.0,1.0,0.0,1.0,0.0,0.0,4.0,2.0,0.0,0.0,0.0,0.0,4.0,0.0,0.0,0.0,0.0,2.547000000020489,30815.0,0.0,0.0,0.0,0.0,0.0,0.0,20.0,1713.0,-12.0,0.0
0.0,0.0,0.0,0.0,1.0,0.0,1.0,0.0,1.0,0.0,0.0,0.0,0.0,0.0,0.0,0.0,0.0,0.0,0.0,1.25,524.0,0.0,0.0,0.0,0.0,0.0,0.0,0.0,25.0,-5.0,0.0
0.0,0.0,1.0,1.0,0.0,1.0,0.0,0.0,0.0,4.0,0.0,2.0,0.0,0.0,0.0,4.0,1.0,0.0,0.0,0.15600000007543713,12819.0,0.0,0.0,0.0,0.0,0.0,0.0,42.0,719.0,1.0,0.0
1.0,0.0,0.0,0.0,0.0,1.0,0.0,0.0,2.0,9.0,0.0,3.0,0.0,0.0,0.0,0.0,0.0,0.0,0.0,3.26500000001397,100000.0,2.0,0.0,0.0,0.0,0.0,1.0,0.0,89644.0,27.5,0.0
0.0,0.0,1.0,1.0,0.0,1.0,0.0,0.0,2.0,3.0,0.0,1.0,0.0,0.0,2.0,0.0,0.0,0.0,0.0,1.812999999965541,4656.0,1.0,0.0,0.0,0.0,0.0,0.0,1.0,252.0,-4.5,0.0
0.0,0.0,1.0,1.0,0.0,1.0,0.0,0.0,3.0,0.0,0.0,0.0,0.0,1.0,1.0,0.0,0.0,0.0,0.0,0.7969999999040738,3586.0,0.0,0.0,0.0,0.0,0.0,0.0,2.0,678.0,-16.0,0.0
0.0,0.0,1.0,1.0,0.0,1.0,0.0,0.0,4.0,2.0,0.0,0.0,0.0,0.0,4.0,0.0,0.0,0.0,0.0,0.39000000001396984,30831.0,0.0,0.0,0.0,0.0,0.0,0.0,20.0,1725.0,-12.0,0.0
0.0,0.0,0.0,1.0,0.0,1.0,0.0,0.0,3.0,0.0,0.0,0.0,0.0,1.0,0.0,0.0,0.0,0.0,0.0,1.0310000000754371,4237.0,1.0,0.0,0.0,0.0,0.0,0.0,6.0,1302.0,-6.0,0.0
1.0,0.0,0.0,0.0,0.0,1.0,0.0,0.0,1.0,8.0,0.0,2.0,0.0,0.0,0.0,0.0,0.0,1.0,1.0,1.5309999999590218,100000.0,1.0,0.0,0.0,0.0,1.0,1.0,0.0,11178.0,36.0,1.0
1.0,0.0,0.0,0.0,0.0,1.0,0.0,0.0,2.0,11.0,0.0,0.0,3.0,0.0,17.0,1.0,0.0,0.0,0.0,0.625,12102.0,0.0,0.0,0.0,0.0,0.0,0.0,12.0,1861.0,34.5,1.0
1.0,0.0,0.0,0.0,0.0,1.0,0.0,0.0,1.0,1.0,0.0,0.0,0.0,0.0,0.0,0.0,0.0,1.0,1.0,5.422000000020489,100000.0,0.0,0.0,0.0,0.0,0.0,1.0,0.0,0.0,16.5,1.0
1.0,0.0,0.0,0.0,0.0,1.0,0.0,0.0,5.0,7.0,0.0,1.0,0.0,0.0,0.0,1.0,1.0,0.0,1.0,0.875,99551.0,0.0,0.0,0.0,0.0,0.0,0.0,3.0,68113.0,15.5,0.0
0.0,0.0,1.0,1.0,0.0,1.0,0.0,0.0,2.0,2.0,0.0,1.0,0.0,24.0,1.0,1.0,1.0,0.0,0.0,0.9690000000409782,12480.0,0.0,0.0,0.0,0.0,0.0,0.0,48.0,2244.0,-78.0,0.0
1.0,0.0,0.0,0.0,0.0,1.0,0.0,0.0,1.0,2.0,0.0,1.0,2.0,0.0,0.0,0.0,0.0,1.0,1.0,0.1869999999180436,9743.0,0.0,0.0,0.0,0.0,0.0,0.0,4.0,1685.0,24.0,0.0
1.0,0.0,0.0,0.0,0.0,1.0,0.0,0.0,1.0,2.0,0.0,0.0,0.0,0.0,0.0,0.0,0.0,0.0,0.0,3.327999999979511,17030.0,0.0,0.0,0.0,0.0,0.0,0.0,2.0,1277.0,9.0,0.0
1.0,0.0,0.0,0.0,0.0,1.0,0.0,0.0,1.0,5.0,0.0,0.0,0.0,0.0,8.0,0.0,0.0,0.0,1.0,3.905999999959022,99989.0,0.0,0.0,0.0,0.0,0.0,1.0,51.0,2283.0,24.5,1.0
1.0,0.0,0.0,0.0,0.0,1.0,0.0,1.0,0.0,3.0,0.0,0.0,0.0,0.0,0.0,1.0,1.0,1.0,0.0,0.8279999999795109,11607.0,0.0,0.0,0.0,0.0,0.0,0.0,47.0,1164.0,12.5,1.0
0.0,0.0,1.0,1.0,0.0,1.0,0.0,0.0,2.0,4.0,0.0,0.0,0.0,0.0,0.0,1.0,2.0,0.0,0.0,3.672000000020489,15735.0,0.0,0.0,0.0,0.0,0.0,0.0,62.0,4120.0,-5.0,0.0
1.0,0.0,0.0,0.0,0.0,0.0,1.0,0.0,0.0,6.0,0.0,1.0,0.0,0.0,72.0,0.0,0.0,0.0,0.0,2.437999999965541,99947.0,1.0,0.0,0.0,0.0,0.0,0.0,55.0,17533.0,9.0,0.0
1.0,0.0,0.0,0.0,0.0,1.0,0.0,0.0,2.0,6.0,0.0,4.0,0.0,0.0,1.0,0.0,0.0,1.0,1.0,1.312999999965541,100000.0,0.0,0.0,0.0,0.0,0.0,0.0,0.0,92511.0,26.0,1.0
0.0,0.0,1.0,1.0,0.0,1.0,0.0,0.0,4.0,5.0,0.0,0.0,0.0,0.0,1.0,6.0,1.0,0.0,0.0,0.26500000001396984,31755.0,0.0,0.0,0.0,0.0,0.0,0.0,40.0,6081.0,-9.5,0.0
1.0,0.0,0.0,0.0,0.0,1.0,0.0,0.0,2.0,2.0,0.0,1.0,0.0,0.0,0.0,0.0,0.0,0.0,0.0,0.0470000000204891,65866.0,0.0,0.0,0.0,0.0,0.0,0.0,0.0,1084.0,9.0,0.0
1.0,0.0,0.0,0.0,0.0,1.0,0.0,0.0,2.0,4.0,0.0,0.0,0.0,0.0,6.0,3.0,3.0,0.0,1.0,2.6089999999385327,99998.0,2.0,0.0,0.0,0.0,0.0,1.0,78.0,14928.0,19.0,1.0
0.0,0.0,0.0,1.0,0.0,1.0,0.0,0.0,1.0,2.0,0.0,1.0,0.0,0.0,0.0,0.0,0.0,0.0,0.0,0.045999999972991645,5607.0,0.0,0.0,0.0,0.0,0.0,0.0,0.0,3241.0,6.0,0.0
1.0,0.0,0.0,0.0,0.0,1.0,0.0,0.0,1.0,0.0,0.0,0.0,0.0,0.0,0.0,0.0,0.0,0.0,0.0,1.25,5518.0,0.0,0.0,0.0,0.0,0.0,0.0,0.0,3330.0,6.0,1.0
1.0,0.0,0.0,0.0,0.0,1.0,0.0,0.0,1.0,2.0,0.0,1.0,0.0,0.0,0.0,0.0,0.0,0.0,0.0,1.0939999999245629,8278.0,1.0,0.0,0.0,0.0,0.0,0.0,1.0,2015.0,11.0,0.0
0.0,0.0,0.0,0.0,0.0,1.0,0.0,0.0,0.0,1.0,0.0,0.0,0.0,0.0,0.0,0.0,0.0,0.0,0.0,0.21799999999348074,2664.0,0.0,0.0,0.0,0.0,0.0,0.0,0.0,67.0,4.5,0.0
0.0,0.0,1.0,1.0,0.0,1.0,0.0,0.0,6.0,13.0,0.0,0.0,0.0,25.0,6.0,1.0,1.0,0.0,0.0,5.10999999998603,48926.0,0.0,0.0,0.0,0.0,0.0,1.0,46.0,2749.0,-68.5,0.0
0.0,0.0,1.0,1.0,0.0,1.0,0.0,0.0,7.0,4.0,0.0,1.0,0.0,0.0,1.0,6.0,1.0,0.0,0.0,0.5790000000270084,70458.0,0.0,0.0,0.0,0.0,0.0,0.0,70.0,16616.0,-15.0,0.0
0.0,0.0,1.0,1.0,0.0,1.0,0.0,0.0,4.0,1.0,0.0,0.0,0.0,0.0,0.0,0.0,0.0,0.0,0.0,0.35900000005494803,5069.0,0.0,0.0,0.0,0.0,0.0,0.0,3.0,616.0,-13.5,0.0
1.0,0.0,0.0,0.0,0.0,1.0,0.0,0.0,3.0,7.0,0.0,1.0,0.0,0.0,2.0,0.0,0.0,0.0,0.0,0.2970000000204891,7504.0,0.0,0.0,0.0,0.0,0.0,0.0,3.0,4480.0,14.5,0.0
1.0,0.0,0.0,0.0,0.0,1.0,0.0,0.0,1.0,5.0,0.0,1.0,2.0,0.0,4.0,5.0,3.0,0.0,0.0,7.030999999959022,92578.0,0.0,0.0,0.0,0.0,0.0,0.0,66.0,2348.0,21.5,0.0
1.0,0.0,0.0,0.0,0.0,1.0,0.0,0.0,0.0,0.0,0.0,0.0,0.0,0.0,0.0,0.0,0.0,0.0,0.0,0.3279999999795109,114.0,0.0,0.0,0.0,0.0,0.0,0.0,0.0,0.0,8.0,0.0
1.0,0.0,0.0,0.0,0.0,1.0,0.0,0.0,0.0,4.0,0.0,2.0,0.0,0.0,0.0,0.0,0.0,0.0,0.0,0.25,5989.0,0.0,0.0,0.0,1.0,0.0,0.0,2.0,268.0,24.0,0.0
1.0,0.0,0.0,0.0,0.0,1.0,0.0,0.0,0.0,5.0,0.0,0.0,0.0,0.0,3.0,0.0,0.0,1.0,0.0,2.0,22298.0,0.0,0.0,0.0,0.0,0.0,0.0,40.0,12076.0,15.5,1.0
0.0,0.0,1.0,1.0,0.0,1.0,0.0,0.0,3.0,1.0,0.0,0.0,0.0,0.0,2.0,8.0,4.0,0.0,0.0,0.23400000005494803,16151.0,0.0,0.0,0.0,0.0,0.0,0.0,28.0,5806.0,-13.5,0.0
0.0,0.0,1.0,1.0,0.0,0.0,1.0,0.0,4.0,0.0,0.0,0.0,0.0,0.0,1.0,0.0,0.0,0.0,0.0,0.9059999999590218,2707.0,0.0,0.0,0.0,0.0,0.0,0.0,11.0,336.0,-18.0,0.0
1.0,0.0,0.0,0.0,0.0,1.0,0.0,0.0,3.0,15.0,0.0,3.0,5.0,0.0,0.0,0.0,0.0,1.0,1.0,0.6720000000204891,99994.0,0.0,0.0,0.0,1.0,1.0,1.0,0.0,80797.0,70.5,1.0
1.0,0.0,0.0,0.0,0.0,1.0,0.0,0.0,0.0,4.0,0.0,4.0,0.0,0.0,0.0,0.0,0.0,0.0,1.0,0.39000000001396984,3516.0,0.0,0.0,0.0,0.0,0.0,0.0,0.0,134.0,27.0,0.0
0.0,0.0,1.0,1.0,0.0,1.0,0.0,0.0,3.0,8.0,0.0,0.0,0.0,0.0,0.0,0.0,0.0,0.0,0.0,1.5929999999934807,47813.0,1.0,0.0,0.0,0.0,0.0,0.0,1.0,3671.0,-1.0,0.0
1.0,0.0,0.0,0.0,0.0,1.0,0.0,0.0,1.0,0.0,0.0,0.0,0.0,1.0,1.0,0.0,0.0,0.0,0.0,3.952999999979511,3036.0,0.0,0.0,0.0,0.0,0.0,0.0,0.0,1707.0,3.0,1.0
0.0,0.0,1.0,1.0,0.0,1.0,0.0,0.0,9.0,10.0,3.0,1.0,0.0,0.0,6.0,2.0,2.0,0.0,0.0,8.062999999965541,99967.0,1.0,0.0,0.0,0.0,0.0,0.0,134.0,32201.0,-15.0,0.0
0.0,0.0,0.0,1.0,0.0,1.0,0.0,0.0,1.0,1.0,0.0,1.0,0.0,0.0,0.0,0.0,0.0,0.0,0.0,0.2339999999385327,5781.0,0.0,0.0,0.0,0.0,0.0,0.0,0.0,3415.0,4.5,0.0
0.0,0.0,1.0,1.0,0.0,1.0,0.0,0.0,5.0,1.0,0.0,1.0,0.0,0.0,0.0,0.0,0.0,0.0,0.0,1.4209999999729916,5201.0,0.0,0.0,0.0,0.0,0.0,0.0,0.0,245.0,-13.5,0.0
0.0,0.0,0.0,1.0,0.0,1.0,0.0,0.0,1.0,1.0,0.0,1.0,0.0,0.0,0.0,0.0,0.0,0.0,0.0,0.1720000000204891,5804.0,0.0,0.0,0.0,0.0,0.0,0.0,0.0,3438.0,4.5,0.0
0.0,0.0,1.0,1.0,0.0,1.0,0.0,0.0,3.0,0.0,0.0,0.0,0.0,0.0,0.0,0.0,0.0,0.0,0.0,0.31299999996554106,2556.0,0.0,0.0,0.0,0.0,0.0,0.0,0.0,1192.0,-13.0,0.0
0.0,0.0,1.0,1.0,0.0,1.0,0.0,0.0,7.0,18.0,0.0,1.0,0.0,5.0,5.0,0.0,0.0,0.0,0.0,1.5309999999590218,99803.0,0.0,0.0,0.0,0.0,0.0,0.0,41.0,84697.0,-7.0,0.0
1.0,0.0,0.0,0.0,0.0,1.0,0.0,0.0,1.0,17.0,0.0,8.0,0.0,0.0,0.0,0.0,0.0,1.0,1.0,3.375,99980.0,0.0,0.0,0.0,0.0,0.0,1.0,0.0,3127.0,56.5,1.0
0.0,0.0,1.0,1.0,0.0,1.0,0.0,0.0,4.0,0.0,0.0,0.0,0.0,0.0,0.0,0.0,0.0,0.0,0.0,2.594000000040978,755.0,0.0,0.0,0.0,0.0,0.0,0.0,0.0,0.0,-15.0,0.0
1.0,0.0,0.0,0.0,0.0,1.0,0.0,0.0,0.0,6.0,0.0,3.0,0.0,0.0,1.0,0.0,0.0,0.0,1.0,0.9839999999385327,8478.0,0.0,0.0,0.0,0.0,0.0,1.0,0.0,787.0,32.0,0.0
0.0,0.0,1.0,1.0,0.0,1.0,0.0,0.0,1.0,5.0,0.0,2.0,0.0,0.0,0.0,1.0,0.0,0.0,0.0,0.6720000000204891,43078.0,0.0,0.0,0.0,0.0,0.0,0.0,38.0,7756.0,2.5,0.0
1.0,0.0,0.0,0.0,0.0,1.0,0.0,0.0,2.0,11.0,0.0,0.0,3.0,0.0,17.0,1.0,0.0,0.0,0.0,0.39000000001396984,12102.0,0.0,0.0,0.0,0.0,0.0,0.0,12.0,1861.0,34.5,0.0
1.0,0.0,0.0,0.0,0.0,1.0,0.0,0.0,1.0,0.0,0.0,0.0,0.0,1.0,1.0,0.0,0.0,0.0,0.0,0.0779999999795109,3036.0,0.0,0.0,0.0,0.0,0.0,0.0,0.0,1707.0,3.0,0.0
0.0,0.0,1.0,1.0,0.0,1.0,0.0,0.0,1.0,0.0,0.0,0.0,0.0,0.0,0.0,0.0,0.0,0.0,0.0,1.1559999999590218,3.0,0.0,0.0,0.0,0.0,0.0,0.0,0.0,3.0,-9.0,0.0
1.0,0.0,0.0,0.0,0.0,0.0,1.0,0.0,2.0,7.0,0.0,0.0,0.0,0.0,0.0,0.0,0.0,1.0,1.0,2.047000000020489,24095.0,0.0,0.0,0.0,0.0,0.0,1.0,3.0,6330.0,15.5,1.0
1.0,0.0,0.0,0.0,0.0,0.0,0.0,0.0,3.0,5.0,0.0,0.0,0.0,0.0,1.0,0.0,0.0,0.0,0.0,0.45400000002700835,9091.0,0.0,0.0,0.0,0.0,0.0,0.0,7.0,1546.0,6.5,0.0
1.0,0.0,0.0,0.0,0.0,0.0,0.0,0.0,1.0,11.0,0.0,1.0,0.0,0.0,0.0,0.0,0.0,0.0,0.0,2.6089999999385327,99998.0,1.0,0.0,0.0,0.0,0.0,0.0,0.0,0.0,17.5,0.0
0.0,0.0,1.0,1.0,0.0,1.0,0.0,0.0,5.0,1.0,0.0,0.0,0.0,0.0,0.0,0.0,0.0,0.0,0.0,0.46899999992456287,645.0,0.0,0.0,0.0,0.0,0.0,0.0,0.0,67.0,-15.5,0.0
1.0,0.0,0.0,0.0,0.0,1.0,0.0,0.0,0.0,4.0,0.0,1.0,1.0,0.0,3.0,3.0,3.0,0.0,0.0,1.5309999999590218,10541.0,0.0,0.0,0.0,0.0,0.0,1.0,25.0,1535.0,22.0,0.0
1.0,0.0,0.0,0.0,0.0,1.0,0.0,0.0,0.0,4.0,0.0,2.0,0.0,0.0,2.0,0.0,0.0,0.0,1.0,1.327999999979511,98895.0,1.0,0.0,0.0,0.0,0.0,1.0,38.0,80407.0,27.0,1.0
1.0,0.0,0.0,0.0,0.0,0.0,0.0,0.0,0.0,0.0,0.0,0.0,0.0,0.0,1.0,0.0,0.0,0.0,0.0,0.5320000000065193,649.0,1.0,0.0,0.0,0.0,0.0,0.0,0.0,0.0,1.0,0.0
0.0,0.0,1.0,1.0,0.0,1.0,0.0,0.0,3.0,8.0,0.0,0.0,0.0,0.0,0.0,0.0,0.0,0.0,0.0,1.4689999999245629,47813.0,1.0,0.0,0.0,0.0,0.0,0.0,1.0,3671.0,-1.0,0.0
1.0,0.0,0.0,0.0,0.0,0.0,1.0,0.0,0.0,6.0,0.0,1.0,0.0,0.0,72.0,0.0,0.0,0.0,0.0,2.2339999999385327,99947.0,1.0,0.0,0.0,0.0,0.0,0.0,55.0,17533.0,9.0,0.0
1.0,0.0,0.0,0.0,0.0,1.0,0.0,0.0,1.0,13.0,0.0,3.0,5.0,0.0,2.0,2.0,0.0,1.0,1.0,4.766000000061467,35519.0,0.0,0.0,0.0,0.0,0.0,1.0,72.0,12398.0,60.5,1.0
1.0,0.0,0.0,0.0,0.0,1.0,0.0,0.0,2.0,12.0,0.0,8.0,0.0,0.0,1.0,0.0,0.0,1.0,1.0,1.5630000000819564,51501.0,0.0,0.0,0.0,1.0,0.0,0.0,1.0,163.0,49.0,1.0
0.0,0.0,0.0,1.0,0.0,1.0,0.0,0.0,1.0,3.0,0.0,1.0,0.0,0.0,0.0,0.0,0.0,0.0,0.0,0.7190000000409782,5802.0,0.0,0.0,0.0,0.0,0.0,0.0,0.0,3436.0,7.5,0.0
1.0,0.0,0.0,0.0,0.0,0.0,0.0,0.0,0.0,7.0,0.0,2.0,54.0,0.0,61.0,53.0,4.0,0.0,0.0,6.344000000040978,100000.0,1.0,0.0,0.0,0.0,0.0,0.0,111.0,22322.0,231.5,0.0
0.0,0.0,1.0,1.0,0.0,1.0,0.0,0.0,3.0,2.0,0.0,0.0,0.0,0.0,2.0,0.0,0.0,0.0,0.0,0.7650000000139698,9379.0,0.0,0.0,0.0,0.0,0.0,0.0,5.0,596.0,-10.0,0.0
0.0,0.0,0.0,0.0,1.0,1.0,0.0,0.0,0.0,0.0,0.0,0.0,0.0,0.0,0.0,0.0,0.0,0.0,0.0,2.2339999999385327,1530.0,1.0,0.0,0.0,0.0,0.0,0.0,0.0,1.0,0.0,1.0
0.0,0.0,1.0,1.0,0.0,1.0,0.0,0.0,2.0,5.0,1.0,1.0,2.0,0.0,0.0,0.0,0.0,0.0,0.0,2.077999999979511,100000.0,0.0,0.0,0.0,0.0,0.0,0.0,9.0,51853.0,3.5,0.0
0.0,0.0,1.0,1.0,0.0,1.0,0.0,0.0,5.0,7.0,0.0,1.0,0.0,13.0,1.0,0.0,0.0,0.0,0.0,3.952999999979511,99998.0,1.0,0.0,0.0,0.0,0.0,0.0,22.0,13742.0,-43.5,0.0
0.0,0.0,1.0,1.0,0.0,1.0,0.0,0.0,5.0,5.0,0.0,0.0,0.0,25.0,21.0,1.0,1.0,0.0,0.0,1.3440000000409782,31725.0,0.0,0.0,0.0,0.0,0.0,1.0,51.0,2316.0,-78.5,0.0
0.0,0.0,1.0,1.0,0.0,1.0,0.0,0.0,2.0,2.0,0.0,1.0,0.0,24.0,1.0,1.0,1.0,0.0,0.0,0.25,12480.0,0.0,0.0,0.0,0.0,0.0,0.0,48.0,2244.0,-78.0,0.0
0.0,0.0,0.0,1.0,0.0,1.0,0.0,0.0,1.0,2.0,0.0,1.0,0.0,0.0,0.0,0.0,0.0,0.0,0.0,0.045999999972991645,5636.0,0.0,0.0,0.0,0.0,0.0,0.0,0.0,3270.0,6.0,0.0
1.0,0.0,0.0,0.0,0.0,0.0,0.0,0.0,1.0,0.0,0.0,0.0,0.0,0.0,0.0,0.0,0.0,0.0,0.0,0.31299999996554106,9140.0,1.0,0.0,0.0,0.0,0.0,0.0,0.0,8748.0,-1.0,0.0
0.0,0.0,1.0,1.0,0.0,1.0,0.0,0.0,3.0,3.0,0.0,1.0,0.0,10.0,1.0,0.0,0.0,0.0,0.0,1.75,8221.0,0.0,0.0,0.0,0.0,0.0,0.0,7.0,1217.0,-36.5,0.0
0.0,0.0,1.0,1.0,0.0,1.0,0.0,0.0,2.0,3.0,0.0,1.0,0.0,0.0,2.0,0.0,0.0,0.0,0.0,2.48499999998603,4656.0,1.0,0.0,0.0,0.0,0.0,0.0,1.0,252.0,-4.5,0.0
0.0,0.0,1.0,1.0,0.0,1.0,0.0,0.0,1.0,0.0,1.0,0.0,0.0,0.0,1.0,0.0,0.0,0.0,0.0,1.0309999999590218,12920.0,1.0,0.0,0.0,0.0,0.0,0.0,1.0,6825.0,-12.0,0.0
1.0,0.0,0.0,0.0,0.0,1.0,0.0,0.0,0.0,1.0,0.0,1.0,0.0,0.0,0.0,0.0,0.0,0.0,0.0,0.8280000000959262,686.0,0.0,0.0,0.0,0.0,0.0,0.0,0.0,100.0,11.5,0.0
1.0,0.0,0.0,0.0,0.0,1.0,0.0,0.0,1.0,0.0,0.0,0.0,0.0,1.0,1.0,0.0,0.0,0.0,0.0,0.046999999904073775,3036.0,0.0,0.0,0.0,0.0,0.0,0.0,0.0,1707.0,3.0,0.0
0.0,0.0,0.0,1.0,0.0,1.0,0.0,0.0,1.0,2.0,0.0,1.0,0.0,0.0,0.0,0.0,0.0,0.0,0.0,0.0470000000204891,5752.0,0.0,0.0,0.0,0.0,0.0,0.0,0.0,3386.0,6.0,0.0
0.0,0.0,1.0,1.0,0.0,1.0,0.0,0.0,5.0,5.0,0.0,0.0,0.0,25.0,1.0,1.0,1.0,0.0,0.0,0.8130000000819564,52440.0,0.0,0.0,0.0,0.0,0.0,0.0,46.0,2895.0,-84.5,0.0
0.0,0.0,0.0,1.0,0.0,1.0,0.0,0.0,2.0,3.0,0.0,0.0,0.0,0.0,0.0,0.0,0.0,0.0,0.0,0.31200000003445894,100000.0,0.0,0.0,0.0,0.0,0.0,0.0,0.0,0.0,3.5,0.0
1.0,0.0,0.0,0.0,0.0,0.0,1.0,0.0,0.0,6.0,0.0,1.0,0.0,0.0,46.0,2.0,1.0,0.0,0.0,2.734000000054948,100000.0,2.0,0.0,0.0,0.0,0.0,0.0,174.0,30092.0,9.0,1.0
0.0,0.0,0.0,1.0,0.0,0.0,0.0,0.0,1.0,2.0,0.0,1.0,0.0,0.0,0.0,0.0,0.0,0.0,0.0,0.9070000000065193,5717.0,1.0,0.0,0.0,0.0,0.0,0.0,0.0,3351.0,-1.0,0.0
0.0,0.0,0.0,1.0,0.0,1.0,0.0,0.0,1.0,0.0,0.0,0.0,0.0,0.0,0.0,0.0,0.0,0.0,0.0,0.14099999994505197,919.0,0.0,0.0,0.0,0.0,0.0,0.0,0.0,520.0,1.0,0.0
1.0,0.0,0.0,0.0,0.0,1.0,0.0,0.0,2.0,8.0,0.0,7.0,0.0,0.0,0.0,0.0,0.0,0.0,1.0,0.10900000005494803,29294.0,3.0,0.0,0.0,0.0,0.0,1.0,12.0,2252.0,39.0,1.0
0.0,0.0,1.0,1.0,0.0,1.0,0.0,0.0,2.0,0.0,0.0,0.0,0.0,1.0,1.0,0.0,0.0,0.0,0.0,0.5779999999795109,1481.0,0.0,0.0,0.0,0.0,0.0,0.0,0.0,52.0,-14.0,0.0
0.0,0.0,0.0,1.0,0.0,1.0,0.0,0.0,1.0,1.0,0.0,0.0,0.0,0.0,0.0,0.0,0.0,0.0,0.0,0.1559999999590218,5681.0,0.0,0.0,0.0,0.0,0.0,0.0,0.0,5368.0,2.5,0.0
1.0,0.0,0.0,0.0,0.0,1.0,0.0,0.0,0.0,1.0,0.0,0.0,0.0,0.0,0.0,4.0,1.0,0.0,0.0,0.9209999999729916,8422.0,1.0,0.0,0.0,0.0,0.0,0.0,0.0,1022.0,7.5,0.0
0.0,0.0,1.0,1.0,0.0,1.0,0.0,0.0,1.0,4.0,0.0,0.0,0.0,1.0,2.0,2.0,0.0,0.0,0.0,0.6400000000139698,7488.0,0.0,0.0,0.0,0.0,0.0,0.0,11.0,3452.0,-6.0,0.0
1.0,0.0,0.0,0.0,0.0,1.0,0.0,0.0,1.0,15.0,0.0,1.0,61.0,0.0,6.0,4.0,1.0,1.0,1.0,2.0,100000.0,1.0,0.0,0.0,0.0,0.0,1.0,163.0,53384.0,283.5,1.0
0.0,0.0,1.0,1.0,0.0,1.0,0.0,0.0,4.0,7.0,0.0,1.0,0.0,0.0,5.0,0.0,0.0,0.0,0.0,0.8900000000139698,31108.0,0.0,0.0,0.0,0.0,0.0,0.0,19.0,20716.0,-2.5,1.0
0.0,0.0,0.0,0.0,0.0,1.0,0.0,0.0,0.0,0.0,0.0,0.0,0.0,0.0,0.0,0.0,0.0,0.0,0.0,0.5310000000754371,2010.0,1.0,0.0,0.0,0.0,0.0,0.0,0.0,666.0,3.0,0.0
1.0,0.0,0.0,0.0,0.0,1.0,0.0,0.0,0.0,4.0,0.0,4.0,0.0,0.0,0.0,0.0,0.0,0.0,1.0,1.437999999965541,3511.0,0.0,0.0,0.0,0.0,0.0,0.0,0.0,134.0,27.0,0.0
0.0,0.0,1.0,1.0,0.0,1.0,0.0,0.0,5.0,3.0,0.0,0.0,0.0,0.0,3.0,4.0,2.0,0.0,0.0,0.875,9607.0,0.0,0.0,0.0,0.0,0.0,0.0,13.0,1595.0,-14.5,0.0
1.0,0.0,0.0,0.0,0.0,1.0,0.0,0.0,1.0,0.0,0.0,0.0,0.0,0.0,0.0,0.0,0.0,0.0,0.0,0.6720000000204891,5518.0,0.0,0.0,0.0,0.0,0.0,0.0,0.0,3330.0,6.0,0.0
1.0,0.0,0.0,0.0,0.0,0.0,1.0,0.0,1.0,10.0,0.0,3.0,0.0,0.0,15.0,1.0,0.0,0.0,1.0,3.030999999959022,99949.0,1.0,0.0,0.0,1.0,1.0,1.0,59.0,1779.0,37.0,1.0
0.0,0.0,1.0,1.0,0.0,1.0,0.0,0.0,4.0,4.0,0.0,0.0,0.0,0.0,3.0,0.0,0.0,1.0,0.0,0.8439999999245629,83457.0,0.0,0.0,0.0,0.0,0.0,0.0,5.0,1474.0,-9.0,0.0
0.0,0.0,0.0,1.0,0.0,0.0,1.0,0.0,1.0,1.0,0.0,1.0,0.0,0.0,0.0,0.0,0.0,0.0,0.0,0.1559999999590218,5740.0,0.0,0.0,0.0,0.0,0.0,0.0,0.0,3374.0,1.5,0.0
1.0,0.0,0.0,0.0,0.0,1.0,0.0,0.0,1.0,11.0,0.0,4.0,0.0,0.0,0.0,0.0,0.0,1.0,1.0,1.7179999999934807,99982.0,1.0,0.0,0.0,1.0,0.0,0.0,0.0,2780.0,41.5,1.0
0.0,0.0,1.0,1.0,0.0,1.0,0.0,0.0,12.0,15.0,1.0,2.0,0.0,0.0,1.0,1.0,0.0,0.0,0.0,1.75,56728.0,1.0,0.0,0.0,0.0,0.0,0.0,13.0,14147.0,-7.5,0.0
0.0,0.0,0.0,1.0,0.0,1.0,0.0,0.0,2.0,2.0,0.0,1.0,0.0,5.0,0.0,0.0,0.0,0.0,0.0,0.0940000000409782,4547.0,0.0,0.0,0.0,0.0,0.0,0.0,1.0,1522.0,-11.0,1.0
1.0,0.0,0.0,0.0,0.0,1.0,0.0,0.0,2.0,11.0,0.0,2.0,9.0,2.0,11.0,25.0,6.0,1.0,1.0,1.2660000000614673,67150.0,0.0,0.0,0.0,0.0,0.0,1.0,64.0,13422.0,63.5,1.0
0.0,0.0,1.0,1.0,0.0,1.0,0.0,0.0,4.0,10.0,3.0,1.0,0.0,0.0,1.0,0.0,0.0,0.0,1.0,3.26500000001397,26108.0,0.0,0.0,0.0,0.0,0.0,1.0,14.0,8298.0,2.0,0.0
0.0,0.0,0.0,1.0,0.0,1.0,0.0,0.0,1.0,0.0,0.0,0.0,0.0,0.0,0.0,0.0,0.0,0.0,0.0,0.34299999999348074,545.0,0.0,0.0,0.0,0.0,0.0,0.0,0.0,31.0,1.0,0.0
1.0,0.0,0.0,0.0,0.0,1.0,0.0,0.0,2.0,4.0,0.0,2.0,0.0,0.0,1.0,1.0,0.0,0.0,1.0,0.8599999999860302,99945.0,1.0,0.0,0.0,0.0,0.0,0.0,5.0,59678.0,19.0,0.0
0.0,0.0,1.0,1.0,0.0,1.0,0.0,0.0,3.0,10.0,0.0,0.0,0.0,1.0,0.0,3.0,2.0,0.0,0.0,2.547000000020489,57126.0,0.0,0.0,0.0,0.0,0.0,0.0,31.0,3275.0,-3.0,0.0
0.0,0.0,1.0,1.0,0.0,1.0,0.0,0.0,2.0,13.0,0.0,1.0,2.0,3.0,2.0,9.0,2.0,0.0,0.0,0.7029999999795109,99997.0,1.0,0.0,0.0,0.0,0.0,0.0,35.0,9692.0,7.5,0.0
1.0,0.0,0.0,0.0,0.0,1.0,0.0,0.0,2.0,8.0,1.0,5.0,2.0,0.0,0.0,0.0,0.0,1.0,1.0,1.0940000000409782,99999.0,0.0,0.0,0.0,1.0,0.0,1.0,47.0,2110.0,46.0,1.0
0.0,0.0,1.0,1.0,0.0,1.0,0.0,0.0,5.0,2.0,0.0,0.0,0.0,25.0,9.0,1.0,1.0,0.0,0.0,0.9839999999385327,52758.0,0.0,0.0,0.0,0.0,0.0,1.0,46.0,2451.0,-83.0,0.0
0.0,0.0,1.0,1.0,0.0,1.0,0.0,0.0,4.0,6.0,0.0,3.0,20.0,0.0,73.0,0.0,0.0,0.0,0.0,0.7970000000204891,99952.0,0.0,0.0,0.0,0.0,0.0,1.0,61.0,21761.0,86.0,0.0
1.0,0.0,0.0,0.0,0.0,1.0,0.0,0.0,2.0,10.0,0.0,0.0,0.0,0.0,0.0,0.0,0.0,0.0,0.0,0.9220000000204891,100000.0,1.0,0.0,0.0,0.0,0.0,0.0,0.0,0.0,19.0,0.0
1.0,0.0,0.0,0.0,0.0,0.0,0.0,0.0,0.0,0.0,0.0,0.0,0.0,0.0,0.0,0.0,0.0,0.0,0.0,1.0309999999590218,2184.0,1.0,0.0,0.0,0.0,0.0,0.0,0.0,699.0,1.0,0.0
0.0,0.0,0.0,1.0,0.0,1.0,0.0,0.0,1.0,1.0,0.0,1.0,0.0,0.0,0.0,0.0,0.0,0.0,0.0,0.125,5672.0,0.0,0.0,0.0,0.0,0.0,0.0,0.0,3306.0,4.5,1.0
1.0,0.0,0.0,0.0,0.0,0.0,0.0,0.0,2.0,2.0,0.0,1.0,2.0,0.0,2.0,0.0,0.0,0.0,0.0,0.5940000000409782,14939.0,1.0,0.0,0.0,0.0,0.0,0.0,67.0,1519.0,10.0,0.0
0.0,0.0,1.0,1.0,0.0,1.0,0.0,0.0,1.0,7.0,0.0,1.0,0.0,0.0,0.0,0.0,0.0,0.0,1.0,0.5,99958.0,0.0,0.0,0.0,0.0,0.0,1.0,0.0,0.0,12.5,0.0
0.0,0.0,1.0,1.0,0.0,1.0,0.0,0.0,5.0,4.0,3.0,2.0,0.0,0.0,4.0,1.0,1.0,0.0,1.0,0.5309999999590218,6849.0,0.0,0.0,0.0,0.0,0.0,0.0,19.0,672.0,-11.0,0.0
1.0,0.0,0.0,0.0,0.0,1.0,0.0,0.0,2.0,2.0,0.0,1.0,0.0,0.0,0.0,0.0,0.0,0.0,0.0,0.046999999904073775,65866.0,0.0,0.0,0.0,0.0,0.0,0.0,0.0,1084.0,9.0,0.0
0.0,0.0,1.0,1.0,0.0,1.0,0.0,0.0,2.0,8.0,0.0,1.0,10.0,0.0,2.0,0.0,0.0,0.0,0.0,4.391000000061467,38393.0,1.0,0.0,0.0,0.0,0.0,0.0,54.0,2699.0,43.0,1.0
0.0,0.0,1.0,1.0,0.0,1.0,0.0,0.0,2.0,5.0,0.0,1.0,0.0,0.0,0.0,0.0,0.0,0.0,0.0,0.5,99966.0,0.0,0.0,0.0,0.0,0.0,0.0,0.0,0.0,-1.5,0.0
1.0,0.0,0.0,0.0,0.0,1.0,0.0,0.0,2.0,9.0,0.0,3.0,0.0,0.0,0.0,0.0,0.0,0.0,0.0,2.297000000020489,100000.0,2.0,0.0,0.0,0.0,0.0,1.0,0.0,89645.0,27.5,0.0
1.0,0.0,0.0,0.0,0.0,1.0,0.0,0.0,3.0,9.0,0.0,0.0,1.0,0.0,43.0,15.0,3.0,0.0,0.0,1.359000000054948,94762.0,0.0,0.0,0.0,0.0,0.0,0.0,283.0,39159.0,19.5,0.0
1.0,0.0,0.0,0.0,0.0,0.0,0.0,0.0,0.0,4.0,0.0,1.0,3.0,0.0,6.0,4.0,2.0,0.0,0.0,0.9220000000204891,11658.0,1.0,0.0,0.0,0.0,0.0,0.0,24.0,4723.0,21.0,0.0
1.0,0.0,0.0,0.0,0.0,0.0,0.0,0.0,3.0,12.0,0.0,2.0,47.0,1.0,42.0,23.0,8.0,0.0,1.0,3.484000000054948,92063.0,1.0,0.0,0.0,0.0,0.0,0.0,161.0,33410.0,207.0,0.0
0.0,0.0,0.0,1.0,0.0,0.0,1.0,0.0,1.0,1.0,0.0,1.0,0.0,0.0,0.0,0.0,0.0,0.0,0.0,0.14000000001396984,5714.0,0.0,0.0,0.0,0.0,0.0,0.0,0.0,3348.0,1.5,0.0
0.0,0.0,0.0,0.0,1.0,1.0,0.0,0.0,1.0,2.0,0.0,1.0,0.0,4.0,0.0,0.0,0.0,0.0,0.0,0.625,7692.0,0.0,0.0,0.0,0.0,0.0,0.0,7.0,2203.0,-9.0,0.0
1.0,0.0,0.0,0.0,0.0,1.0,0.0,0.0,0.0,10.0,0.0,3.0,0.0,0.0,3.0,0.0,0.0,0.0,1.0,1.3589999999385327,23306.0,0.0,0.0,0.0,0.0,0.0,0.0,4.0,11824.0,34.0,1.0
1.0,0.0,0.0,0.0,0.0,1.0,0.0,0.0,2.0,8.0,0.0,1.0,0.0,0.0,8.0,2.0,1.0,1.0,1.0,0.5619999999180436,99943.0,0.0,0.0,0.0,0.0,0.0,1.0,10.0,49708.0,29.0,1.0
0.0,0.0,0.0,1.0,0.0,1.0,0.0,0.0,4.0,11.0,0.0,0.0,0.0,0.0,0.0,0.0,0.0,0.0,0.0,0.875,97137.0,0.0,0.0,0.0,0.0,0.0,1.0,0.0,76705.0,15.5,0.0
0.0,0.0,1.0,1.0,0.0,1.0,0.0,0.0,1.0,0.0,0.0,0.0,0.0,0.0,1.0,0.0,0.0,0.0,0.0,0.43799999996554106,1824.0,0.0,0.0,0.0,0.0,0.0,0.0,4.0,152.0,-9.0,0.0
0.0,0.0,0.0,1.0,0.0,1.0,0.0,0.0,0.0,0.0,0.0,0.0,0.0,0.0,0.0,0.0,0.0,0.0,0.0,0.2809999999590218,0.0,0.0,0.0,0.0,0.0,0.0,0.0,0.0,0.0,3.0,0.0
0.0,0.0,1.0,1.0,0.0,1.0,0.0,0.0,3.0,2.0,0.0,0.0,0.0,0.0,3.0,0.0,0.0,0.0,0.0,6.280999999959022,35203.0,0.0,0.0,0.0,0.0,0.0,0.0,1.0,252.0,-10.0,0.0
1.0,0.0,0.0,0.0,0.0,1.0,0.0,0.0,0.0,4.0,0.0,2.0,0.0,0.0,0.0,0.0,0.0,0.0,0.0,0.26500000001396984,5989.0,0.0,0.0,0.0,1.0,0.0,0.0,2.0,268.0,24.0,0.0
1.0,0.0,0.0,0.0,0.0,1.0,0.0,0.0,1.0,3.0,0.0,1.0,0.0,0.0,0.0,0.0,0.0,0.0,0.0,0.5,7655.0,0.0,0.0,0.0,0.0,0.0,0.0,0.0,1027.0,12.5,0.0
0.0,0.0,1.0,1.0,0.0,1.0,0.0,0.0,2.0,3.0,0.0,1.0,0.0,0.0,2.0,0.0,0.0,0.0,0.0,1.172000000020489,4656.0,1.0,0.0,0.0,0.0,0.0,0.0,1.0,252.0,-4.5,0.0
0.0,0.0,0.0,1.0,0.0,1.0,0.0,0.0,1.0,1.0,0.0,1.0,0.0,0.0,0.0,0.0,0.0,0.0,0.0,0.06299999996554106,5771.0,0.0,0.0,0.0,0.0,0.0,0.0,0.0,3405.0,4.5,0.0
0.0,0.0,0.0,0.0,1.0,1.0,0.0,0.0,1.0,4.0,0.0,1.0,0.0,0.0,0.0,0.0,0.0,0.0,0.0,1.047000000020489,99999.0,0.0,0.0,0.0,0.0,0.0,0.0,0.0,832.0,6.0,0.0
0.0,0.0,1.0,1.0,0.0,1.0,0.0,0.0,2.0,0.0,0.0,0.0,0.0,1.0,1.0,0.0,0.0,0.0,0.0,0.5470000000204891,1481.0,0.0,0.0,0.0,0.0,0.0,0.0,0.0,52.0,-14.0,0.0
0.0,0.0,1.0,1.0,0.0,1.0,0.0,0.0,5.0,3.0,0.0,1.0,0.0,2.0,1.0,0.0,0.0,0.0,0.0,0.9379999999655411,17040.0,0.0,0.0,0.0,0.0,0.0,1.0,2.0,8271.0,-12.5,0.0
0.0,0.0,1.0,1.0,0.0,1.0,0.0,0.0,2.0,7.0,0.0,3.0,0.0,0.0,0.0,0.0,0.0,0.0,0.0,0.5470000000204891,99998.0,0.0,0.0,0.0,0.0,0.0,0.0,0.0,15497.0,5.5,0.0
0.0,0.0,1.0,1.0,0.0,1.0,0.0,0.0,4.0,3.0,1.0,1.0,0.0,1.0,2.0,1.0,0.0,0.0,1.0,0.35900000005494803,52267.0,0.0,0.0,0.0,0.0,0.0,1.0,51.0,1093.0,-5.5,0.0
1.0,0.0,0.0,0.0,0.0,1.0,0.0,0.0,1.0,12.0,0.0,3.0,0.0,0.0,2.0,0.0,0.0,1.0,1.0,0.35900000005494803,31794.0,0.0,0.0,0.0,0.0,0.0,1.0,9.0,14048.0,39.0,1.0
1.0,0.0,0.0,0.0,0.0,1.0,0.0,0.0,1.0,5.0,0.0,1.0,2.0,0.0,4.0,5.0,3.0,1.0,1.0,1.422000000020489,92578.0,0.0,0.0,0.0,0.0,0.0,0.0,66.0,2348.0,26.5,1.0
0.0,0.0,0.0,1.0,0.0,1.0,0.0,0.0,2.0,3.0,0.0,0.0,0.0,0.0,1.0,0.0,0.0,1.0,0.0,0.1559999999590218,11364.0,0.0,0.0,0.0,0.0,0.0,0.0,1.0,3853.0,3.5,1.0
0.0,0.0,0.0,0.0,1.0,0.0,1.0,0.0,1.0,0.0,0.0,0.0,0.0,0.0,0.0,0.0,0.0,0.0,0.0,1.265999999945052,524.0,0.0,0.0,0.0,0.0,0.0,0.0,0.0,25.0,-5.0,1.0
1.0,0.0,0.0,0.0,0.0,1.0,0.0,0.0,0.0,6.0,0.0,3.0,0.0,0.0,1.0,0.0,0.0,0.0,1.0,0.8910000000614673,8472.0,0.0,0.0,0.0,0.0,0.0,1.0,0.0,787.0,32.0,0.0
1.0,0.0,0.0,0.0,0.0,1.0,0.0,0.0,2.0,10.0,0.0,0.0,0.0,0.0,0.0,0.0,0.0,0.0,0.0,0.9540000000270084,100000.0,1.0,0.0,0.0,0.0,0.0,0.0,0.0,0.0,19.0,1.0
0.0,0.0,1.0,1.0,0.0,0.0,1.0,0.0,1.0,0.0,0.0,0.0,0.0,0.0,0.0,0.0,0.0,0.0,0.0,0.875,40.0,0.0,0.0,0.0,0.0,0.0,0.0,0.0,40.0,-12.0,0.0
0.0,0.0,0.0,0.0,1.0,1.0,0.0,0.0,0.0,0.0,0.0,0.0,0.0,0.0,0.0,0.0,0.0,0.0,0.0,0.7810000000754371,1530.0,1.0,0.0,0.0,0.0,0.0,0.0,0.0,1.0,0.0,0.0
0.0,0.0,0.0,1.0,0.0,1.0,0.0,0.0,0.0,0.0,0.0,0.0,0.0,0.0,1.0,0.0,0.0,0.0,0.0,0.3440000000409782,902.0,0.0,0.0,0.0,0.0,0.0,0.0,0.0,130.0,3.0,0.0
0.0,0.0,1.0,1.0,0.0,1.0,0.0,0.0,3.0,12.0,0.0,1.0,0.0,0.0,0.0,0.0,0.0,0.0,0.0,1.062000000034459,73133.0,1.0,0.0,0.0,0.0,0.0,0.0,0.0,24487.0,7.0,0.0
0.0,0.0,1.0,1.0,0.0,1.0,0.0,0.0,2.0,0.0,0.0,0.0,0.0,1.0,1.0,0.0,0.0,0.0,0.0,0.7179999999934807,1513.0,0.0,0.0,0.0,0.0,0.0,0.0,0.0,52.0,-14.0,0.0
1.0,0.0,0.0,0.0,0.0,1.0,0.0,0.0,1.0,10.0,1.0,4.0,22.0,0.0,11.0,1.0,2.0,1.0,1.0,0.8589999999385327,24174.0,0.0,0.0,0.0,1.0,0.0,1.0,67.0,7966.0,131.0,1.0
0.0,0.0,0.0,1.0,0.0,1.0,0.0,0.0,1.0,0.0,0.0,0.0,0.0,0.0,0.0,0.0,0.0,0.0,0.0,0.43799999996554106,545.0,0.0,0.0,0.0,0.0,0.0,0.0,0.0,31.0,1.0,0.0
0.0,0.0,1.0,1.0,0.0,1.0,0.0,0.0,3.0,8.0,0.0,0.0,0.0,0.0,0.0,0.0,0.0,0.0,0.0,0.9849999999860302,47813.0,1.0,0.0,0.0,0.0,0.0,0.0,1.0,3671.0,-1.0,0.0
0.0,0.0,0.0,0.0,0.0,1.0,0.0,0.0,0.0,1.0,0.0,0.0,0.0,0.0,0.0,0.0,0.0,0.0,0.0,0.14099999994505197,2671.0,0.0,0.0,0.0,0.0,0.0,0.0,0.0,67.0,4.5,0.0
0.0,0.0,1.0,1.0,0.0,1.0,0.0,0.0,3.0,12.0,0.0,1.0,0.0,0.0,0.0,0.0,0.0,0.0,0.0,2.437999999965541,73134.0,1.0,0.0,0.0,0.0,0.0,0.0,0.0,24488.0,7.0,0.0
0.0,0.0,1.0,1.0,0.0,1.0,0.0,0.0,2.0,11.0,0.0,2.0,1.0,0.0,1.0,0.0,0.0,1.0,1.0,3.984000000054948,100000.0,1.0,0.0,0.0,0.0,0.0,0.0,82.0,7630.0,18.5,0.0
1.0,0.0,0.0,0.0,0.0,0.0,1.0,0.0,0.0,6.0,0.0,1.0,0.0,0.0,72.0,0.0,0.0,0.0,0.0,1.5940000000409782,99947.0,1.0,0.0,0.0,0.0,0.0,0.0,55.0,17533.0,9.0,0.0
0.0,0.0,0.0,1.0,0.0,1.0,0.0,0.0,0.0,0.0,0.0,0.0,0.0,0.0,0.0,0.0,0.0,0.0,0.0,0.625,0.0,1.0,0.0,0.0,0.0,0.0,0.0,0.0,0.0,3.0,1.0
0.0,0.0,1.0,1.0,0.0,1.0,0.0,0.0,1.0,11.0,0.0,2.0,0.0,0.0,0.0,0.0,0.0,0.0,0.0,0.6570000000065193,99999.0,0.0,0.0,0.0,0.0,0.0,0.0,0.0,0.0,11.5,0.0
0.0,0.0,0.0,1.0,0.0,1.0,0.0,0.0,1.0,0.0,0.0,0.0,0.0,0.0,0.0,0.0,0.0,0.0,0.0,0.39000000001396984,919.0,0.0,0.0,0.0,0.0,0.0,0.0,0.0,520.0,1.0,0.0
0.0,0.0,0.0,1.0,0.0,1.0,0.0,0.0,0.0,0.0,0.0,0.0,0.0,0.0,0.0,0.0,0.0,0.0,0.0,0.6720000000204891,0.0,1.0,0.0,0.0,0.0,0.0,0.0,0.0,0.0,3.0,0.0
0.0,0.0,1.0,1.0,0.0,1.0,0.0,0.0,3.0,1.0,0.0,0.0,0.0,1.0,3.0,0.0,0.0,0.0,0.0,2.452999999979511,6346.0,0.0,0.0,0.0,0.0,0.0,0.0,15.0,2594.0,-14.5,0.0
0.0,0.0,0.0,1.0,0.0,0.0,1.0,0.0,0.0,1.0,0.0,0.0,0.0,0.0,0.0,0.0,0.0,0.0,0.0,1.8589999999385327,561.0,0.0,0.0,0.0,0.0,0.0,0.0,0.0,6.0,1.5,0.0
0.0,0.0,1.0,1.0,0.0,1.0,0.0,0.0,6.0,13.0,0.0,0.0,0.0,25.0,6.0,1.0,1.0,0.0,0.0,2.9209999999729916,48923.0,0.0,0.0,0.0,0.0,0.0,1.0,46.0,2749.0,-68.5,0.0
0.0,0.0,0.0,1.0,0.0,1.0,0.0,0.0,2.0,4.0,0.0,0.0,0.0,0.0,1.0,0.0,0.0,0.0,0.0,0.09299999999348074,11418.0,0.0,0.0,0.0,0.0,0.0,0.0,1.0,3907.0,5.0,0.0
0.0,0.0,1.0,1.0,0.0,1.0,0.0,0.0,3.0,9.0,0.0,1.0,9.0,5.0,1.0,0.0,0.0,0.0,1.0,2.89000000001397,78564.0,1.0,0.0,0.0,0.0,0.0,1.0,31.0,1417.0,32.5,0.0
1.0,0.0,0.0,0.0,0.0,1.0,0.0,0.0,1.0,0.0,0.0,0.0,0.0,1.0,1.0,0.0,0.0,0.0,0.0,0.06199999991804361,3036.0,0.0,0.0,0.0,0.0,0.0,0.0,0.0,1707.0,3.0,0.0
0.0,0.0,1.0,1.0,0.0,1.0,0.0,0.0,4.0,3.0,1.0,2.0,1.0,0.0,2.0,0.0,0.0,0.0,1.0,0.7820000000065193,12058.0,0.0,0.0,0.0,0.0,0.0,1.0,15.0,1331.0,3.5,0.0
1.0,0.0,0.0,0.0,0.0,1.0,0.0,0.0,2.0,12.0,0.0,6.0,12.0,0.0,27.0,13.0,3.0,1.0,1.0,1.234000000054948,68363.0,1.0,0.0,0.0,0.0,0.0,1.0,56.0,22562.0,91.0,1.0
1.0,0.0,0.0,0.0,0.0,0.0,0.0,0.0,1.0,6.0,0.0,1.0,1.0,1.0,4.0,30.0,5.0,0.0,0.0,0.6720000000204891,18727.0,0.0,0.0,0.0,0.0,0.0,0.0,23.0,5742.0,13.0,1.0
1.0,0.0,0.0,0.0,0.0,1.0,0.0,0.0,4.0,8.0,0.0,0.0,1.0,0.0,43.0,15.0,3.0,0.0,0.0,0.5939999999245629,94453.0,0.0,0.0,0.0,0.0,0.0,0.0,283.0,39056.0,16.0,0.0
1.0,0.0,0.0,0.0,0.0,1.0,0.0,0.0,1.0,14.0,0.0,2.0,15.0,0.0,2.0,0.0,0.0,1.0,1.0,5.547000000020489,49510.0,1.0,0.0,0.0,0.0,0.0,1.0,47.0,1711.0,100.0,1.0
0.0,0.0,1.0,1.0,0.0,1.0,0.0,0.0,6.0,14.0,0.0,3.0,5.0,11.0,2.0,68.0,10.0,0.0,0.0,0.7029999999795109,87297.0,0.0,0.0,0.0,0.0,0.0,0.0,31.0,48308.0,-7.0,0.0
0.0,0.0,1.0,1.0,0.0,1.0,0.0,0.0,3.0,9.0,0.0,1.0,9.0,5.0,1.0,0.0,0.0,0.0,1.0,2.984000000054948,78509.0,1.0,0.0,0.0,0.0,0.0,1.0,31.0,1417.0,32.5,0.0
1.0,0.0,0.0,0.0,0.0,0.0,0.0,0.0,0.0,4.0,0.0,1.0,3.0,0.0,6.0,4.0,2.0,0.0,0.0,0.5150000000139698,11662.0,1.0,0.0,0.0,0.0,0.0,0.0,24.0,4723.0,21.0,0.0
0.0,0.0,1.0,1.0,0.0,1.0,0.0,0.0,6.0,4.0,2.0,0.0,0.0,1.0,6.0,0.0,0.0,0.0,1.0,1.2040000000270084,16579.0,0.0,0.0,0.0,0.0,0.0,0.0,37.0,2282.0,-15.0,0.0
0.0,0.0,1.0,1.0,0.0,1.0,0.0,0.0,1.0,0.0,0.0,0.0,0.0,0.0,0.0,0.0,0.0,0.0,0.0,0.8910000000614673,3.0,0.0,0.0,0.0,0.0,0.0,0.0,0.0,3.0,-9.0,0.0
0.0,0.0,0.0,1.0,0.0,1.0,0.0,0.0,1.0,1.0,0.0,1.0,0.0,0.0,0.0,0.0,0.0,0.0,0.0,0.062000000034458935,5804.0,0.0,0.0,0.0,0.0,0.0,0.0,0.0,3438.0,4.5,0.0
1.0,0.0,0.0,0.0,0.0,1.0,0.0,0.0,1.0,2.0,0.0,0.0,0.0,0.0,0.0,0.0,0.0,0.0,0.0,0.4059999999590218,17016.0,0.0,0.0,0.0,0.0,0.0,0.0,2.0,1263.0,9.0,1.0
0.0,0.0,0.0,0.0,0.0,1.0,0.0,0.0,0.0,1.0,0.0,0.0,0.0,0.0,0.0,0.0,0.0,0.0,0.0,0.14000000001396984,2664.0,0.0,0.0,0.0,0.0,0.0,0.0,0.0,67.0,4.5,0.0
0.0,0.0,0.0,1.0,0.0,1.0,0.0,0.0,1.0,1.0,0.0,1.0,0.0,0.0,0.0,0.0,0.0,0.0,0.0,0.10999999998603016,5695.0,0.0,0.0,0.0,0.0,0.0,0.0,0.0,3329.0,4.5,1.0
0.0,0.0,1.0,1.0,0.0,1.0,0.0,0.0,4.0,8.0,2.0,1.0,3.0,0.0,13.0,2.0,1.0,0.0,0.0,0.9380000000819564,57422.0,0.0,0.0,0.0,0.0,0.0,0.0,116.0,5430.0,7.0,1.0
0.0,0.0,1.0,1.0,0.0,1.0,0.0,0.0,2.0,0.0,0.0,0.0,0.0,1.0,1.0,0.0,0.0,0.0,0.0,0.5160000000614673,1539.0,0.0,0.0,0.0,0.0,0.0,0.0,1.0,60.0,-14.0,0.0
1.0,0.0,0.0,0.0,0.0,1.0,0.0,0.0,3.0,2.0,0.0,0.0,0.0,0.0,0.0,0.0,0.0,0.0,0.0,0.4839999999385327,20377.0,0.0,0.0,0.0,0.0,0.0,0.0,1.0,2810.0,5.0,0.0
1.0,0.0,0.0,0.0,0.0,0.0,1.0,0.0,0.0,6.0,0.0,0.0,1.0,0.0,19.0,0.0,0.0,0.0,0.0,0.14099999994505197,42200.0,1.0,0.0,0.0,0.0,0.0,0.0,90.0,18802.0,11.0,1.0
0.0,0.0,1.0,1.0,0.0,1.0,0.0,0.0,3.0,2.0,0.0,0.0,0.0,0.0,2.0,0.0,0.0,0.0,0.0,0.26599999994505197,9379.0,0.0,0.0,0.0,0.0,0.0,0.0,5.0,596.0,-10.0,0.0
1.0,0.0,0.0,0.0,0.0,1.0,0.0,0.0,2.0,4.0,0.0,1.0,0.0,0.0,0.0,1.0,1.0,1.0,1.0,2.76500000001397,99989.0,1.0,0.0,0.0,0.0,0.0,1.0,83.0,1690.0,21.0,1.0
0.0,0.0,0.0,1.0,0.0,0.0,0.0,0.0,1.0,2.0,0.0,1.0,0.0,0.0,0.0,0.0,0.0,0.0,0.0,3.0929999999934807,5717.0,1.0,0.0,0.0,0.0,0.0,0.0,0.0,3351.0,-1.0,0.0
0.0,0.0,1.0,1.0,0.0,1.0,0.0,0.0,7.0,0.0,0.0,0.0,0.0,5.0,1.0,0.0,0.0,0.0,0.0,1.1089999999385327,5108.0,1.0,0.0,0.0,0.0,0.0,0.0,4.0,409.0,-36.0,0.0
0.0,0.0,1.0,1.0,0.0,0.0,1.0,0.0,4.0,0.0,0.0,0.0,0.0,0.0,8.0,2.0,1.0,0.0,0.0,2.562999999965541,5602.0,0.0,0.0,0.0,0.0,0.0,0.0,13.0,2487.0,-16.0,0.0
0.0,0.0,0.0,1.0,0.0,1.0,0.0,0.0,2.0,2.0,0.0,1.0,0.0,5.0,0.0,0.0,0.0,0.0,0.0,1.234000000054948,4913.0,0.0,0.0,0.0,0.0,0.0,0.0,1.0,1528.0,-11.0,0.0
0.0,0.0,1.0,1.0,0.0,1.0,0.0,0.0,8.0,11.0,0.0,0.0,1.0,2.0,1.0,1.0,1.0,0.0,0.0,1.8280000000959262,99962.0,0.0,0.0,0.0,0.0,0.0,0.0,61.0,3027.0,-8.5,0.0
0.0,0.0,1.0,1.0,0.0,1.0,0.0,0.0,2.0,3.0,0.0,1.0,0.0,0.0,2.0,0.0,0.0,0.0,0.0,1.0790000000270084,9933.0,0.0,0.0,0.0,0.0,0.0,0.0,20.0,1834.0,-4.5,0.0
1.0,0.0,0.0,0.0,0.0,1.0,0.0,0.0,3.0,15.0,0.0,0.0,5.0,0.0,0.0,0.0,0.0,0.0,0.0,0.5929999999934807,100000.0,0.0,0.0,0.0,0.0,0.0,0.0,0.0,95494.0,44.5,0.0
1.0,0.0,0.0,0.0,0.0,0.0,1.0,0.0,1.0,6.0,0.0,0.0,0.0,0.0,47.0,8.0,1.0,0.0,0.0,0.7339999999385327,67848.0,1.0,0.0,0.0,0.0,1.0,0.0,76.0,20392.0,8.0,0.0
0.0,0.0,1.0,1.0,0.0,1.0,0.0,0.0,4.0,9.0,2.0,2.0,0.0,12.0,9.0,4.0,1.0,0.0,0.0,0.734000000054948,99995.0,0.0,0.0,0.0,0.0,0.0,0.0,99.0,3822.0,-39.5,1.0
0.0,0.0,1.0,1.0,0.0,0.0,1.0,0.0,4.0,0.0,0.0,0.0,0.0,0.0,8.0,2.0,1.0,0.0,0.0,1.875,5602.0,0.0,0.0,0.0,0.0,0.0,0.0,13.0,2487.0,-16.0,0.0
0.0,0.0,0.0,1.0,0.0,1.0,0.0,0.0,1.0,0.0,0.0,0.0,0.0,0.0,0.0,0.0,0.0,0.0,0.0,1.015999999945052,386.0,0.0,0.0,0.0,0.0,0.0,0.0,0.0,218.0,1.0,0.0
0.0,0.0,0.0,1.0,0.0,1.0,0.0,0.0,1.0,0.0,0.0,0.0,0.0,0.0,0.0,0.0,0.0,0.0,0.0,0.09399999992456287,919.0,0.0,0.0,0.0,0.0,0.0,0.0,0.0,520.0,1.0,0.0
0.0,0.0,1.0,1.0,0.0,1.0,0.0,0.0,2.0,0.0,0.0,0.0,0.0,1.0,1.0,0.0,0.0,0.0,0.0,0.23400000005494803,1481.0,0.0,0.0,0.0,0.0,0.0,0.0,0.0,52.0,-14.0,0.0
0.0,0.0,1.0,1.0,0.0,1.0,0.0,0.0,2.0,0.0,0.0,0.0,0.0,1.0,1.0,0.0,0.0,0.0,0.0,0.3279999999795109,1481.0,0.0,0.0,0.0,0.0,0.0,0.0,0.0,52.0,-14.0,0.0
1.0,0.0,0.0,0.0,0.0,1.0,0.0,0.0,1.0,0.0,0.0,0.0,0.0,0.0,0.0,0.0,0.0,0.0,0.0,0.6560000000754371,5518.0,0.0,0.0,0.0,0.0,0.0,0.0,0.0,3330.0,6.0,0.0
1.0,0.0,0.0,0.0,0.0,0.0,1.0,0.0,2.0,3.0,0.0,2.0,0.0,0.0,1.0,0.0,0.0,0.0,0.0,2.937000000034459,24502.0,1.0,0.0,0.0,0.0,0.0,0.0,0.0,1448.0,0.5,0.0
1.0,0.0,0.0,0.0,0.0,1.0,0.0,0.0,0.0,4.0,0.0,1.0,0.0,0.0,52.0,12.0,3.0,0.0,0.0,5.047000000020489,23429.0,2.0,0.0,0.0,0.0,0.0,0.0,33.0,4578.0,16.0,1.0
1.0,0.0,0.0,0.0,0.0,1.0,0.0,0.0,1.0,12.0,0.0,2.0,1.0,0.0,0.0,0.0,0.0,1.0,1.0,6.311999999918044,100000.0,1.0,0.0,0.0,0.0,0.0,1.0,0.0,5822.0,41.0,1.0
1.0,0.0,0.0,0.0,0.0,1.0,0.0,0.0,2.0,12.0,0.0,1.0,8.0,0.0,23.0,20.0,5.0,1.0,1.0,3.797000000020489,100000.0,0.0,0.0,0.0,0.0,0.0,1.0,109.0,8377.0,65.0,1.0
1.0,0.0,0.0,0.0,0.0,1.0,0.0,0.0,2.0,12.0,0.0,3.0,2.0,0.0,3.0,4.0,0.0,1.0,1.0,7.125,99998.0,1.0,0.0,0.0,0.0,0.0,1.0,11.0,12955.0,45.0,1.0
1.0,0.0,0.0,0.0,0.0,1.0,0.0,0.0,1.0,16.0,0.0,5.0,7.0,11.0,19.0,76.0,10.0,1.0,1.0,0.9529999999795109,99993.0,0.0,0.0,0.0,1.0,0.0,1.0,79.0,32034.0,50.0,1.0
0.0,0.0,1.0,1.0,0.0,1.0,0.0,0.0,1.0,0.0,1.0,0.0,0.0,0.0,1.0,0.0,0.0,0.0,0.0,0.7660000000614673,12920.0,1.0,0.0,0.0,0.0,0.0,0.0,1.0,6825.0,-12.0,1.0
0.0,0.0,1.0,1.0,0.0,1.0,0.0,0.0,0.0,2.0,0.0,0.0,0.0,0.0,0.0,0.0,0.0,0.0,0.0,4.469000000040978,100000.0,0.0,0.0,0.0,0.0,0.0,0.0,0.0,0.0,-4.0,0.0
1.0,0.0,0.0,0.0,0.0,1.0,0.0,1.0,1.0,3.0,0.0,1.0,8.0,1.0,6.0,10.0,3.0,1.0,1.0,1.0320000000065193,43547.0,0.0,0.0,0.0,0.0,0.0,1.0,48.0,2975.0,50.5,0.0
0.0,0.0,0.0,1.0,0.0,1.0,0.0,0.0,1.0,1.0,0.0,1.0,0.0,0.0,0.0,0.0,0.0,0.0,0.0,0.09299999999348074,5784.0,0.0,0.0,0.0,0.0,0.0,0.0,0.0,3418.0,4.5,1.0
1.0,0.0,0.0,0.0,0.0,1.0,0.0,0.0,1.0,13.0,0.0,3.0,6.0,0.0,28.0,2.0,0.0,1.0,1.0,0.9540000000270084,99991.0,0.0,0.0,0.0,0.0,0.0,1.0,49.0,21616.0,66.5,1.0
0.0,0.0,0.0,1.0,0.0,1.0,0.0,0.0,2.0,3.0,0.0,0.0,0.0,0.0,1.0,0.0,0.0,0.0,0.0,0.2190000000409782,11421.0,0.0,0.0,0.0,0.0,0.0,0.0,1.0,3910.0,3.5,0.0
0.0,0.0,1.0,1.0,0.0,1.0,0.0,0.0,3.0,0.0,0.0,0.0,0.0,0.0,0.0,0.0,0.0,0.0,0.0,0.984000000054948,394.0,2.0,0.0,0.0,0.0,0.0,0.0,1.0,62.0,-13.0,0.0
1.0,0.0,0.0,0.0,0.0,1.0,0.0,0.0,1.0,0.0,0.0,0.0,0.0,1.0,1.0,0.0,0.0,0.0,0.0,0.31299999996554106,3036.0,0.0,0.0,0.0,0.0,0.0,0.0,0.0,1707.0,3.0,1.0
0.0,0.0,1.0,1.0,0.0,1.0,0.0,0.0,4.0,14.0,0.0,1.0,0.0,0.0,1.0,1.0,0.0,0.0,1.0,0.5779999999795109,99803.0,0.0,0.0,0.0,0.0,0.0,1.0,17.0,84878.0,17.0,0.0
0.0,0.0,1.0,1.0,0.0,0.0,1.0,0.0,2.0,1.0,0.0,0.0,0.0,0.0,0.0,0.0,0.0,0.0,0.0,1.1400000000139698,9469.0,0.0,0.0,0.0,0.0,0.0,0.0,26.0,1687.0,-12.5,0.0
0.0,0.0,0.0,0.0,1.0,1.0,0.0,0.0,0.0,1.0,0.0,1.0,0.0,1.0,1.0,0.0,0.0,0.0,0.0,2.030999999959022,1495.0,0.0,0.0,0.0,0.0,0.0,0.0,1.0,159.0,0.5,0.0
0.0,0.0,1.0,1.0,0.0,1.0,0.0,0.0,4.0,0.0,0.0,0.0,0.0,0.0,0.0,0.0,0.0,0.0,0.0,0.23400000005494803,755.0,0.0,0.0,0.0,0.0,0.0,0.0,0.0,0.0,-15.0,0.0
1.0,0.0,0.0,0.0,0.0,1.0,0.0,0.0,1.0,12.0,0.0,3.0,0.0,0.0,0.0,0.0,0.0,1.0,1.0,2.843999999924563,99998.0,0.0,0.0,0.0,0.0,0.0,1.0,0.0,0.0,39.0,1.0
1.0,0.0,0.0,0.0,0.0,1.0,0.0,0.0,1.0,8.0,0.0,0.0,2.0,0.0,0.0,8.0,1.0,0.0,0.0,5.015999999945052,100000.0,0.0,0.0,0.0,0.0,0.0,0.0,34.0,8646.0,24.0,0.0
0.0,0.0,1.0,1.0,0.0,1.0,0.0,0.0,5.0,1.0,0.0,1.0,0.0,4.0,1.0,0.0,0.0,0.0,0.0,1.640999999945052,8666.0,2.0,0.0,0.0,0.0,0.0,0.0,2.0,2453.0,-25.5,0.0
0.0,0.0,1.0,1.0,0.0,1.0,0.0,0.0,3.0,4.0,0.0,0.0,0.0,1.0,3.0,1.0,1.0,0.0,0.0,0.48499999998603016,25817.0,0.0,0.0,0.0,0.0,0.0,0.0,19.0,8912.0,-10.0,0.0
1.0,0.0,0.0,0.0,0.0,1.0,0.0,0.0,1.0,1.0,0.0,1.0,0.0,0.0,0.0,0.0,0.0,0.0,0.0,0.6719999999040738,6675.0,0.0,0.0,0.0,0.0,0.0,0.0,0.0,132.0,9.5,0.0
0.0,0.0,0.0,1.0,0.0,1.0,0.0,0.0,1.0,2.0,0.0,1.0,0.0,0.0,0.0,0.0,0.0,0.0,0.0,0.09299999999348074,5594.0,0.0,0.0,0.0,0.0,0.0,0.0,0.0,3228.0,6.0,1.0
0.0,0.0,1.0,1.0,0.0,0.0,1.0,0.0,1.0,0.0,0.0,0.0,0.0,0.0,0.0,0.0,0.0,0.0,0.0,0.7190000000409782,42.0,0.0,0.0,0.0,0.0,0.0,0.0,0.0,42.0,-12.0,0.0
1.0,0.0,0.0,0.0,0.0,1.0,0.0,0.0,0.0,4.0,0.0,4.0,0.0,0.0,0.0,0.0,0.0,0.0,1.0,0.6410000000614673,3517.0,0.0,0.0,0.0,0.0,0.0,0.0,0.0,134.0,27.0,0.0
0.0,0.0,0.0,1.0,0.0,1.0,0.0,0.0,1.0,2.0,0.0,0.0,0.0,0.0,0.0,0.0,0.0,0.0,0.0,2.5929999999934807,8629.0,0.0,0.0,0.0,0.0,0.0,0.0,1.0,944.0,4.0,0.0
0.0,0.0,1.0,1.0,0.0,1.0,0.0,0.0,5.0,1.0,0.0,1.0,0.0,4.0,1.0,0.0,0.0,0.0,0.0,1.765999999945052,8666.0,2.0,0.0,0.0,0.0,0.0,0.0,2.0,2453.0,-25.5,0.0
1.0,0.0,0.0,0.0,0.0,1.0,0.0,0.0,1.0,3.0,0.0,1.0,0.0,0.0,0.0,0.0,0.0,0.0,0.0,0.3130000000819564,7655.0,0.0,0.0,0.0,0.0,0.0,0.0,0.0,1027.0,12.5,1.0
0.0,0.0,0.0,1.0,0.0,1.0,0.0,0.0,1.0,0.0,0.0,0.0,0.0,0.0,0.0,0.0,0.0,0.0,0.0,0.7660000000614673,1853.0,0.0,0.0,0.0,0.0,0.0,0.0,0.0,962.0,1.0,0.0
0.0,0.0,1.0,1.0,0.0,1.0,0.0,0.0,5.0,2.0,4.0,0.0,0.0,0.0,2.0,1.0,1.0,0.0,0.0,0.6089999999385327,7154.0,0.0,0.0,0.0,0.0,0.0,0.0,36.0,1285.0,-26.0,0.0
0.0,0.0,1.0,1.0,0.0,0.0,0.0,0.0,4.0,6.0,1.0,1.0,0.0,1.0,1.0,0.0,0.0,0.0,0.0,4.858999999938533,99998.0,1.0,0.0,0.0,0.0,0.0,0.0,1.0,89348.0,-17.0,0.0
0.0,0.0,1.0,1.0,0.0,1.0,0.0,0.0,4.0,6.0,0.0,3.0,20.0,0.0,73.0,0.0,0.0,0.0,0.0,0.515999999945052,99952.0,0.0,0.0,0.0,0.0,0.0,1.0,60.0,21759.0,86.0,0.0
0.0,0.0,0.0,1.0,0.0,1.0,0.0,0.0,1.0,0.0,0.0,0.0,0.0,0.0,1.0,0.0,0.0,0.0,0.0,0.5779999999795109,4925.0,0.0,0.0,0.0,0.0,0.0,0.0,1.0,1742.0,1.0,1.0
1.0,0.0,0.0,0.0,0.0,0.0,0.0,0.0,0.0,4.0,0.0,1.0,3.0,0.0,6.0,4.0,2.0,0.0,0.0,0.8119999999180436,11668.0,1.0,0.0,0.0,0.0,0.0,0.0,24.0,4723.0,21.0,0.0
0.0,0.0,1.0,1.0,0.0,1.0,0.0,0.0,3.0,0.0,0.0,0.0,0.0,1.0,0.0,0.0,0.0,0.0,0.0,0.3279999999795109,3072.0,0.0,0.0,0.0,0.0,0.0,0.0,3.0,1110.0,-16.0,0.0
0.0,0.0,1.0,1.0,0.0,1.0,0.0,0.0,4.0,2.0,0.0,0.0,0.0,0.0,0.0,0.0,0.0,0.0,0.0,2.202999999979511,100000.0,0.0,0.0,0.0,0.0,0.0,0.0,1.0,18.0,-12.0,0.0
0.0,0.0,1.0,1.0,0.0,1.0,0.0,1.0,3.0,3.0,0.0,0.0,0.0,1.0,1.0,1.0,1.0,0.0,0.0,5.812999999965541,11085.0,0.0,0.0,0.0,0.0,0.0,0.0,44.0,985.0,-11.5,0.0
0.0,0.0,1.0,1.0,0.0,0.0,1.0,0.0,4.0,0.0,0.0,0.0,0.0,0.0,8.0,2.0,1.0,0.0,0.0,2.5,5602.0,0.0,0.0,0.0,0.0,0.0,0.0,13.0,2487.0,-16.0,0.0
1.0,0.0,0.0,0.0,0.0,1.0,0.0,0.0,2.0,11.0,0.0,0.0,3.0,0.0,17.0,1.0,0.0,0.0,0.0,0.45400000002700835,12102.0,0.0,0.0,0.0,0.0,0.0,0.0,12.0,1861.0,34.5,0.0
0.0,0.0,0.0,1.0,0.0,1.0,0.0,0.0,1.0,1.0,0.0,1.0,0.0,0.0,0.0,0.0,0.0,0.0,0.0,0.10900000005494803,5727.0,0.0,0.0,0.0,0.0,0.0,0.0,0.0,3361.0,4.5,0.0
0.0,0.0,0.0,1.0,0.0,1.0,0.0,0.0,2.0,2.0,0.0,1.0,0.0,5.0,0.0,0.0,0.0,0.0,0.0,0.045999999972991645,4547.0,0.0,0.0,0.0,0.0,0.0,0.0,1.0,1522.0,-11.0,0.0
1.0,0.0,0.0,0.0,0.0,0.0,1.0,0.0,2.0,3.0,0.0,2.0,0.0,0.0,1.0,0.0,0.0,0.0,0.0,3.437000000034459,24502.0,1.0,0.0,0.0,0.0,0.0,0.0,0.0,1448.0,0.5,0.0
0.0,0.0,1.0,1.0,0.0,1.0,0.0,0.0,1.0,5.0,0.0,3.0,0.0,0.0,0.0,1.0,1.0,0.0,0.0,2.172000000020489,12691.0,0.0,0.0,0.0,0.0,0.0,0.0,10.0,3247.0,4.5,0.0
0.0,0.0,0.0,1.0,0.0,1.0,0.0,0.0,3.0,9.0,0.0,1.0,3.0,58.0,1.0,8.0,4.0,0.0,0.0,1.609000000054948,100000.0,0.0,0.0,0.0,0.0,0.0,0.0,95.0,6001.0,-151.5,0.0
0.0,0.0,1.0,1.0,0.0,1.0,0.0,0.0,5.0,3.0,0.0,0.0,0.0,25.0,2.0,1.0,1.0,0.0,0.0,1.1400000000139698,24662.0,0.0,0.0,0.0,0.0,0.0,1.0,46.0,2556.0,-83.5,0.0
0.0,0.0,1.0,1.0,0.0,1.0,0.0,0.0,4.0,2.0,0.0,1.0,0.0,0.0,1.0,0.0,0.0,0.0,0.0,1.7349999999860302,1692.0,0.0,0.0,0.0,0.0,0.0,0.0,2.0,384.0,-10.0,0.0
0.0,0.0,1.0,1.0,0.0,1.0,0.0,0.0,5.0,1.0,0.0,0.0,0.0,25.0,1.0,1.0,1.0,0.0,0.0,0.9379999999655411,26738.0,0.0,0.0,0.0,0.0,0.0,1.0,45.0,2573.0,-86.5,0.0
0.0,0.0,0.0,1.0,0.0,1.0,0.0,0.0,4.0,11.0,0.0,0.0,0.0,0.0,0.0,0.0,0.0,0.0,0.0,0.875,97137.0,0.0,0.0,0.0,0.0,0.0,1.0,0.0,76706.0,15.5,0.0
1.0,0.0,0.0,0.0,0.0,1.0,0.0,0.0,1.0,10.0,0.0,3.0,0.0,0.0,1.0,0.0,0.0,1.0,1.0,0.2970000000204891,99691.0,0.0,0.0,0.0,0.0,1.0,1.0,13.0,86309.0,41.0,1.0
0.0,0.0,1.0,1.0,0.0,1.0,0.0,0.0,4.0,5.0,2.0,2.0,0.0,0.0,1.0,1.0,1.0,0.0,1.0,0.375,13153.0,0.0,0.0,0.0,0.0,0.0,1.0,47.0,4420.0,-0.5,0.0
1.0,0.0,0.0,0.0,0.0,1.0,0.0,0.0,2.0,17.0,1.0,3.0,53.0,5.0,25.0,12.0,5.0,1.0,1.0,1.2190000000409782,100000.0,0.0,0.0,0.0,0.0,1.0,1.0,109.0,37730.0,243.5,1.0
1.0,0.0,0.0,0.0,0.0,1.0,0.0,0.0,1.0,10.0,0.0,2.0,1.0,0.0,2.0,0.0,0.0,0.0,1.0,1.0630000000819564,99998.0,0.0,0.0,0.0,0.0,0.0,0.0,6.0,85291.0,34.0,0.0
0.0,0.0,0.0,1.0,0.0,1.0,0.0,0.0,0.0,0.0,0.0,0.0,0.0,0.0,0.0,0.0,0.0,0.0,0.0,0.1720000000204891,776.0,0.0,0.0,0.0,0.0,0.0,0.0,0.0,452.0,3.0,0.0
0.0,0.0,1.0,1.0,0.0,1.0,0.0,0.0,3.0,2.0,0.0,0.0,0.0,0.0,2.0,0.0,0.0,0.0,0.0,0.26500000001396984,9379.0,0.0,0.0,0.0,0.0,0.0,0.0,5.0,596.0,-10.0,0.0
0.0,0.0,1.0,1.0,0.0,1.0,0.0,0.0,2.0,8.0,0.0,1.0,10.0,0.0,2.0,0.0,0.0,0.0,0.0,1.5310000000754371,38393.0,0.0,0.0,0.0,0.0,0.0,0.0,54.0,2699.0,43.0,0.0
0.0,0.0,1.0,1.0,0.0,1.0,0.0,0.0,0.0,5.0,0.0,0.0,0.0,0.0,0.0,0.0,0.0,0.0,0.0,2.297000000020489,5968.0,2.0,0.0,0.0,0.0,0.0,0.0,0.0,1338.0,0.5,0.0
0.0,0.0,0.0,0.0,0.0,1.0,0.0,0.0,0.0,0.0,0.0,0.0,0.0,0.0,0.0,0.0,0.0,0.0,0.0,0.39000000001396984,2010.0,1.0,0.0,0.0,0.0,0.0,0.0,0.0,666.0,3.0,0.0
0.0,0.0,0.0,1.0,0.0,0.0,1.0,0.0,0.0,1.0,0.0,0.0,0.0,0.0,0.0,0.0,0.0,0.0,0.0,1.327999999979511,561.0,0.0,0.0,0.0,0.0,0.0,0.0,0.0,6.0,1.5,0.0
0.0,0.0,1.0,1.0,0.0,1.0,0.0,0.0,1.0,2.0,0.0,0.0,0.0,0.0,0.0,0.0,0.0,0.0,0.0,1.327999999979511,99953.0,1.0,0.0,0.0,0.0,0.0,0.0,0.0,64461.0,-6.0,0.0
0.0,0.0,0.0,1.0,0.0,1.0,0.0,0.0,1.0,0.0,0.0,0.0,0.0,0.0,0.0,0.0,0.0,0.0,0.0,0.3279999999795109,1853.0,0.0,0.0,0.0,0.0,0.0,0.0,0.0,962.0,1.0,0.0
0.0,0.0,1.0,1.0,0.0,1.0,0.0,0.0,5.0,2.0,3.0,1.0,2.0,0.0,0.0,2.0,2.0,0.0,0.0,0.6099999999860302,13069.0,0.0,0.0,0.0,0.0,0.0,0.0,13.0,3057.0,-13.0,0.0
1.0,0.0,0.0,0.0,0.0,1.0,0.0,0.0,1.0,6.0,0.0,2.0,0.0,0.0,55.0,0.0,0.0,0.0,1.0,1.0309999999590218,52853.0,0.0,0.0,0.0,0.0,0.0,1.0,87.0,21236.0,30.0,1.0
0.0,0.0,0.0,0.0,1.0,1.0,0.0,0.0,0.0,1.0,0.0,1.0,0.0,1.0,1.0,0.0,0.0,0.0,0.0,0.2190000000409782,1495.0,0.0,0.0,0.0,0.0,0.0,0.0,1.0,159.0,0.5,1.0
0.0,0.0,1.0,1.0,0.0,1.0,0.0,0.0,1.0,9.0,0.0,1.0,15.0,1.0,1.0,16.0,1.0,0.0,0.0,2.0,100000.0,0.0,0.0,0.0,0.0,0.0,0.0,234.0,38968.0,61.5,0.0
0.0,0.0,0.0,1.0,0.0,1.0,0.0,0.0,4.0,11.0,0.0,0.0,0.0,0.0,0.0,0.0,0.0,0.0,0.0,0.9059999999590218,97137.0,0.0,0.0,0.0,0.0,0.0,1.0,0.0,76720.0,15.5,1.0
0.0,0.0,1.0,1.0,0.0,1.0,0.0,0.0,4.0,2.0,0.0,1.0,0.0,0.0,1.0,0.0,0.0,0.0,0.0,0.625,1692.0,0.0,0.0,0.0,0.0,0.0,0.0,2.0,384.0,-10.0,0.0
0.0,0.0,0.0,1.0,0.0,1.0,0.0,0.0,3.0,9.0,0.0,1.0,3.0,58.0,1.0,8.0,4.0,0.0,0.0,0.9849999999860302,100000.0,0.0,0.0,0.0,0.0,0.0,0.0,95.0,6001.0,-151.5,0.0
0.0,0.0,1.0,1.0,0.0,1.0,0.0,0.0,2.0,5.0,2.0,0.0,0.0,0.0,3.0,2.0,2.0,0.0,0.0,1.6099999999860302,51145.0,0.0,0.0,0.0,0.0,0.0,0.0,11.0,1850.0,-9.5,0.0
0.0,0.0,1.0,1.0,0.0,1.0,0.0,0.0,2.0,3.0,0.0,1.0,0.0,0.0,2.0,0.0,0.0,0.0,0.0,0.43700000003445894,4656.0,1.0,0.0,0.0,0.0,0.0,0.0,1.0,252.0,-4.5,1.0
1.0,0.0,0.0,0.0,0.0,1.0,0.0,0.0,1.0,0.0,0.0,0.0,0.0,1.0,1.0,0.0,0.0,0.0,0.0,0.0470000000204891,3036.0,0.0,0.0,0.0,0.0,0.0,0.0,0.0,1707.0,3.0,0.0
0.0,0.0,1.0,1.0,0.0,1.0,0.0,0.0,1.0,0.0,0.0,0.0,0.0,4.0,0.0,0.0,0.0,0.0,0.0,0.4530000000959262,3070.0,0.0,0.0,0.0,0.0,0.0,0.0,1.0,128.0,-21.0,0.0
0.0,0.0,0.0,1.0,0.0,1.0,0.0,0.0,4.0,11.0,0.0,0.0,0.0,0.0,0.0,0.0,0.0,0.0,0.0,0.8290000000270084,97137.0,0.0,0.0,0.0,0.0,0.0,1.0,0.0,76704.0,15.5,0.0
1.0,0.0,0.0,0.0,0.0,1.0,0.0,0.0,2.0,2.0,2.0,1.0,0.0,0.0,0.0,2.0,1.0,0.0,0.0,0.5470000000204891,9509.0,0.0,0.0,0.0,0.0,0.0,0.0,11.0,631.0,3.0,0.0
1.0,0.0,0.0,0.0,0.0,1.0,0.0,0.0,0.0,8.0,0.0,1.0,0.0,0.0,0.0,0.0,0.0,1.0,1.0,0.4369999999180436,15532.0,0.0,0.0,0.0,0.0,0.0,1.0,0.0,8578.0,31.0,1.0
0.0,0.0,1.0,1.0,0.0,1.0,0.0,0.0,3.0,2.0,0.0,0.0,0.0,0.0,3.0,0.0,0.0,0.0,0.0,4.468999999924563,35203.0,0.0,0.0,0.0,0.0,0.0,0.0,1.0,252.0,-10.0,0.0
0.0,0.0,1.0,1.0,0.0,1.0,0.0,0.0,4.0,2.0,4.0,0.0,7.0,1.0,4.0,2.0,1.0,0.0,0.0,1.047000000020489,15429.0,0.0,0.0,0.0,0.0,0.0,0.0,33.0,4169.0,1.0,0.0
1.0,0.0,0.0,0.0,0.0,1.0,0.0,0.0,1.0,11.0,0.0,2.0,0.0,0.0,1.0,4.0,1.0,1.0,1.0,1.109000000054948,42762.0,0.0,0.0,0.0,0.0,0.0,0.0,12.0,720.0,29.5,1.0
0.0,0.0,1.0,1.0,0.0,1.0,0.0,0.0,3.0,1.0,0.0,0.0,0.0,1.0,3.0,0.0,0.0,0.0,0.0,0.609000000054948,6349.0,0.0,0.0,0.0,0.0,0.0,0.0,15.0,2597.0,-14.5,0.0
0.0,0.0,0.0,1.0,0.0,1.0,0.0,0.0,3.0,9.0,0.0,1.0,3.0,58.0,1.0,8.0,4.0,0.0,0.0,1.922000000020489,100000.0,0.0,0.0,0.0,0.0,0.0,0.0,95.0,6001.0,-151.5,0.0
0.0,0.0,1.0,1.0,0.0,0.0,0.0,0.0,4.0,6.0,1.0,1.0,0.0,1.0,1.0,0.0,0.0,0.0,0.0,8.84299999999348,99998.0,1.0,0.0,0.0,0.0,0.0,0.0,1.0,89348.0,-17.0,0.0
0.0,0.0,1.0,1.0,0.0,1.0,0.0,0.0,4.0,7.0,1.0,3.0,0.0,0.0,0.0,0.0,0.0,0.0,1.0,1.047000000020489,99998.0,0.0,0.0,0.0,0.0,0.0,1.0,47.0,2102.0,7.5,0.0
1.0,0.0,0.0,0.0,0.0,1.0,0.0,0.0,1.0,2.0,0.0,0.0,0.0,0.0,1.0,0.0,0.0,1.0,1.0,0.5150000000139698,10941.0,0.0,0.0,0.0,0.0,0.0,0.0,5.0,1751.0,14.0,1.0
1.0,0.0,0.0,0.0,0.0,1.0,0.0,0.0,1.0,0.0,0.0,0.0,0.0,0.0,0.0,0.0,0.0,0.0,0.0,0.6879999999655411,5518.0,0.0,0.0,0.0,0.0,0.0,0.0,0.0,3330.0,6.0,0.0
1.0,0.0,0.0,0.0,0.0,1.0,0.0,0.0,0.0,5.0,0.0,1.0,4.0,0.0,2.0,4.0,2.0,1.0,1.0,2.797000000020489,8818.0,1.0,0.0,0.0,0.0,0.0,1.0,31.0,1396.0,40.5,1.0
1.0,0.0,0.0,0.0,0.0,1.0,0.0,0.0,2.0,12.0,0.0,5.0,0.0,0.0,13.0,1.0,0.0,1.0,1.0,0.5,99996.0,0.0,0.0,0.0,0.0,0.0,0.0,25.0,61361.0,39.0,1.0
0.0,0.0,1.0,1.0,0.0,1.0,0.0,0.0,5.0,5.0,0.0,0.0,0.0,25.0,2.0,1.0,1.0,0.0,0.0,0.8279999999795109,26565.0,0.0,0.0,0.0,0.0,0.0,1.0,46.0,2028.0,-80.5,0.0
1.0,0.0,0.0,0.0,0.0,1.0,0.0,0.0,2.0,2.0,2.0,1.0,0.0,0.0,0.0,2.0,1.0,0.0,0.0,0.6400000000139698,9510.0,0.0,0.0,0.0,0.0,0.0,0.0,11.0,632.0,3.0,0.0
0.0,0.0,0.0,1.0,0.0,1.0,0.0,0.0,2.0,2.0,0.0,1.0,0.0,5.0,0.0,0.0,0.0,0.0,0.0,0.03200000000651926,4547.0,0.0,0.0,0.0,0.0,0.0,0.0,1.0,1522.0,-11.0,0.0
0.0,0.0,1.0,1.0,0.0,1.0,0.0,0.0,4.0,17.0,2.0,2.0,0.0,0.0,0.0,0.0,0.0,0.0,1.0,0.4529999999795109,99994.0,0.0,0.0,0.0,0.0,0.0,1.0,6.0,30733.0,17.5,0.0
1.0,0.0,0.0,0.0,0.0,1.0,0.0,0.0,3.0,5.0,0.0,4.0,0.0,0.0,3.0,1.0,0.0,0.0,0.0,0.5150000000139698,69486.0,0.0,0.0,0.0,0.0,0.0,0.0,11.0,46225.0,17.5,0.0
0.0,0.0,0.0,1.0,0.0,1.0,0.0,0.0,1.0,1.0,0.0,0.0,0.0,0.0,0.0,0.0,0.0,0.0,0.0,0.35900000005494803,1060.0,0.0,0.0,0.0,0.0,0.0,0.0,1.0,388.0,2.5,0.0
1.0,0.0,0.0,0.0,0.0,1.0,0.0,0.0,1.0,6.0,0.0,3.0,0.0,0.0,0.0,0.0,0.0,0.0,1.0,2.23499999998603,99981.0,0.0,0.0,0.0,1.0,1.0,1.0,0.0,0.0,41.0,1.0
0.0,0.0,0.0,0.0,1.0,1.0,0.0,0.0,1.0,4.0,0.0,1.0,0.0,0.0,0.0,0.0,0.0,0.0,0.0,0.890999999945052,99999.0,0.0,0.0,0.0,0.0,0.0,0.0,0.0,832.0,6.0,0.0
1.0,0.0,0.0,0.0,0.0,1.0,0.0,0.0,1.0,7.0,0.0,1.0,0.0,0.0,0.0,0.0,0.0,0.0,1.0,2.952999999979511,99958.0,0.0,0.0,0.0,0.0,0.0,1.0,0.0,0.0,27.5,1.0
0.0,0.0,0.0,1.0,0.0,1.0,0.0,0.0,1.0,1.0,0.0,1.0,0.0,0.0,0.0,0.0,0.0,0.0,0.0,0.062000000034458935,5807.0,0.0,0.0,0.0,0.0,0.0,0.0,0.0,3441.0,4.5,0.0
1.0,0.0,0.0,0.0,0.0,1.0,0.0,0.0,1.0,14.0,0.0,2.0,5.0,0.0,0.0,1.0,0.0,1.0,1.0,1.1719999999040738,38216.0,0.0,0.0,0.0,0.0,1.0,0.0,2.0,14213.0,61.0,1.0
1.0,0.0,0.0,0.0,0.0,0.0,1.0,0.0,0.0,6.0,0.0,1.0,0.0,0.0,72.0,0.0,0.0,0.0,0.0,1.4690000000409782,99947.0,1.0,0.0,0.0,0.0,0.0,0.0,55.0,17533.0,9.0,0.0
1.0,0.0,0.0,0.0,0.0,0.0,0.0,0.0,0.0,0.0,0.0,0.0,0.0,0.0,0.0,0.0,0.0,0.0,0.0,0.9690000000409782,2184.0,1.0,0.0,0.0,0.0,0.0,0.0,0.0,699.0,1.0,0.0
0.0,0.0,0.0,0.0,1.0,1.0,0.0,0.0,0.0,0.0,0.0,0.0,0.0,0.0,0.0,0.0,0.0,0.0,0.0,1.0309999999590218,1530.0,1.0,0.0,0.0,0.0,0.0,0.0,0.0,1.0,0.0,0.0
0.0,0.0,1.0,1.0,0.0,1.0,0.0,0.0,3.0,8.0,2.0,2.0,0.0,1.0,2.0,0.0,0.0,0.0,0.0,0.7660000000614673,100000.0,0.0,0.0,0.0,0.0,0.0,0.0,18.0,309.0,-6.0,0.0
1.0,0.0,0.0,0.0,0.0,0.0,0.0,0.0,1.0,0.0,0.0,0.0,0.0,0.0,0.0,0.0,0.0,0.0,0.0,0.875,9146.0,1.0,0.0,0.0,0.0,0.0,0.0,0.0,8754.0,-1.0,0.0
0.0,0.0,1.0,1.0,0.0,1.0,0.0,0.0,4.0,2.0,0.0,0.0,0.0,0.0,4.0,0.0,0.0,0.0,0.0,3.625,30827.0,0.0,0.0,0.0,0.0,0.0,0.0,20.0,1722.0,-12.0,0.0
0.0,0.0,1.0,1.0,0.0,1.0,0.0,0.0,1.0,0.0,1.0,0.0,0.0,0.0,1.0,0.0,0.0,0.0,0.0,0.7030000000959262,12920.0,1.0,0.0,0.0,0.0,0.0,0.0,1.0,6825.0,-12.0,0.0
0.0,0.0,1.0,1.0,0.0,1.0,0.0,0.0,1.0,7.0,0.0,1.0,0.0,0.0,0.0,0.0,0.0,0.0,1.0,0.43799999996554106,99958.0,0.0,0.0,0.0,0.0,0.0,1.0,0.0,0.0,12.5,0.0
0.0,0.0,1.0,1.0,0.0,1.0,0.0,0.0,5.0,3.0,0.0,0.0,0.0,0.0,3.0,4.0,2.0,0.0,0.0,0.7029999999795109,9608.0,0.0,0.0,0.0,0.0,0.0,0.0,13.0,1595.0,-14.5,0.0
1.0,0.0,0.0,0.0,0.0,1.0,0.0,0.0,2.0,6.0,0.0,4.0,0.0,0.0,1.0,0.0,0.0,1.0,1.0,1.202999999979511,100000.0,0.0,0.0,0.0,0.0,0.0,0.0,0.0,92535.0,26.0,1.0
0.0,0.0,1.0,1.0,0.0,1.0,0.0,0.0,5.0,2.0,3.0,1.0,2.0,0.0,0.0,2.0,2.0,0.0,0.0,0.35900000005494803,13069.0,0.0,0.0,0.0,0.0,0.0,0.0,13.0,3057.0,-13.0,0.0
0.0,0.0,1.0,1.0,0.0,1.0,0.0,0.0,3.0,10.0,0.0,4.0,4.0,6.0,26.0,13.0,3.0,0.0,1.0,0.6400000000139698,68176.0,0.0,0.0,0.0,0.0,0.0,0.0,56.0,22284.0,13.0,0.0
0.0,0.0,1.0,1.0,0.0,1.0,0.0,0.0,2.0,6.0,0.0,2.0,8.0,0.0,5.0,9.0,2.0,1.0,1.0,1.5469999999040738,39404.0,1.0,0.0,0.0,0.0,0.0,1.0,60.0,3463.0,41.0,0.0
0.0,0.0,0.0,0.0,0.0,1.0,0.0,0.0,0.0,1.0,0.0,0.0,0.0,0.0,0.0,0.0,0.0,0.0,0.0,0.09299999999348074,2664.0,0.0,0.0,0.0,0.0,0.0,0.0,0.0,67.0,4.5,0.0
0.0,0.0,1.0,1.0,0.0,1.0,0.0,0.0,7.0,0.0,0.0,0.0,0.0,5.0,1.0,0.0,0.0,0.0,0.0,0.5150000000139698,5108.0,1.0,0.0,0.0,0.0,0.0,0.0,4.0,409.0,-36.0,0.0
1.0,0.0,0.0,0.0,0.0,1.0,0.0,0.0,2.0,11.0,0.0,0.0,3.0,0.0,17.0,1.0,0.0,0.0,0.0,0.46799999999348074,12102.0,0.0,0.0,0.0,0.0,0.0,0.0,12.0,1861.0,34.5,1.0
0.0,0.0,1.0,1.0,0.0,1.0,0.0,0.0,2.0,2.0,0.0,1.0,0.0,24.0,1.0,1.0,1.0,0.0,0.0,0.2660000000614673,12480.0,0.0,0.0,0.0,0.0,0.0,0.0,48.0,2244.0,-78.0,0.0
0.0,0.0,1.0,1.0,0.0,1.0,0.0,0.0,3.0,3.0,0.0,0.0,0.0,0.0,1.0,0.0,0.0,0.0,0.0,0.5,39486.0,0.0,0.0,0.0,0.0,0.0,0.0,69.0,13070.0,-8.5,0.0
1.0,0.0,0.0,0.0,0.0,0.0,0.0,0.0,1.0,11.0,0.0,1.0,0.0,0.0,0.0,0.0,0.0,0.0,0.0,2.077999999979511,99998.0,1.0,0.0,0.0,0.0,0.0,0.0,0.0,0.0,17.5,0.0
1.0,0.0,0.0,0.0,0.0,1.0,0.0,0.0,1.0,0.0,0.0,0.0,0.0,1.0,1.0,0.0,0.0,0.0,0.0,0.20300000009592623,3036.0,0.0,0.0,0.0,0.0,0.0,0.0,0.0,1707.0,3.0,0.0
0.0,0.0,1.0,1.0,0.0,1.0,0.0,0.0,2.0,8.0,0.0,1.0,10.0,0.0,2.0,0.0,0.0,0.0,0.0,1.047000000020489,38393.0,0.0,0.0,0.0,0.0,0.0,0.0,54.0,2699.0,43.0,0.0
0.0,0.0,1.0,1.0,0.0,0.0,1.0,0.0,3.0,2.0,0.0,0.0,1.0,0.0,3.0,1.0,1.0,0.0,0.0,0.6570000000065193,7195.0,0.0,0.0,0.0,0.0,0.0,0.0,33.0,936.0,-9.0,0.0
1.0,0.0,0.0,0.0,0.0,1.0,0.0,0.0,1.0,0.0,0.0,0.0,0.0,1.0,1.0,0.0,0.0,0.0,0.0,0.3589999999385327,3036.0,0.0,0.0,0.0,0.0,0.0,0.0,0.0,1707.0,3.0,0.0
0.0,0.0,1.0,1.0,0.0,1.0,0.0,0.0,1.0,2.0,1.0,0.0,0.0,0.0,0.0,0.0,0.0,0.0,0.0,0.9059999999590218,9019.0,0.0,0.0,0.0,0.0,0.0,0.0,29.0,473.0,-9.0,0.0
0.0,0.0,1.0,1.0,0.0,1.0,0.0,0.0,3.0,1.0,0.0,0.0,0.0,1.0,3.0,0.0,0.0,0.0,0.0,0.3279999999795109,6349.0,0.0,0.0,0.0,0.0,0.0,0.0,15.0,2597.0,-14.5,0.0
1.0,0.0,0.0,0.0,0.0,1.0,0.0,0.0,1.0,2.0,0.0,1.0,0.0,0.0,0.0,0.0,0.0,0.0,0.0,1.297000000020489,8278.0,1.0,0.0,0.0,0.0,0.0,0.0,1.0,2015.0,11.0,0.0
0.0,0.0,1.0,1.0,0.0,1.0,0.0,0.0,4.0,0.0,0.0,0.0,0.0,0.0,1.0,0.0,0.0,0.0,0.0,1.8280000000959262,12750.0,0.0,0.0,0.0,0.0,0.0,0.0,2.0,338.0,-15.0,0.0
0.0,0.0,1.0,1.0,0.0,1.0,0.0,0.0,4.0,1.0,0.0,0.0,0.0,0.0,0.0,0.0,0.0,0.0,0.0,0.5160000000614673,5069.0,0.0,0.0,0.0,0.0,0.0,0.0,3.0,616.0,-13.5,0.0
0.0,0.0,1.0,1.0,0.0,1.0,0.0,0.0,4.0,4.0,0.0,0.0,0.0,0.0,3.0,0.0,0.0,1.0,0.0,0.765999999945052,83453.0,0.0,0.0,0.0,0.0,0.0,0.0,5.0,1474.0,-9.0,0.0
0.0,0.0,1.0,1.0,0.0,1.0,0.0,0.0,2.0,0.0,0.0,0.0,0.0,1.0,1.0,0.0,0.0,0.0,0.0,0.3279999999795109,1539.0,0.0,0.0,0.0,0.0,0.0,0.0,1.0,60.0,-14.0,0.0
1.0,0.0,0.0,0.0,0.0,1.0,0.0,0.0,3.0,7.0,0.0,1.0,0.0,0.0,2.0,0.0,0.0,0.0,0.0,0.8120000000344589,7504.0,0.0,0.0,0.0,0.0,0.0,0.0,3.0,4480.0,14.5,0.0
0.0,0.0,0.0,1.0,0.0,1.0,0.0,0.0,1.0,2.0,0.0,1.0,0.0,0.0,0.0,0.0,0.0,0.0,0.0,0.125,5586.0,0.0,0.0,0.0,0.0,0.0,0.0,0.0,3220.0,6.0,1.0
0.0,0.0,0.0,1.0,0.0,0.0,0.0,0.0,1.0,3.0,0.0,0.0,0.0,0.0,1.0,0.0,0.0,0.0,0.0,2.437999999965541,7532.0,1.0,0.0,0.0,0.0,0.0,0.0,2.0,459.0,-1.5,0.0
0.0,0.0,1.0,1.0,0.0,1.0,0.0,0.0,5.0,5.0,0.0,0.0,0.0,25.0,21.0,1.0,1.0,0.0,0.0,0.8129999999655411,31725.0,0.0,0.0,0.0,0.0,0.0,1.0,51.0,2316.0,-78.5,0.0
0.0,0.0,0.0,1.0,0.0,0.0,0.0,0.0,1.0,0.0,0.0,0.0,0.0,0.0,0.0,0.0,0.0,0.0,0.0,1.1099999999860302,555.0,0.0,0.0,0.0,0.0,0.0,0.0,0.0,36.0,-2.0,0.0
0.0,0.0,1.0,1.0,0.0,1.0,0.0,0.0,4.0,13.0,0.0,3.0,0.0,9.0,0.0,0.0,0.0,0.0,0.0,0.6720000000204891,64820.0,0.0,0.0,0.0,0.0,0.0,0.0,9.0,52542.0,-16.5,0.0
0.0,0.0,0.0,1.0,0.0,1.0,0.0,0.0,1.0,1.0,0.0,0.0,0.0,1.0,1.0,0.0,0.0,0.0,0.0,0.48400000005494803,20636.0,1.0,0.0,0.0,0.0,0.0,0.0,12.0,1156.0,-0.5,0.0
1.0,0.0,0.0,0.0,0.0,1.0,0.0,0.0,2.0,9.0,0.0,3.0,0.0,0.0,0.0,0.0,0.0,0.0,0.0,2.3280000000959262,100000.0,2.0,0.0,0.0,0.0,0.0,1.0,0.0,89643.0,27.5,0.0
1.0,0.0,0.0,0.0,0.0,1.0,0.0,0.0,2.0,6.0,0.0,3.0,0.0,0.0,2.0,0.0,0.0,1.0,1.0,1.422000000020489,100000.0,0.0,0.0,0.0,0.0,0.0,1.0,34.0,4379.0,28.0,1.0
1.0,0.0,0.0,0.0,0.0,0.0,0.0,0.0,0.0,7.0,0.0,2.0,54.0,0.0,61.0,53.0,4.0,0.0,0.0,2.5790000000270084,100000.0,1.0,0.0,0.0,0.0,0.0,0.0,111.0,22322.0,231.5,0.0
1.0,0.0,0.0,0.0,0.0,1.0,0.0,0.0,6.0,9.0,0.0,1.0,4.0,2.0,1.0,1.0,1.0,0.0,1.0,0.8440000000409782,95094.0,0.0,0.0,0.0,0.0,0.0,0.0,198.0,13642.0,26.5,0.0
0.0,0.0,0.0,1.0,0.0,1.0,0.0,0.0,0.0,0.0,0.0,0.0,0.0,0.0,0.0,0.0,0.0,0.0,0.0,0.26599999994505197,1714.0,0.0,0.0,0.0,0.0,0.0,0.0,0.0,1365.0,3.0,1.0
0.0,0.0,1.0,1.0,0.0,1.0,0.0,0.0,5.0,0.0,0.0,0.0,0.0,1.0,0.0,0.0,0.0,0.0,0.0,1.5940000000409782,1193.0,0.0,0.0,0.0,0.0,0.0,0.0,1.0,354.0,-20.0,0.0
1.0,0.0,0.0,0.0,0.0,1.0,0.0,0.0,2.0,12.0,0.0,1.0,9.0,0.0,15.0,8.0,1.0,1.0,0.0,0.7190000000409782,44746.0,1.0,0.0,0.0,0.0,0.0,0.0,48.0,22129.0,60.0,1.0
1.0,0.0,0.0,0.0,0.0,1.0,0.0,0.0,2.0,9.0,0.0,0.0,4.0,0.0,9.0,1.0,1.0,1.0,1.0,0.5620000000344589,51077.0,0.0,0.0,0.0,0.0,0.0,0.0,31.0,12863.0,40.5,1.0
0.0,0.0,1.0,1.0,0.0,1.0,0.0,0.0,2.0,6.0,0.0,2.0,8.0,0.0,5.0,9.0,2.0,1.0,1.0,0.5150000000139698,39438.0,0.0,0.0,0.0,0.0,0.0,1.0,60.0,3467.0,41.0,0.0
1.0,0.0,0.0,0.0,0.0,1.0,0.0,0.0,1.0,11.0,0.0,4.0,0.0,0.0,0.0,0.0,0.0,1.0,1.0,1.3439999999245629,99980.0,1.0,0.0,0.0,1.0,0.0,0.0,0.0,2780.0,41.5,1.0
1.0,0.0,0.0,0.0,0.0,1.0,0.0,0.0,1.0,13.0,0.0,2.0,38.0,0.0,45.0,3.0,0.0,1.0,1.0,2.2339999999385327,34888.0,0.0,0.0,0.0,0.0,0.0,0.0,104.0,9267.0,188.5,1.0
1.0,0.0,0.0,0.0,0.0,1.0,0.0,0.0,1.0,13.0,0.0,5.0,1.0,0.0,1.0,1.0,1.0,1.0,1.0,0.8429999999934807,99967.0,0.0,0.0,0.0,1.0,1.0,1.0,33.0,4672.0,59.5,1.0
0.0,0.0,0.0,1.0,0.0,1.0,0.0,0.0,1.0,1.0,0.0,0.0,0.0,1.0,1.0,0.0,0.0,0.0,0.0,0.5150000000139698,20636.0,1.0,0.0,0.0,0.0,0.0,0.0,12.0,1156.0,-0.5,1.0
1.0,0.0,0.0,0.0,0.0,1.0,0.0,0.0,1.0,9.0,0.0,0.0,46.0,0.0,28.0,2.0,1.0,1.0,1.0,1.9070000000065193,53729.0,1.0,0.0,0.0,0.0,0.0,0.0,160.0,13417.0,210.5,1.0
0.0,0.0,1.0,1.0,0.0,1.0,0.0,0.0,5.0,7.0,0.0,1.0,1.0,1.0,9.0,4.0,1.0,0.0,0.0,0.5310000000754371,33494.0,1.0,0.0,0.0,0.0,0.0,0.0,48.0,14882.0,-3.5,0.0
0.0,0.0,1.0,1.0,0.0,1.0,0.0,0.0,0.0,0.0,0.0,0.0,0.0,0.0,0.0,0.0,0.0,0.0,0.0,5.327999999979511,1104.0,0.0,0.0,0.0,0.0,0.0,0.0,0.0,82.0,-7.0,0.0
0.0,0.0,0.0,1.0,0.0,1.0,0.0,0.0,1.0,0.0,0.0,0.0,0.0,0.0,1.0,0.0,0.0,0.0,0.0,0.4220000000204891,4925.0,0.0,0.0,0.0,0.0,0.0,0.0,1.0,1742.0,1.0,0.0
1.0,0.0,0.0,0.0,0.0,1.0,0.0,0.0,3.0,15.0,1.0,3.0,5.0,0.0,0.0,0.0,0.0,1.0,1.0,0.18799999996554106,99994.0,0.0,0.0,0.0,1.0,1.0,1.0,0.0,80051.0,67.5,1.0
0.0,0.0,0.0,1.0,0.0,1.0,0.0,0.0,1.0,2.0,0.0,1.0,0.0,0.0,0.0,0.0,0.0,0.0,0.0,0.07800000009592623,5588.0,0.0,0.0,0.0,0.0,0.0,0.0,0.0,3222.0,6.0,1.0
1.0,0.0,0.0,0.0,0.0,1.0,0.0,0.0,3.0,15.0,0.0,0.0,5.0,0.0,0.0,0.0,0.0,0.0,0.0,0.18700000003445894,100000.0,0.0,0.0,0.0,0.0,0.0,0.0,0.0,95494.0,44.5,0.0
0.0,0.0,1.0,1.0,0.0,1.0,0.0,0.0,4.0,1.0,0.0,0.0,0.0,0.0,3.0,0.0,0.0,0.0,0.0,0.4220000000204891,23077.0,0.0,0.0,0.0,0.0,0.0,0.0,17.0,1893.0,-13.5,0.0
1.0,0.0,0.0,0.0,0.0,1.0,0.0,0.0,0.0,9.0,0.0,2.0,2.0,0.0,14.0,1.0,1.0,0.0,1.0,0.640999999945052,16591.0,0.0,0.0,0.0,0.0,0.0,1.0,55.0,5603.0,44.5,1.0
0.0,0.0,0.0,1.0,0.0,1.0,0.0,0.0,0.0,0.0,0.0,0.0,0.0,0.0,0.0,0.0,0.0,0.0,0.0,0.6879999999655411,0.0,0.0,0.0,0.0,0.0,0.0,0.0,0.0,0.0,3.0,0.0
1.0,0.0,0.0,0.0,0.0,1.0,0.0,0.0,1.0,7.0,0.0,2.0,4.0,0.0,15.0,1.0,1.0,1.0,1.0,0.5,50581.0,0.0,0.0,0.0,0.0,0.0,0.0,29.0,41065.0,43.5,1.0
1.0,0.0,0.0,0.0,0.0,1.0,0.0,0.0,2.0,10.0,0.0,7.0,0.0,0.0,1.0,0.0,0.0,1.0,1.0,0.8279999999795109,55168.0,0.0,0.0,0.0,1.0,0.0,0.0,1.0,163.0,44.0,1.0
0.0,0.0,1.0,1.0,0.0,0.0,1.0,0.0,1.0,3.0,0.0,0.0,1.0,18.0,6.0,2.0,1.0,0.0,0.0,1.7660000000614673,8503.0,0.0,0.0,0.0,0.0,0.0,0.0,7.0,2621.0,-55.5,0.0
1.0,0.0,0.0,0.0,0.0,1.0,0.0,0.0,3.0,10.0,0.0,2.0,0.0,0.0,0.0,0.0,0.0,0.0,1.0,0.7809999999590218,99997.0,0.0,0.0,0.0,0.0,1.0,1.0,0.0,0.0,35.0,1.0
1.0,0.0,0.0,0.0,0.0,1.0,0.0,0.0,0.0,3.0,0.0,4.0,0.0,0.0,0.0,0.0,0.0,0.0,1.0,1.1559999999590218,2525.0,0.0,0.0,0.0,0.0,0.0,0.0,0.0,7.0,25.5,1.0
1.0,0.0,0.0,0.0,0.0,1.0,0.0,0.0,1.0,10.0,0.0,2.0,1.0,0.0,2.0,0.0,0.0,0.0,1.0,0.9529999999795109,99998.0,0.0,0.0,0.0,0.0,0.0,0.0,6.0,85291.0,34.0,0.0
0.0,0.0,0.0,1.0,0.0,1.0,0.0,0.0,1.0,3.0,0.0,1.0,0.0,0.0,0.0,0.0,0.0,0.0,0.0,0.10899999993853271,5804.0,0.0,0.0,0.0,0.0,0.0,0.0,0.0,3438.0,7.5,0.0
0.0,0.0,1.0,1.0,0.0,1.0,0.0,0.0,3.0,1.0,0.0,0.0,0.0,2.0,1.0,0.0,0.0,0.0,0.0,0.8119999999180436,2958.0,0.0,0.0,0.0,0.0,0.0,0.0,3.0,1121.0,-17.5,0.0
0.0,0.0,1.0,1.0,0.0,1.0,0.0,0.0,3.0,8.0,0.0,3.0,2.0,1.0,1.0,5.0,4.0,0.0,1.0,0.6720000000204891,27714.0,1.0,0.0,0.0,0.0,0.0,0.0,28.0,13162.0,13.0,0.0
0.0,0.0,0.0,1.0,0.0,1.0,0.0,0.0,5.0,7.0,1.0,0.0,1.0,0.0,4.0,2.0,1.0,0.0,0.0,1.5,46521.0,0.0,0.0,0.0,0.0,0.0,0.0,34.0,2080.0,4.5,0.0
1.0,0.0,0.0,0.0,0.0,1.0,0.0,0.0,1.0,13.0,0.0,4.0,3.0,0.0,49.0,8.0,0.0,1.0,1.0,1.2189999999245629,99988.0,0.0,0.0,0.0,1.0,0.0,1.0,135.0,11534.0,62.5,1.0
0.0,0.0,1.0,1.0,0.0,1.0,0.0,0.0,3.0,3.0,3.0,1.0,0.0,0.0,2.0,0.0,0.0,0.0,0.0,1.047000000020489,98985.0,1.0,0.0,0.0,0.0,0.0,0.0,38.0,80811.0,-15.5,0.0
0.0,0.0,1.0,1.0,0.0,1.0,0.0,0.0,2.0,0.0,0.0,0.0,0.0,1.0,1.0,0.0,0.0,0.0,0.0,0.2029999999795109,1481.0,0.0,0.0,0.0,0.0,0.0,0.0,0.0,52.0,-14.0,0.0
1.0,0.0,0.0,0.0,0.0,0.0,0.0,0.0,3.0,5.0,0.0,0.0,0.0,0.0,1.0,0.0,0.0,0.0,0.0,0.48499999998603016,9091.0,0.0,0.0,0.0,0.0,0.0,0.0,7.0,1546.0,6.5,0.0
1.0,0.0,0.0,0.0,0.0,1.0,0.0,0.0,2.0,12.0,0.0,5.0,0.0,0.0,4.0,1.0,0.0,0.0,0.0,0.75,99996.0,0.0,0.0,0.0,0.0,0.0,0.0,21.0,66927.0,32.0,1.0
1.0,0.0,0.0,0.0,0.0,1.0,0.0,0.0,0.0,0.0,0.0,0.0,0.0,0.0,0.0,0.0,0.0,0.0,0.0,0.7650000000139698,1987.0,0.0,0.0,0.0,0.0,0.0,0.0,0.0,46.0,8.0,1.0
1.0,0.0,0.0,0.0,0.0,0.0,0.0,0.0,2.0,2.0,0.0,1.0,2.0,0.0,2.0,0.0,0.0,0.0,0.0,0.625,14939.0,1.0,0.0,0.0,0.0,0.0,0.0,67.0,1519.0,10.0,0.0
1.0,0.0,0.0,0.0,0.0,1.0,0.0,0.0,1.0,10.0,0.0,2.0,2.0,0.0,4.0,2.0,0.0,0.0,1.0,0.8599999999860302,61279.0,0.0,0.0,0.0,0.0,0.0,1.0,42.0,28775.0,42.0,1.0
0.0,0.0,1.0,1.0,0.0,1.0,0.0,0.0,2.0,8.0,0.0,3.0,0.0,0.0,1.0,5.0,1.0,0.0,0.0,1.3599999999860302,26477.0,0.0,0.0,0.0,0.0,0.0,0.0,59.0,7935.0,5.0,0.0
0.0,0.0,0.0,1.0,0.0,1.0,0.0,0.0,2.0,8.0,0.0,1.0,1.0,0.0,0.0,1.0,0.0,0.0,0.0,1.5150000000139698,29250.0,0.0,0.0,0.0,0.0,1.0,0.0,2.0,11321.0,22.0,0.0
0.0,0.0,0.0,0.0,0.0,1.0,0.0,0.0,0.0,1.0,0.0,0.0,0.0,0.0,0.0,0.0,0.0,0.0,0.0,0.10900000005494803,2671.0,0.0,0.0,0.0,0.0,0.0,0.0,0.0,67.0,4.5,0.0
1.0,0.0,0.0,0.0,0.0,0.0,1.0,0.0,2.0,6.0,0.0,1.0,0.0,1.0,1.0,0.0,0.0,1.0,1.0,0.8429999999934807,12000.0,0.0,0.0,0.0,0.0,1.0,1.0,5.0,1544.0,18.0,1.0
0.0,0.0,0.0,0.0,1.0,1.0,0.0,0.0,0.0,1.0,0.0,1.0,0.0,1.0,1.0,0.0,0.0,0.0,0.0,0.20400000002700835,1495.0,0.0,0.0,0.0,0.0,0.0,0.0,1.0,159.0,0.5,0.0
0.0,0.0,1.0,1.0,0.0,1.0,0.0,0.0,7.0,18.0,0.0,1.0,0.0,5.0,5.0,0.0,0.0,0.0,0.0,0.8900000000139698,99803.0,0.0,0.0,0.0,0.0,0.0,0.0,41.0,84697.0,-7.0,0.0
1.0,0.0,0.0,0.0,0.0,1.0,0.0,0.0,1.0,6.0,0.0,1.0,38.0,0.0,11.0,2.0,1.0,0.0,1.0,0.09399999992456287,32295.0,0.0,0.0,0.0,0.0,0.0,1.0,60.0,8792.0,180.0,1.0
0.0,0.0,1.0,1.0,0.0,1.0,0.0,0.0,5.0,2.0,4.0,0.0,0.0,0.0,2.0,1.0,1.0,0.0,0.0,1.0630000000819564,7154.0,0.0,0.0,0.0,0.0,0.0,0.0,36.0,1285.0,-26.0,0.0
0.0,0.0,0.0,1.0,0.0,0.0,1.0,0.0,1.0,1.0,0.0,1.0,0.0,0.0,0.0,0.0,0.0,0.0,0.0,0.125,5681.0,0.0,0.0,0.0,0.0,0.0,0.0,0.0,3315.0,1.5,1.0
0.0,0.0,1.0,1.0,0.0,0.0,1.0,0.0,2.0,14.0,1.0,1.0,0.0,0.0,0.0,0.0,0.0,0.0,0.0,0.5150000000139698,48992.0,0.0,0.0,0.0,0.0,0.0,0.0,3.0,26297.0,6.0,0.0
0.0,0.0,1.0,1.0,0.0,1.0,0.0,0.0,3.0,8.0,0.0,0.0,0.0,0.0,0.0,0.0,0.0,0.0,0.0,0.9839999999385327,47813.0,1.0,0.0,0.0,0.0,0.0,0.0,1.0,3671.0,-1.0,0.0
0.0,0.0,1.0,1.0,0.0,1.0,0.0,0.0,1.0,9.0,0.0,1.0,15.0,1.0,1.0,15.0,1.0,0.0,0.0,1.6410000000614673,100000.0,0.0,0.0,0.0,0.0,0.0,0.0,234.0,38968.0,61.5,0.0
0.0,0.0,0.0,1.0,0.0,0.0,0.0,0.0,1.0,2.0,0.0,1.0,0.0,0.0,0.0,0.0,0.0,0.0,0.0,0.6560000000754371,5717.0,1.0,0.0,0.0,0.0,0.0,0.0,0.0,3351.0,-1.0,0.0
0.0,0.0,1.0,1.0,0.0,1.0,0.0,0.0,1.0,2.0,1.0,0.0,0.0,0.0,0.0,0.0,0.0,0.0,0.0,0.375,9019.0,0.0,0.0,0.0,0.0,0.0,0.0,29.0,473.0,-9.0,0.0
1.0,0.0,0.0,0.0,0.0,1.0,0.0,0.0,0.0,0.0,0.0,0.0,0.0,0.0,0.0,0.0,0.0,0.0,0.0,0.15600000007543713,114.0,0.0,0.0,0.0,0.0,0.0,0.0,0.0,0.0,8.0,0.0
0.0,0.0,1.0,1.0,0.0,1.0,0.0,0.0,0.0,2.0,0.0,0.0,0.0,0.0,0.0,0.0,0.0,0.0,0.0,1.75,100000.0,0.0,0.0,0.0,0.0,0.0,0.0,0.0,0.0,-4.0,1.0
1.0,0.0,0.0,0.0,0.0,0.0,0.0,0.0,3.0,8.0,0.0,0.0,0.0,5.0,0.0,0.0,0.0,0.0,0.0,2.530999999959022,100000.0,1.0,0.0,0.0,0.0,0.0,0.0,0.0,87116.0,-8.0,0.0
1.0,0.0,0.0,0.0,0.0,0.0,0.0,0.0,0.0,4.0,0.0,1.0,3.0,0.0,6.0,4.0,2.0,0.0,0.0,0.5150000000139698,11666.0,1.0,0.0,0.0,0.0,0.0,0.0,24.0,4723.0,21.0,0.0
1.0,0.0,0.0,0.0,0.0,1.0,0.0,0.0,2.0,11.0,0.0,7.0,0.0,0.0,1.0,0.0,0.0,1.0,1.0,0.9689999999245629,35464.0,0.0,0.0,0.0,1.0,0.0,0.0,1.0,163.0,45.5,1.0
0.0,0.0,1.0,1.0,0.0,1.0,0.0,0.0,6.0,14.0,0.0,3.0,5.0,11.0,2.0,68.0,10.0,0.0,0.0,0.6869999999180436,87281.0,0.0,0.0,0.0,0.0,0.0,0.0,31.0,48303.0,-7.0,0.0
0.0,0.0,1.0,1.0,0.0,1.0,0.0,0.0,1.0,11.0,0.0,2.0,0.0,0.0,0.0,0.0,0.0,0.0,0.0,2.327999999979511,100000.0,0.0,0.0,0.0,0.0,0.0,0.0,0.0,0.0,11.5,0.0
0.0,0.0,1.0,1.0,0.0,1.0,0.0,0.0,3.0,10.0,0.0,0.0,0.0,1.0,0.0,3.0,2.0,0.0,0.0,2.5320000000065193,57126.0,0.0,0.0,0.0,0.0,0.0,0.0,31.0,3275.0,-3.0,0.0
0.0,0.0,1.0,1.0,0.0,1.0,0.0,0.0,1.0,4.0,0.0,0.0,0.0,1.0,2.0,2.0,0.0,0.0,0.0,0.5780000000959262,7484.0,0.0,0.0,0.0,0.0,0.0,0.0,11.0,3452.0,-6.0,0.0
0.0,0.0,0.0,1.0,0.0,1.0,0.0,0.0,1.0,3.0,0.0,1.0,0.0,0.0,0.0,0.0,0.0,0.0,0.0,0.0779999999795109,5804.0,0.0,0.0,0.0,0.0,0.0,0.0,0.0,3438.0,7.5,0.0
1.0,0.0,0.0,0.0,0.0,1.0,0.0,0.0,1.0,2.0,0.0,1.0,2.0,0.0,0.0,2.0,2.0,1.0,1.0,0.34299999999348074,13409.0,0.0,0.0,0.0,0.0,0.0,0.0,15.0,3074.0,24.0,1.0
1.0,0.0,0.0,0.0,0.0,1.0,0.0,0.0,6.0,9.0,0.0,1.0,4.0,2.0,1.0,1.0,1.0,0.0,1.0,0.375,95094.0,0.0,0.0,0.0,0.0,0.0,0.0,198.0,13642.0,26.5,0.0
1.0,0.0,0.0,0.0,0.0,1.0,0.0,0.0,1.0,14.0,0.0,3.0,44.0,1.0,122.0,2.0,3.0,1.0,1.0,0.5309999999590218,99994.0,1.0,0.0,0.0,0.0,0.0,0.0,305.0,21462.0,213.0,1.0
1.0,0.0,0.0,0.0,0.0,1.0,0.0,0.0,0.0,2.0,0.0,1.0,0.0,0.0,0.0,0.0,0.0,1.0,0.0,0.23400000005494803,2748.0,0.0,0.0,0.0,0.0,0.0,0.0,0.0,3.0,13.0,1.0
0.0,0.0,1.0,1.0,0.0,1.0,0.0,0.0,2.0,8.0,0.0,1.0,10.0,0.0,2.0,0.0,0.0,0.0,0.0,2.859000000054948,38393.0,1.0,0.0,0.0,0.0,0.0,0.0,54.0,2699.0,43.0,0.0
0.0,0.0,1.0,1.0,0.0,1.0,0.0,0.0,6.0,4.0,2.0,0.0,0.0,1.0,6.0,0.0,0.0,0.0,1.0,1.125,16567.0,0.0,0.0,0.0,0.0,0.0,0.0,37.0,2282.0,-15.0,0.0
0.0,0.0,1.0,1.0,0.0,1.0,0.0,0.0,0.0,5.0,0.0,0.0,0.0,0.0,0.0,0.0,0.0,0.0,0.0,0.7820000000065193,5962.0,2.0,0.0,0.0,0.0,0.0,0.0,0.0,1332.0,0.5,0.0
0.0,0.0,1.0,1.0,0.0,1.0,0.0,0.0,4.0,10.0,0.0,0.0,1.0,0.0,1.0,0.0,0.0,0.0,0.0,3.5630000000819564,55006.0,0.0,0.0,0.0,0.0,0.0,0.0,2.0,15678.0,4.0,0.0
0.0,0.0,0.0,1.0,0.0,1.0,0.0,0.0,0.0,0.0,0.0,0.0,0.0,0.0,0.0,0.0,0.0,0.0,0.0,0.06199999991804361,776.0,0.0,0.0,0.0,0.0,0.0,0.0,0.0,452.0,3.0,0.0
0.0,0.0,1.0,1.0,0.0,1.0,0.0,0.0,2.0,2.0,0.0,0.0,0.0,0.0,1.0,0.0,0.0,0.0,0.0,0.8439999999245629,6743.0,0.0,0.0,0.0,0.0,0.0,0.0,15.0,395.0,-8.0,0.0
0.0,0.0,1.0,1.0,0.0,1.0,0.0,0.0,2.0,3.0,0.0,1.0,0.0,0.0,2.0,0.0,0.0,0.0,0.0,0.9849999999860302,9933.0,0.0,0.0,0.0,0.0,0.0,0.0,20.0,1834.0,-4.5,0.0
1.0,0.0,0.0,0.0,0.0,0.0,1.0,0.0,1.0,11.0,0.0,2.0,5.0,6.0,26.0,8.0,2.0,1.0,1.0,2.187999999965541,59142.0,0.0,0.0,0.0,0.0,0.0,1.0,60.0,34945.0,29.5,1.0
1.0,0.0,0.0,0.0,0.0,1.0,0.0,0.0,0.0,10.0,0.0,0.0,13.0,0.0,5.0,23.0,4.0,1.0,0.0,0.9220000000204891,42161.0,0.0,0.0,0.0,0.0,0.0,0.0,51.0,12995.0,73.0,1.0
0.0,0.0,1.0,1.0,0.0,1.0,0.0,0.0,1.0,3.0,1.0,2.0,6.0,0.0,2.0,1.0,1.0,0.0,0.0,0.75,31497.0,1.0,0.0,0.0,0.0,0.0,0.0,1.0,3740.0,20.5,0.0
1.0,0.0,0.0,0.0,0.0,1.0,0.0,0.0,0.0,4.0,0.0,2.0,2.0,0.0,1.0,1.0,1.0,1.0,1.0,0.6879999999655411,15071.0,0.0,0.0,0.0,0.0,0.0,1.0,12.0,3978.0,35.0,1.0
0.0,0.0,1.0,1.0,0.0,1.0,0.0,0.0,1.0,2.0,0.0,1.0,0.0,0.0,0.0,0.0,0.0,0.0,0.0,7.155999999959022,28454.0,1.0,0.0,0.0,0.0,0.0,0.0,1.0,1699.0,-4.0,0.0
1.0,0.0,0.0,0.0,0.0,0.0,0.0,0.0,0.0,0.0,0.0,0.0,0.0,0.0,0.0,0.0,0.0,0.0,0.0,0.75,2184.0,1.0,0.0,0.0,0.0,0.0,0.0,0.0,699.0,1.0,0.0
0.0,0.0,1.0,1.0,0.0,1.0,0.0,0.0,3.0,7.0,0.0,1.0,0.0,0.0,1.0,2.0,1.0,0.0,0.0,4.172000000020489,30439.0,0.0,0.0,0.0,0.0,0.0,0.0,24.0,17803.0,-0.5,0.0
1.0,0.0,0.0,0.0,0.0,0.0,0.0,0.0,1.0,11.0,0.0,1.0,0.0,0.0,0.0,0.0,0.0,0.0,0.0,1.172000000020489,99998.0,1.0,0.0,0.0,0.0,0.0,0.0,0.0,0.0,17.5,0.0
1.0,0.0,0.0,0.0,0.0,1.0,0.0,0.0,3.0,9.0,0.0,8.0,0.0,0.0,2.0,0.0,0.0,0.0,1.0,0.18799999996554106,9034.0,0.0,0.0,0.0,1.0,0.0,0.0,3.0,4480.0,42.5,1.0
0.0,0.0,1.0,1.0,0.0,1.0,0.0,0.0,3.0,0.0,0.0,0.0,0.0,1.0,1.0,0.0,0.0,0.0,0.0,0.26500000001396984,3586.0,0.0,0.0,0.0,0.0,0.0,0.0,2.0,678.0,-16.0,0.0
0.0,0.0,1.0,1.0,0.0,1.0,0.0,0.0,1.0,0.0,1.0,0.0,0.0,0.0,1.0,0.0,0.0,0.0,0.0,0.7179999999934807,12920.0,1.0,0.0,0.0,0.0,0.0,0.0,1.0,6825.0,-12.0,0.0
0.0,0.0,0.0,1.0,0.0,1.0,0.0,0.0,0.0,0.0,0.0,0.0,0.0,0.0,1.0,0.0,0.0,0.0,0.0,0.375,902.0,0.0,0.0,0.0,0.0,0.0,0.0,0.0,130.0,3.0,0.0
0.0,0.0,1.0,1.0,0.0,1.0,0.0,0.0,3.0,3.0,0.0,0.0,0.0,0.0,1.0,0.0,0.0,0.0,0.0,0.4529999999795109,39486.0,0.0,0.0,0.0,0.0,0.0,0.0,69.0,13070.0,-8.5,0.0
1.0,0.0,0.0,0.0,0.0,0.0,0.0,0.0,0.0,7.0,0.0,2.0,54.0,0.0,61.0,53.0,4.0,0.0,0.0,3.0929999999934807,100000.0,1.0,0.0,0.0,0.0,0.0,0.0,111.0,22322.0,231.5,0.0
1.0,0.0,0.0,0.0,0.0,1.0,0.0,0.0,1.0,1.0,0.0,1.0,0.0,0.0,0.0,0.0,0.0,0.0,0.0,0.7029999999795109,6675.0,0.0,0.0,0.0,0.0,0.0,0.0,0.0,132.0,9.5,0.0
0.0,0.0,1.0,1.0,0.0,0.0,1.0,0.0,2.0,1.0,0.0,0.0,0.0,0.0,0.0,0.0,0.0,0.0,0.0,0.8440000000409782,9468.0,0.0,0.0,0.0,0.0,0.0,0.0,26.0,1686.0,-12.5,0.0
1.0,0.0,0.0,0.0,0.0,1.0,0.0,0.0,1.0,13.0,0.0,2.0,0.0,0.0,0.0,0.0,0.0,1.0,1.0,0.8120000000344589,99992.0,0.0,0.0,0.0,0.0,0.0,1.0,0.0,83208.0,38.5,1.0
1.0,0.0,0.0,0.0,0.0,0.0,1.0,0.0,2.0,5.0,0.0,0.0,0.0,0.0,9.0,3.0,3.0,0.0,0.0,1.9689999999245629,99976.0,3.0,0.0,0.0,0.0,0.0,0.0,44.0,11229.0,-0.5,0.0
0.0,0.0,1.0,1.0,0.0,1.0,0.0,0.0,5.0,2.0,0.0,0.0,0.0,25.0,1.0,1.0,1.0,0.0,0.0,0.625,24676.0,0.0,0.0,0.0,0.0,0.0,1.0,48.0,2613.0,-85.0,0.0
0.0,0.0,1.0,1.0,0.0,1.0,0.0,0.0,2.0,6.0,0.0,3.0,0.0,0.0,1.0,0.0,0.0,0.0,0.0,1.2810000000754371,100000.0,0.0,0.0,0.0,0.0,0.0,0.0,0.0,97279.0,4.0,0.0
0.0,0.0,1.0,1.0,0.0,1.0,0.0,0.0,4.0,8.0,2.0,1.0,3.0,0.0,13.0,2.0,1.0,0.0,0.0,1.0,56200.0,0.0,0.0,0.0,0.0,0.0,0.0,116.0,5430.0,7.0,0.0
0.0,0.0,1.0,1.0,0.0,1.0,0.0,0.0,1.0,7.0,0.0,1.0,0.0,0.0,0.0,0.0,0.0,0.0,1.0,0.2190000000409782,99958.0,0.0,0.0,0.0,0.0,0.0,1.0,0.0,0.0,12.5,0.0
0.0,0.0,1.0,1.0,0.0,1.0,0.0,0.0,1.0,5.0,0.0,3.0,0.0,0.0,0.0,1.0,1.0,0.0,0.0,2.14000000001397,12691.0,0.0,0.0,0.0,0.0,0.0,0.0,10.0,3247.0,4.5,0.0
1.0,0.0,0.0,0.0,0.0,0.0,1.0,0.0,0.0,1.0,0.0,1.0,0.0,0.0,0.0,0.0,0.0,1.0,1.0,0.7190000000409782,3014.0,0.0,0.0,0.0,0.0,0.0,0.0,1.0,2039.0,8.5,1.0
0.0,0.0,1.0,1.0,0.0,1.0,0.0,0.0,5.0,2.0,4.0,0.0,0.0,0.0,2.0,1.0,1.0,0.0,0.0,1.7660000000614673,7154.0,0.0,0.0,0.0,0.0,0.0,0.0,36.0,1285.0,-26.0,0.0
0.0,0.0,1.0,1.0,0.0,0.0,1.0,0.0,2.0,1.0,0.0,0.0,0.0,0.0,0.0,0.0,0.0,0.0,0.0,0.8910000000614673,9469.0,0.0,0.0,0.0,0.0,0.0,0.0,26.0,1687.0,-12.5,0.0
1.0,0.0,0.0,0.0,0.0,0.0,0.0,0.0,1.0,4.0,0.0,1.0,0.0,0.0,1.0,0.0,0.0,0.0,0.0,1.0,6641.0,1.0,0.0,0.0,0.0,0.0,0.0,1.0,2763.0,7.0,0.0
0.0,0.0,1.0,1.0,0.0,1.0,0.0,0.0,3.0,4.0,0.0,0.0,0.0,0.0,1.0,0.0,0.0,0.0,0.0,0.5150000000139698,6966.0,1.0,0.0,0.0,0.0,0.0,0.0,3.0,349.0,-7.0,0.0
0.0,0.0,0.0,1.0,0.0,1.0,0.0,0.0,0.0,0.0,0.0,0.0,0.0,0.0,0.0,0.0,0.0,0.0,0.0,0.2190000000409782,1714.0,0.0,0.0,0.0,0.0,0.0,0.0,0.0,1365.0,3.0,0.0
1.0,0.0,0.0,0.0,0.0,0.0,0.0,0.0,3.0,12.0,0.0,2.0,47.0,1.0,42.0,23.0,8.0,0.0,1.0,2.452999999979511,92080.0,1.0,0.0,0.0,0.0,0.0,0.0,161.0,33410.0,207.0,0.0
0.0,0.0,1.0,1.0,0.0,1.0,0.0,0.0,1.0,9.0,0.0,1.0,15.0,1.0,1.0,15.0,1.0,0.0,0.0,1.812999999965541,100000.0,0.0,0.0,0.0,0.0,0.0,0.0,234.0,38968.0,61.5,0.0
0.0,0.0,0.0,0.0,1.0,0.0,1.0,0.0,1.0,0.0,0.0,0.0,0.0,0.0,0.0,0.0,0.0,0.0,0.0,0.8280000000959262,524.0,0.0,0.0,0.0,0.0,0.0,0.0,0.0,25.0,-5.0,0.0
1.0,0.0,0.0,0.0,0.0,1.0,0.0,0.0,1.0,9.0,0.0,0.0,1.0,0.0,0.0,1.0,0.0,1.0,1.0,3.1570000000065193,97830.0,2.0,0.0,0.0,0.0,1.0,1.0,6.0,131.0,37.5,1.0
1.0,0.0,0.0,0.0,0.0,1.0,0.0,0.0,2.0,11.0,0.0,1.0,25.0,16.0,28.0,18.0,10.0,0.0,0.0,1.75,99990.0,0.0,0.0,0.0,0.0,0.0,0.0,336.0,25986.0,74.5,1.0
0.0,0.0,0.0,1.0,0.0,1.0,0.0,0.0,1.0,3.0,0.0,1.0,0.0,0.0,0.0,0.0,0.0,0.0,0.0,0.0470000000204891,5763.0,0.0,0.0,0.0,0.0,0.0,0.0,0.0,3397.0,7.5,1.0
0.0,0.0,1.0,1.0,0.0,0.0,0.0,0.0,2.0,3.0,0.0,1.0,0.0,0.0,14.0,28.0,1.0,0.0,0.0,3.094000000040978,60994.0,1.0,0.0,0.0,0.0,0.0,0.0,42.0,18110.0,-11.5,0.0
0.0,0.0,1.0,1.0,0.0,0.0,1.0,0.0,3.0,2.0,0.0,0.0,1.0,0.0,3.0,1.0,1.0,0.0,0.0,0.984000000054948,7194.0,0.0,0.0,0.0,0.0,0.0,0.0,33.0,936.0,-9.0,0.0
0.0,0.0,1.0,1.0,0.0,1.0,0.0,0.0,1.0,3.0,1.0,2.0,6.0,0.0,2.0,1.0,1.0,0.0,0.0,0.625,31493.0,1.0,0.0,0.0,0.0,0.0,0.0,1.0,3740.0,20.5,0.0
1.0,0.0,0.0,0.0,0.0,1.0,0.0,0.0,1.0,13.0,0.0,3.0,6.0,0.0,2.0,2.0,1.0,1.0,1.0,3.3429999999934807,99706.0,0.0,0.0,0.0,0.0,0.0,0.0,21.0,57277.0,60.5,1.0
1.0,0.0,0.0,0.0,0.0,1.0,0.0,0.0,1.0,3.0,0.0,1.0,0.0,0.0,0.0,0.0,0.0,0.0,0.0,0.43799999996554106,7655.0,0.0,0.0,0.0,0.0,0.0,0.0,0.0,1027.0,12.5,0.0
0.0,0.0,0.0,1.0,0.0,1.0,0.0,0.0,1.0,1.0,0.0,1.0,0.0,0.0,0.0,0.0,0.0,0.0,0.0,0.09299999999348074,5745.0,0.0,0.0,0.0,0.0,0.0,0.0,0.0,3379.0,4.5,0.0
0.0,0.0,1.0,1.0,0.0,1.0,0.0,0.0,3.0,1.0,0.0,0.0,0.0,2.0,1.0,0.0,0.0,0.0,0.0,0.26500000001396984,2958.0,0.0,0.0,0.0,0.0,0.0,0.0,3.0,1121.0,-17.5,0.0
0.0,0.0,1.0,1.0,0.0,0.0,1.0,0.0,3.0,2.0,0.0,0.0,1.0,0.0,3.0,1.0,1.0,0.0,0.0,0.9220000000204891,7193.0,0.0,0.0,0.0,0.0,0.0,0.0,33.0,935.0,-9.0,0.0
1.0,0.0,0.0,0.0,0.0,1.0,0.0,0.0,2.0,8.0,1.0,5.0,2.0,0.0,0.0,0.0,0.0,1.0,1.0,0.859000000054948,99999.0,0.0,0.0,0.0,1.0,0.0,1.0,47.0,2106.0,46.0,1.0
0.0,0.0,1.0,1.0,0.0,1.0,0.0,0.0,4.0,7.0,3.0,3.0,1.0,0.0,11.0,3.0,3.0,0.0,1.0,0.6879999999655411,96483.0,0.0,0.0,0.0,0.0,0.0,1.0,280.0,27211.0,5.5,0.0
0.0,0.0,1.0,1.0,0.0,1.0,0.0,0.0,0.0,4.0,0.0,2.0,0.0,0.0,0.0,4.0,1.0,0.0,0.0,0.5790000000270084,12819.0,0.0,0.0,0.0,0.0,0.0,0.0,42.0,719.0,1.0,0.0
0.0,0.0,1.0,1.0,0.0,1.0,0.0,0.0,1.0,11.0,0.0,2.0,0.0,0.0,0.0,0.0,0.0,0.0,0.0,0.35900000005494803,99999.0,0.0,0.0,0.0,0.0,0.0,0.0,0.0,0.0,11.5,0.0
0.0,0.0,1.0,1.0,0.0,0.0,1.0,0.0,10.0,4.0,0.0,2.0,0.0,1.0,0.0,0.0,0.0,0.0,0.0,0.6099999999860302,23673.0,0.0,0.0,0.0,0.0,0.0,0.0,3.0,12291.0,-23.0,0.0
1.0,0.0,0.0,0.0,0.0,1.0,0.0,0.0,2.0,10.0,0.0,2.0,0.0,0.0,0.0,0.0,0.0,1.0,1.0,1.2660000000614673,100000.0,0.0,0.0,0.0,0.0,0.0,1.0,0.0,33399.0,32.0,1.0
0.0,0.0,1.0,1.0,0.0,1.0,0.0,0.0,5.0,1.0,0.0,0.0,0.0,0.0,0.0,0.0,0.0,0.0,0.0,0.5309999999590218,645.0,0.0,0.0,0.0,0.0,0.0,0.0,0.0,67.0,-15.5,0.0
0.0,0.0,1.0,1.0,0.0,1.0,0.0,0.0,5.0,1.0,0.0,1.0,0.0,0.0,0.0,0.0,0.0,0.0,0.0,0.9839999999385327,5201.0,0.0,0.0,0.0,0.0,0.0,0.0,0.0,245.0,-13.5,0.0
1.0,0.0,0.0,0.0,0.0,1.0,0.0,0.0,2.0,11.0,0.0,1.0,2.0,0.0,41.0,2.0,1.0,1.0,1.0,1.25,99918.0,0.0,0.0,0.0,0.0,0.0,0.0,173.0,14526.0,37.5,1.0
1.0,0.0,0.0,0.0,0.0,1.0,0.0,0.0,2.0,11.0,0.0,2.0,1.0,0.0,0.0,0.0,0.0,1.0,1.0,2.140999999945052,99996.0,1.0,0.0,0.0,0.0,0.0,0.0,80.0,7170.0,33.5,1.0
0.0,0.0,1.0,1.0,0.0,1.0,0.0,0.0,2.0,15.0,0.0,0.0,0.0,0.0,0.0,0.0,0.0,0.0,0.0,3.030999999959022,99988.0,2.0,0.0,0.0,0.0,0.0,0.0,2.0,82140.0,11.5,0.0
1.0,0.0,0.0,0.0,0.0,1.0,0.0,0.0,1.0,0.0,0.0,0.0,0.0,1.0,1.0,0.0,0.0,0.0,0.0,0.0940000000409782,3036.0,0.0,0.0,0.0,0.0,0.0,0.0,0.0,1707.0,3.0,0.0
0.0,0.0,1.0,1.0,0.0,1.0,0.0,0.0,3.0,0.0,0.0,0.0,0.0,0.0,0.0,0.0,0.0,0.0,0.0,0.2809999999590218,23.0,0.0,0.0,0.0,0.0,0.0,0.0,0.0,23.0,-13.0,0.0
0.0,0.0,0.0,1.0,0.0,1.0,0.0,0.0,0.0,0.0,0.0,0.0,0.0,0.0,0.0,0.0,0.0,0.0,0.0,0.23400000005494803,450.0,0.0,0.0,0.0,0.0,0.0,0.0,0.0,285.0,3.0,1.0
0.0,0.0,1.0,1.0,0.0,1.0,0.0,0.0,3.0,1.0,0.0,0.0,0.0,1.0,3.0,0.0,0.0,0.0,0.0,1.1709999999729916,6347.0,0.0,0.0,0.0,0.0,0.0,0.0,15.0,2595.0,-14.5,0.0
1.0,0.0,0.0,0.0,0.0,1.0,0.0,0.0,2.0,5.0,0.0,3.0,0.0,0.0,0.0,0.0,0.0,1.0,1.0,6.25,100000.0,0.0,0.0,0.0,0.0,0.0,1.0,0.0,0.0,26.5,1.0
0.0,0.0,0.0,1.0,0.0,0.0,0.0,0.0,0.0,0.0,0.0,0.0,0.0,0.0,0.0,0.0,0.0,0.0,0.0,0.875,0.0,0.0,0.0,0.0,0.0,0.0,0.0,0.0,0.0,0.0,1.0
0.0,0.0,0.0,1.0,0.0,0.0,0.0,0.0,1.0,0.0,0.0,0.0,0.0,0.0,0.0,0.0,0.0,0.0,0.0,0.2970000000204891,555.0,0.0,0.0,0.0,0.0,0.0,0.0,0.0,36.0,-2.0,0.0
1.0,0.0,0.0,0.0,0.0,1.0,0.0,0.0,2.0,2.0,0.0,0.0,0.0,0.0,0.0,0.0,0.0,0.0,0.0,0.5469999999040738,20378.0,0.0,0.0,0.0,0.0,0.0,0.0,1.0,2810.0,7.0,0.0
0.0,0.0,1.0,1.0,0.0,1.0,0.0,0.0,4.0,8.0,0.0,0.0,0.0,0.0,0.0,0.0,0.0,0.0,0.0,0.9849999999860302,100000.0,0.0,0.0,0.0,0.0,0.0,0.0,0.0,0.0,-3.0,0.0
0.0,0.0,1.0,1.0,0.0,0.0,0.0,0.0,4.0,5.0,1.0,1.0,0.0,1.0,1.0,0.0,0.0,0.0,0.0,6.155999999959022,100000.0,1.0,0.0,0.0,0.0,0.0,0.0,1.0,8286.0,-18.5,0.0
1.0,0.0,0.0,0.0,0.0,1.0,0.0,0.0,0.0,0.0,0.0,0.0,0.0,0.0,0.0,0.0,0.0,0.0,0.0,0.6709999999729916,1987.0,0.0,0.0,0.0,0.0,0.0,0.0,0.0,46.0,8.0,0.0
1.0,0.0,0.0,0.0,0.0,1.0,0.0,0.0,1.0,10.0,0.0,3.0,3.0,0.0,7.0,25.0,1.0,1.0,1.0,0.6099999999860302,28609.0,0.0,0.0,0.0,1.0,0.0,0.0,45.0,3614.0,50.0,1.0
1.0,0.0,0.0,0.0,0.0,1.0,0.0,0.0,2.0,8.0,1.0,5.0,2.0,0.0,0.0,0.0,0.0,1.0,1.0,0.9529999999795109,99999.0,0.0,0.0,0.0,1.0,0.0,1.0,47.0,2104.0,46.0,1.0
0.0,0.0,1.0,1.0,0.0,1.0,0.0,0.0,5.0,2.0,0.0,0.0,0.0,25.0,9.0,1.0,1.0,0.0,0.0,1.140999999945052,52756.0,0.0,0.0,0.0,0.0,0.0,1.0,46.0,2451.0,-83.0,0.0
1.0,0.0,0.0,0.0,0.0,1.0,0.0,0.0,0.0,0.0,0.0,0.0,0.0,0.0,0.0,0.0,0.0,0.0,0.0,0.18700000003445894,114.0,0.0,0.0,0.0,0.0,0.0,0.0,0.0,0.0,8.0,1.0
0.0,0.0,1.0,1.0,0.0,1.0,0.0,0.0,3.0,0.0,0.0,0.0,0.0,1.0,0.0,0.0,0.0,0.0,0.0,0.3589999999385327,3072.0,0.0,0.0,0.0,0.0,0.0,0.0,3.0,1110.0,-16.0,0.0
0.0,0.0,0.0,0.0,0.0,1.0,0.0,0.0,1.0,0.0,0.0,0.0,0.0,0.0,0.0,0.0,0.0,0.0,0.0,0.39000000001396984,2010.0,1.0,0.0,0.0,0.0,0.0,0.0,0.0,666.0,1.0,0.0
0.0,0.0,1.0,1.0,0.0,1.0,0.0,0.0,4.0,2.0,4.0,0.0,7.0,1.0,4.0,2.0,1.0,0.0,0.0,1.3429999999934807,15429.0,0.0,0.0,0.0,0.0,0.0,0.0,33.0,4169.0,1.0,0.0
0.0,0.0,1.0,1.0,0.0,1.0,0.0,0.0,3.0,0.0,0.0,0.0,0.0,0.0,0.0,0.0,0.0,0.0,0.0,2.01500000001397,394.0,2.0,0.0,0.0,0.0,0.0,0.0,1.0,62.0,-13.0,0.0
1.0,0.0,0.0,0.0,0.0,1.0,0.0,0.0,1.0,3.0,0.0,0.0,0.0,0.0,0.0,0.0,0.0,0.0,0.0,1.1400000000139698,100000.0,1.0,0.0,0.0,0.0,0.0,0.0,0.0,0.0,10.5,0.0
0.0,0.0,1.0,1.0,0.0,1.0,0.0,0.0,4.0,1.0,0.0,0.0,0.0,0.0,0.0,0.0,0.0,0.0,0.0,5.547000000020489,100000.0,0.0,0.0,0.0,0.0,0.0,0.0,0.0,0.0,-13.5,0.0
0.0,0.0,1.0,1.0,0.0,1.0,0.0,0.0,4.0,14.0,0.0,1.0,0.0,0.0,1.0,1.0,0.0,0.0,1.0,0.375,99803.0,0.0,0.0,0.0,0.0,0.0,1.0,17.0,84872.0,17.0,0.0
0.0,0.0,1.0,1.0,0.0,1.0,0.0,0.0,2.0,2.0,0.0,0.0,0.0,0.0,1.0,0.0,0.0,0.0,0.0,0.5940000000409782,6747.0,0.0,0.0,0.0,0.0,0.0,0.0,15.0,395.0,-8.0,0.0
0.0,0.0,1.0,1.0,0.0,1.0,0.0,0.0,4.0,10.0,0.0,0.0,1.0,0.0,1.0,0.0,0.0,0.0,0.0,2.609000000054948,55009.0,0.0,0.0,0.0,0.0,0.0,0.0,2.0,15681.0,4.0,0.0
0.0,0.0,0.0,1.0,0.0,0.0,1.0,0.0,1.0,1.0,0.0,1.0,0.0,0.0,0.0,0.0,0.0,0.0,0.0,0.1720000000204891,5738.0,0.0,0.0,0.0,0.0,0.0,0.0,0.0,3372.0,1.5,0.0
1.0,0.0,0.0,0.0,0.0,0.0,0.0,0.0,1.0,6.0,0.0,1.0,1.0,1.0,3.0,30.0,5.0,0.0,0.0,0.6559999999590218,18674.0,0.0,0.0,0.0,0.0,0.0,0.0,23.0,5759.0,13.0,0.0
0.0,0.0,1.0,1.0,0.0,1.0,0.0,0.0,1.0,2.0,0.0,0.0,0.0,0.0,0.0,0.0,0.0,0.0,0.0,1.3599999999860302,99953.0,1.0,0.0,0.0,0.0,0.0,0.0,0.0,64463.0,-6.0,0.0
0.0,0.0,0.0,1.0,0.0,1.0,0.0,0.0,2.0,3.0,0.0,0.0,0.0,0.0,1.0,0.0,0.0,0.0,0.0,0.125,11424.0,0.0,0.0,0.0,0.0,0.0,0.0,1.0,3913.0,3.5,0.0
1.0,0.0,0.0,0.0,0.0,1.0,0.0,0.0,1.0,11.0,0.0,3.0,0.0,0.0,0.0,0.0,0.0,1.0,1.0,0.7809999999590218,100000.0,0.0,0.0,0.0,0.0,0.0,0.0,0.0,0.0,33.5,1.0
0.0,0.0,1.0,1.0,0.0,1.0,0.0,0.0,4.0,17.0,2.0,2.0,0.0,0.0,0.0,0.0,0.0,0.0,1.0,0.4059999999590218,99994.0,0.0,0.0,0.0,0.0,0.0,1.0,6.0,30802.0,17.5,0.0
1.0,0.0,0.0,0.0,0.0,1.0,0.0,0.0,1.0,0.0,0.0,0.0,0.0,1.0,1.0,0.0,0.0,0.0,0.0,0.1720000000204891,3036.0,0.0,0.0,0.0,0.0,0.0,0.0,0.0,1707.0,3.0,0.0
0.0,0.0,1.0,1.0,0.0,1.0,0.0,0.0,1.0,3.0,0.0,0.0,0.0,0.0,0.0,0.0,0.0,0.0,0.0,1.0630000000819564,138.0,0.0,0.0,0.0,0.0,0.0,0.0,0.0,138.0,-4.5,0.0
1.0,0.0,0.0,0.0,0.0,0.0,1.0,0.0,0.0,3.0,0.0,0.0,0.0,0.0,11.0,0.0,0.0,0.0,0.0,1.202999999979511,19863.0,1.0,0.0,0.0,0.0,0.0,0.0,61.0,3468.0,2.5,0.0
1.0,0.0,0.0,0.0,0.0,1.0,0.0,0.0,1.0,3.0,0.0,1.0,0.0,0.0,0.0,0.0,0.0,0.0,0.0,0.31299999996554106,7655.0,0.0,0.0,0.0,0.0,0.0,0.0,0.0,1027.0,12.5,0.0
1.0,0.0,0.0,0.0,0.0,0.0,1.0,0.0,0.0,6.0,0.0,1.0,0.0,0.0,44.0,2.0,1.0,0.0,0.0,1.875,100000.0,2.0,0.0,0.0,0.0,0.0,0.0,175.0,30228.0,9.0,0.0
1.0,0.0,0.0,0.0,0.0,1.0,0.0,0.0,0.0,2.0,0.0,0.0,0.0,0.0,0.0,0.0,0.0,0.0,0.0,0.5939999999245629,5578.0,0.0,0.0,0.0,0.0,0.0,0.0,0.0,958.0,11.0,0.0
0.0,0.0,1.0,1.0,0.0,1.0,0.0,0.0,6.0,5.0,0.0,2.0,0.0,1.0,3.0,0.0,0.0,0.0,0.0,0.7820000000065193,6717.0,0.0,0.0,0.0,0.0,0.0,0.0,2.0,654.0,-10.5,0.0
0.0,0.0,0.0,1.0,0.0,1.0,0.0,0.0,1.0,3.0,0.0,1.0,0.0,0.0,0.0,0.0,0.0,0.0,0.0,0.10900000005494803,5746.0,0.0,0.0,0.0,0.0,0.0,0.0,0.0,3380.0,7.5,0.0
1.0,0.0,0.0,0.0,0.0,1.0,0.0,0.0,0.0,4.0,0.0,2.0,0.0,0.0,0.0,0.0,0.0,0.0,0.0,1.077999999979511,5989.0,0.0,0.0,0.0,1.0,0.0,0.0,2.0,268.0,24.0,1.0
0.0,0.0,1.0,1.0,0.0,1.0,0.0,0.0,4.0,4.0,0.0,0.0,0.0,0.0,3.0,0.0,0.0,1.0,0.0,0.8119999999180436,83454.0,0.0,0.0,0.0,0.0,0.0,0.0,5.0,1474.0,-9.0,0.0
0.0,0.0,0.0,0.0,1.0,1.0,0.0,0.0,1.0,4.0,0.0,1.0,0.0,0.0,0.0,0.0,0.0,0.0,0.0,1.047000000020489,99999.0,0.0,0.0,0.0,0.0,0.0,0.0,0.0,832.0,6.0,0.0
0.0,0.0,1.0,1.0,0.0,1.0,0.0,0.0,0.0,2.0,0.0,0.0,0.0,0.0,0.0,0.0,0.0,0.0,0.0,0.5310000000754371,100000.0,0.0,0.0,0.0,0.0,0.0,0.0,0.0,0.0,-4.0,0.0
1.0,0.0,0.0,0.0,0.0,1.0,0.0,0.0,1.0,5.0,0.0,4.0,0.0,0.0,0.0,0.0,0.0,0.0,1.0,0.765999999945052,99998.0,0.0,0.0,0.0,1.0,0.0,1.0,0.0,0.0,36.5,1.0
0.0,0.0,1.0,1.0,0.0,1.0,0.0,0.0,1.0,2.0,0.0,1.0,0.0,0.0,0.0,0.0,0.0,0.0,0.0,0.9380000000819564,28454.0,1.0,0.0,0.0,0.0,0.0,0.0,1.0,1699.0,-4.0,0.0
0.0,0.0,1.0,1.0,0.0,1.0,0.0,0.0,5.0,2.0,4.0,0.0,0.0,0.0,2.0,1.0,1.0,0.0,0.0,0.2339999999385327,7154.0,0.0,0.0,0.0,0.0,0.0,0.0,36.0,1285.0,-26.0,0.0
1.0,0.0,0.0,0.0,0.0,0.0,1.0,0.0,0.0,6.0,0.0,1.0,0.0,0.0,45.0,2.0,1.0,0.0,0.0,0.875,100000.0,2.0,0.0,0.0,0.0,0.0,0.0,175.0,30131.0,9.0,0.0
0.0,0.0,1.0,1.0,0.0,1.0,0.0,0.0,5.0,5.0,0.0,0.0,0.0,25.0,21.0,1.0,1.0,0.0,0.0,0.875,31726.0,0.0,0.0,0.0,0.0,0.0,1.0,51.0,2316.0,-78.5,0.0
1.0,0.0,0.0,0.0,0.0,1.0,0.0,0.0,0.0,11.0,0.0,3.0,8.0,0.0,4.0,0.0,0.0,1.0,1.0,0.7189999999245629,38341.0,0.0,0.0,0.0,1.0,1.0,1.0,38.0,15049.0,82.5,1.0
0.0,0.0,1.0,1.0,0.0,1.0,0.0,0.0,4.0,14.0,0.0,1.0,0.0,0.0,1.0,1.0,0.0,0.0,1.0,0.6719999999040738,99803.0,0.0,0.0,0.0,0.0,0.0,1.0,17.0,84866.0,17.0,0.0
1.0,0.0,0.0,0.0,0.0,1.0,0.0,0.0,1.0,8.0,0.0,1.0,2.0,0.0,3.0,2.0,2.0,1.0,0.0,1.9369999999180436,67482.0,0.0,0.0,0.0,0.0,0.0,1.0,11.0,3568.0,32.0,1.0
0.0,0.0,0.0,1.0,0.0,1.0,0.0,0.0,3.0,0.0,0.0,0.0,0.0,1.0,0.0,0.0,0.0,0.0,0.0,1.234000000054948,4237.0,1.0,0.0,0.0,0.0,0.0,0.0,6.0,1302.0,-6.0,1.0
0.0,0.0,1.0,1.0,0.0,1.0,0.0,0.0,3.0,10.0,1.0,0.0,0.0,0.0,0.0,0.0,0.0,0.0,0.0,0.625,100000.0,0.0,0.0,0.0,0.0,0.0,0.0,0.0,0.0,-1.0,0.0
0.0,0.0,0.0,1.0,0.0,0.0,0.0,0.0,1.0,4.0,0.0,1.0,0.0,0.0,0.0,0.0,0.0,0.0,0.0,0.0779999999795109,5818.0,0.0,0.0,0.0,0.0,0.0,0.0,0.0,3452.0,6.0,0.0
0.0,0.0,0.0,1.0,0.0,1.0,0.0,0.0,3.0,9.0,0.0,1.0,3.0,58.0,1.0,8.0,4.0,0.0,0.0,1.922000000020489,100000.0,0.0,0.0,0.0,0.0,0.0,0.0,95.0,6001.0,-151.5,0.0
0.0,0.0,1.0,1.0,0.0,1.0,0.0,0.0,5.0,7.0,0.0,1.0,0.0,13.0,1.0,0.0,0.0,0.0,0.0,1.5940000000409782,99998.0,1.0,0.0,0.0,0.0,0.0,0.0,22.0,13742.0,-43.5,0.0
0.0,0.0,0.0,1.0,0.0,1.0,0.0,0.0,2.0,3.0,0.0,0.0,0.0,0.0,1.0,0.0,0.0,0.0,0.0,0.31200000003445894,11415.0,0.0,0.0,0.0,0.0,0.0,0.0,1.0,3904.0,3.5,0.0
1.0,0.0,0.0,0.0,0.0,1.0,0.0,0.0,2.0,9.0,0.0,1.0,2.0,0.0,3.0,2.0,2.0,1.0,0.0,1.077999999979511,67830.0,0.0,0.0,0.0,0.0,0.0,1.0,11.0,3567.0,31.5,1.0
0.0,0.0,0.0,1.0,0.0,0.0,0.0,0.0,1.0,0.0,0.0,0.0,0.0,0.0,0.0,0.0,0.0,0.0,0.0,0.26599999994505197,555.0,0.0,0.0,0.0,0.0,0.0,0.0,0.0,36.0,-2.0,0.0
0.0,0.0,1.0,1.0,0.0,1.0,0.0,0.0,2.0,4.0,0.0,0.0,0.0,0.0,0.0,1.0,2.0,0.0,0.0,2.312999999965541,15766.0,0.0,0.0,0.0,0.0,0.0,0.0,62.0,4121.0,-5.0,0.0
0.0,0.0,1.0,1.0,0.0,1.0,0.0,0.0,4.0,8.0,0.0,2.0,1.0,0.0,0.0,4.0,2.0,0.0,1.0,1.812000000034459,24997.0,0.0,0.0,0.0,0.0,0.0,0.0,11.0,5862.0,8.0,0.0
1.0,0.0,0.0,0.0,0.0,0.0,1.0,0.0,2.0,5.0,0.0,0.0,0.0,0.0,9.0,3.0,3.0,0.0,0.0,1.5,99976.0,3.0,0.0,0.0,0.0,0.0,0.0,44.0,11229.0,-0.5,0.0
1.0,0.0,0.0,0.0,0.0,1.0,0.0,0.0,0.0,2.0,0.0,0.0,0.0,0.0,0.0,0.0,0.0,0.0,0.0,0.28100000007543713,99998.0,0.0,0.0,0.0,0.0,0.0,1.0,0.0,96058.0,15.0,0.0
0.0,0.0,0.0,0.0,0.0,1.0,0.0,0.0,0.0,0.0,0.0,0.0,0.0,0.0,0.0,0.0,0.0,0.0,0.0,0.26500000001396984,2010.0,1.0,0.0,0.0,0.0,0.0,0.0,0.0,666.0,3.0,1.0
0.0,0.0,1.0,1.0,0.0,1.0,0.0,0.0,2.0,6.0,0.0,3.0,0.0,0.0,1.0,0.0,0.0,0.0,0.0,1.140999999945052,100000.0,0.0,0.0,0.0,0.0,0.0,0.0,0.0,97279.0,4.0,0.0
0.0,0.0,1.0,1.0,0.0,1.0,0.0,0.0,2.0,2.0,0.0,0.0,0.0,0.0,1.0,0.0,0.0,0.0,0.0,0.8440000000409782,6746.0,0.0,0.0,0.0,0.0,0.0,0.0,15.0,395.0,-8.0,0.0
0.0,0.0,1.0,1.0,0.0,1.0,0.0,0.0,4.0,7.0,3.0,3.0,1.0,0.0,11.0,3.0,3.0,0.0,1.0,3.5619999999180436,96479.0,0.0,0.0,0.0,0.0,0.0,1.0,280.0,27211.0,5.5,0.0
1.0,0.0,0.0,0.0,0.0,0.0,1.0,0.0,2.0,3.0,0.0,2.0,0.0,0.0,1.0,0.0,0.0,0.0,0.0,0.8120000000344589,24502.0,1.0,0.0,0.0,0.0,0.0,0.0,0.0,1448.0,0.5,0.0
1.0,0.0,0.0,0.0,0.0,1.0,0.0,0.0,0.0,4.0,0.0,1.0,1.0,0.0,3.0,3.0,3.0,0.0,0.0,1.3589999999385327,10541.0,0.0,0.0,0.0,0.0,0.0,1.0,25.0,1535.0,22.0,0.0
0.0,0.0,1.0,1.0,0.0,1.0,0.0,0.0,2.0,3.0,0.0,1.0,0.0,0.0,2.0,0.0,0.0,0.0,0.0,1.0310000000754371,9933.0,0.0,0.0,0.0,0.0,0.0,0.0,20.0,1834.0,-4.5,0.0
0.0,0.0,1.0,1.0,0.0,1.0,0.0,0.0,4.0,0.0,0.0,0.0,0.0,0.0,0.0,0.0,0.0,0.0,0.0,0.18799999996554106,755.0,0.0,0.0,0.0,0.0,0.0,0.0,0.0,0.0,-15.0,0.0
1.0,0.0,0.0,0.0,0.0,1.0,0.0,0.0,1.0,5.0,0.0,1.0,2.0,0.0,4.0,5.0,3.0,0.0,0.0,6.172000000020489,92578.0,0.0,0.0,0.0,0.0,0.0,0.0,66.0,2348.0,21.5,0.0
0.0,0.0,1.0,1.0,0.0,1.0,0.0,0.0,5.0,3.0,0.0,0.0,0.0,0.0,3.0,4.0,2.0,0.0,0.0,0.765999999945052,9607.0,0.0,0.0,0.0,0.0,0.0,0.0,13.0,1595.0,-14.5,0.0
0.0,0.0,1.0,1.0,0.0,1.0,0.0,0.0,6.0,14.0,0.0,3.0,5.0,11.0,2.0,68.0,10.0,0.0,0.0,0.5150000000139698,87307.0,0.0,0.0,0.0,0.0,0.0,0.0,31.0,48309.0,-7.0,0.0
0.0,0.0,1.0,1.0,0.0,1.0,0.0,0.0,3.0,2.0,0.0,0.0,0.0,0.0,3.0,0.0,0.0,0.0,0.0,1.7820000000065193,35204.0,0.0,0.0,0.0,0.0,0.0,0.0,1.0,252.0,-10.0,0.0
1.0,0.0,0.0,0.0,0.0,1.0,0.0,0.0,1.0,11.0,0.0,3.0,0.0,0.0,0.0,0.0,0.0,1.0,1.0,0.8290000000270084,100000.0,0.0,0.0,0.0,0.0,0.0,0.0,0.0,0.0,33.5,1.0
0.0,0.0,1.0,1.0,0.0,1.0,0.0,0.0,3.0,8.0,2.0,1.0,3.0,0.0,13.0,2.0,1.0,0.0,0.0,0.875,56466.0,0.0,0.0,0.0,0.0,0.0,0.0,116.0,5767.0,9.0,0.0
0.0,0.0,1.0,1.0,0.0,1.0,0.0,0.0,4.0,0.0,0.0,0.0,0.0,0.0,0.0,0.0,0.0,0.0,0.0,0.125,755.0,0.0,0.0,0.0,0.0,0.0,0.0,0.0,0.0,-15.0,0.0
0.0,0.0,1.0,1.0,0.0,0.0,1.0,0.0,1.0,0.0,0.0,0.0,0.0,0.0,0.0,0.0,0.0,0.0,0.0,0.7190000000409782,45.0,0.0,0.0,0.0,0.0,0.0,0.0,0.0,45.0,-12.0,0.0
0.0,0.0,0.0,1.0,0.0,1.0,0.0,0.0,1.0,1.0,0.0,0.0,0.0,0.0,0.0,0.0,0.0,0.0,0.0,0.23400000005494803,5681.0,0.0,0.0,0.0,0.0,0.0,0.0,0.0,5368.0,2.5,1.0
1.0,0.0,0.0,0.0,0.0,1.0,0.0,0.0,0.0,7.0,0.0,1.0,2.0,0.0,4.0,3.0,3.0,1.0,1.0,0.2970000000204891,12407.0,0.0,0.0,0.0,0.0,0.0,1.0,27.0,2156.0,35.5,1.0
0.0,0.0,1.0,1.0,0.0,1.0,0.0,0.0,8.0,11.0,0.0,0.0,1.0,2.0,1.0,1.0,1.0,0.0,0.0,1.202999999979511,99962.0,0.0,0.0,0.0,0.0,0.0,0.0,61.0,3023.0,-8.5,0.0
0.0,0.0,0.0,1.0,0.0,1.0,0.0,0.0,1.0,2.0,0.0,1.0,0.0,0.0,0.0,0.0,0.0,0.0,0.0,0.09399999992456287,15637.0,0.0,0.0,0.0,0.0,0.0,0.0,1.0,3692.0,6.0,0.0
0.0,0.0,1.0,1.0,0.0,1.0,0.0,0.0,4.0,7.0,1.0,3.0,0.0,0.0,0.0,0.0,0.0,0.0,1.0,0.890999999945052,99998.0,0.0,0.0,0.0,0.0,0.0,1.0,47.0,2108.0,7.5,0.0
0.0,0.0,0.0,1.0,0.0,1.0,0.0,0.0,1.0,1.0,0.0,1.0,0.0,0.0,0.0,0.0,0.0,0.0,0.0,0.0940000000409782,5795.0,0.0,0.0,0.0,0.0,0.0,0.0,0.0,3429.0,4.5,0.0
0.0,0.0,1.0,1.0,0.0,1.0,0.0,0.0,2.0,7.0,0.0,3.0,0.0,0.0,0.0,0.0,0.0,0.0,0.0,0.5470000000204891,99998.0,0.0,0.0,0.0,0.0,0.0,0.0,0.0,15497.0,5.5,0.0
1.0,0.0,0.0,0.0,0.0,1.0,0.0,0.0,2.0,8.0,0.0,7.0,0.0,0.0,0.0,0.0,0.0,0.0,1.0,0.3279999999795109,29322.0,3.0,0.0,0.0,0.0,0.0,1.0,12.0,2252.0,39.0,0.0
0.0,0.0,1.0,1.0,0.0,1.0,0.0,0.0,2.0,5.0,0.0,1.0,0.0,0.0,0.0,0.0,0.0,0.0,0.0,0.4839999999385327,99966.0,0.0,0.0,0.0,0.0,0.0,0.0,0.0,0.0,-1.5,0.0
1.0,0.0,0.0,0.0,0.0,1.0,0.0,0.0,3.0,15.0,0.0,0.0,5.0,0.0,0.0,0.0,0.0,0.0,0.0,0.1559999999590218,100000.0,0.0,0.0,0.0,0.0,0.0,0.0,0.0,95494.0,44.5,0.0
0.0,0.0,1.0,1.0,0.0,1.0,0.0,0.0,4.0,1.0,0.0,0.0,0.0,0.0,3.0,0.0,0.0,0.0,0.0,0.3589999999385327,23077.0,0.0,0.0,0.0,0.0,0.0,0.0,17.0,1893.0,-13.5,0.0
1.0,0.0,0.0,0.0,0.0,1.0,0.0,0.0,0.0,2.0,0.0,0.0,0.0,0.0,0.0,0.0,0.0,0.0,0.0,1.422000000020489,5578.0,0.0,0.0,0.0,0.0,0.0,0.0,0.0,958.0,11.0,0.0
0.0,0.0,0.0,1.0,0.0,1.0,0.0,0.0,1.0,1.0,0.0,1.0,0.0,0.0,0.0,0.0,0.0,0.0,0.0,0.125,5724.0,0.0,0.0,0.0,0.0,0.0,0.0,0.0,3358.0,4.5,0.0
0.0,0.0,1.0,1.0,0.0,1.0,0.0,0.0,5.0,5.0,0.0,0.0,0.0,25.0,21.0,1.0,1.0,0.0,0.0,0.31299999996554106,31730.0,0.0,0.0,0.0,0.0,0.0,1.0,51.0,2316.0,-78.5,0.0
0.0,0.0,0.0,1.0,0.0,1.0,0.0,0.0,2.0,3.0,0.0,0.0,0.0,0.0,0.0,0.0,0.0,0.0,0.0,0.0779999999795109,100000.0,0.0,0.0,0.0,0.0,0.0,0.0,0.0,0.0,3.5,1.0
1.0,0.0,0.0,0.0,0.0,1.0,0.0,0.0,3.0,6.0,0.0,2.0,7.0,0.0,5.0,9.0,2.0,1.0,1.0,0.9529999999795109,39183.0,1.0,0.0,0.0,0.0,0.0,1.0,63.0,3410.0,50.0,1.0
0.0,0.0,0.0,1.0,0.0,1.0,0.0,0.0,2.0,0.0,0.0,0.0,0.0,1.0,1.0,0.0,0.0,0.0,0.0,0.3279999999795109,1515.0,0.0,0.0,0.0,0.0,0.0,0.0,0.0,69.0,-4.0,1.0
0.0,0.0,1.0,1.0,0.0,1.0,0.0,0.0,3.0,10.0,0.0,4.0,4.0,6.0,26.0,13.0,3.0,0.0,1.0,0.7970000000204891,68191.0,0.0,0.0,0.0,0.0,0.0,0.0,56.0,22280.0,13.0,0.0
0.0,0.0,1.0,1.0,0.0,1.0,0.0,0.0,2.0,0.0,0.0,0.0,0.0,1.0,1.0,0.0,0.0,0.0,0.0,0.7029999999795109,1513.0,0.0,0.0,0.0,0.0,0.0,0.0,0.0,52.0,-14.0,0.0
0.0,0.0,1.0,1.0,0.0,1.0,0.0,0.0,4.0,0.0,0.0,0.0,0.0,0.0,0.0,0.0,0.0,0.0,0.0,0.1720000000204891,755.0,0.0,0.0,0.0,0.0,0.0,0.0,0.0,0.0,-15.0,0.0
0.0,0.0,1.0,1.0,0.0,1.0,0.0,0.0,4.0,4.0,0.0,0.0,0.0,0.0,1.0,0.0,0.0,0.0,0.0,2.8429999999934807,77271.0,1.0,0.0,0.0,0.0,0.0,0.0,1.0,11033.0,-9.0,0.0
0.0,0.0,0.0,1.0,0.0,1.0,0.0,0.0,5.0,7.0,1.0,0.0,1.0,0.0,4.0,2.0,1.0,0.0,0.0,0.35900000005494803,46521.0,0.0,0.0,0.0,0.0,0.0,0.0,34.0,2080.0,4.5,0.0
0.0,0.0,0.0,1.0,0.0,1.0,0.0,0.0,1.0,1.0,0.0,0.0,0.0,1.0,1.0,0.0,0.0,0.0,0.0,0.5160000000614673,20636.0,1.0,0.0,0.0,0.0,0.0,0.0,12.0,1156.0,-0.5,0.0
0.0,0.0,1.0,1.0,0.0,1.0,0.0,0.0,3.0,2.0,0.0,0.0,0.0,0.0,2.0,0.0,0.0,0.0,0.0,0.3279999999795109,9379.0,0.0,0.0,0.0,0.0,0.0,0.0,5.0,596.0,-10.0,0.0
0.0,0.0,0.0,1.0,0.0,1.0,0.0,0.0,1.0,0.0,0.0,0.0,0.0,0.0,0.0,0.0,0.0,0.0,0.0,0.15600000007543713,919.0,0.0,0.0,0.0,0.0,0.0,0.0,0.0,520.0,1.0,0.0
1.0,0.0,0.0,0.0,0.0,1.0,0.0,0.0,1.0,7.0,0.0,4.0,1.0,0.0,1.0,0.0,0.0,1.0,1.0,7.5,100000.0,0.0,0.0,0.0,0.0,0.0,1.0,1.0,8483.0,37.5,1.0
0.0,0.0,0.0,1.0,0.0,1.0,0.0,0.0,1.0,1.0,0.0,1.0,0.0,0.0,0.0,0.0,0.0,0.0,0.0,0.062000000034458935,5769.0,0.0,0.0,0.0,0.0,0.0,0.0,0.0,3403.0,4.5,1.0
0.0,0.0,1.0,1.0,0.0,1.0,0.0,0.0,6.0,13.0,0.0,0.0,0.0,25.0,6.0,1.0,1.0,0.0,0.0,1.172000000020489,48926.0,0.0,0.0,0.0,0.0,0.0,1.0,46.0,2749.0,-68.5,0.0
0.0,0.0,1.0,1.0,0.0,1.0,0.0,0.0,4.0,2.0,0.0,0.0,0.0,0.0,0.0,0.0,0.0,0.0,0.0,4.577999999979511,100000.0,0.0,0.0,0.0,0.0,0.0,0.0,1.0,18.0,-12.0,0.0
1.0,0.0,0.0,0.0,0.0,1.0,0.0,0.0,1.0,2.0,0.0,1.0,2.0,0.0,0.0,0.0,0.0,1.0,1.0,0.2029999999795109,9701.0,0.0,0.0,0.0,0.0,0.0,0.0,4.0,1679.0,24.0,0.0
1.0,0.0,0.0,0.0,0.0,1.0,0.0,0.0,0.0,1.0,0.0,0.0,0.0,0.0,0.0,4.0,1.0,0.0,0.0,0.26500000001396984,8407.0,1.0,0.0,0.0,0.0,0.0,0.0,0.0,1022.0,7.5,1.0
1.0,0.0,0.0,0.0,0.0,1.0,0.0,0.0,2.0,5.0,0.0,0.0,0.0,0.0,7.0,2.0,1.0,0.0,0.0,0.8279999999795109,8870.0,0.0,0.0,0.0,0.0,0.0,0.0,50.0,1472.0,13.5,0.0
1.0,0.0,0.0,0.0,0.0,1.0,0.0,0.0,0.0,1.0,0.0,1.0,0.0,0.0,0.0,0.0,0.0,0.0,0.0,0.8900000000139698,686.0,0.0,0.0,0.0,0.0,0.0,0.0,0.0,100.0,11.5,0.0
0.0,0.0,0.0,1.0,0.0,1.0,0.0,0.0,1.0,2.0,0.0,1.0,0.0,0.0,0.0,0.0,0.0,0.0,0.0,0.0779999999795109,5761.0,0.0,0.0,0.0,0.0,0.0,0.0,0.0,3395.0,6.0,0.0
0.0,0.0,1.0,1.0,0.0,1.0,0.0,0.0,5.0,5.0,1.0,0.0,0.0,25.0,1.0,1.0,1.0,0.0,0.0,1.390999999945052,52440.0,0.0,0.0,0.0,0.0,0.0,0.0,46.0,2895.0,-87.5,0.0
0.0,0.0,1.0,1.0,0.0,1.0,0.0,0.0,12.0,15.0,1.0,2.0,0.0,0.0,1.0,1.0,0.0,0.0,0.0,3.5,56728.0,1.0,0.0,0.0,0.0,0.0,0.0,13.0,14147.0,-7.5,0.0
1.0,0.0,0.0,0.0,0.0,1.0,0.0,0.0,1.0,0.0,0.0,0.0,0.0,1.0,1.0,0.0,0.0,0.0,0.0,0.125,3036.0,0.0,0.0,0.0,0.0,0.0,0.0,0.0,1707.0,3.0,1.0
1.0,0.0,0.0,0.0,0.0,1.0,0.0,0.0,2.0,12.0,0.0,1.0,0.0,0.0,0.0,0.0,0.0,1.0,1.0,1.2190000000409782,100000.0,0.0,0.0,0.0,0.0,0.0,1.0,0.0,70895.0,33.0,1.0
1.0,0.0,0.0,0.0,0.0,1.0,0.0,0.0,0.0,6.0,0.0,3.0,0.0,0.0,0.0,1.0,1.0,1.0,1.0,0.5630000000819564,80041.0,1.0,0.0,0.0,0.0,0.0,1.0,20.0,430.0,32.0,1.0
1.0,0.0,0.0,0.0,0.0,0.0,0.0,0.0,0.0,0.0,0.0,0.0,0.0,0.0,1.0,0.0,0.0,0.0,0.0,0.23499999998603016,649.0,1.0,0.0,0.0,0.0,0.0,0.0,0.0,0.0,1.0,1.0
0.0,0.0,1.0,1.0,0.0,1.0,0.0,0.0,4.0,5.0,2.0,1.0,0.0,0.0,0.0,0.0,0.0,0.0,0.0,1.4369999999180436,99994.0,0.0,0.0,0.0,0.0,0.0,0.0,53.0,10514.0,-11.5,0.0
1.0,0.0,0.0,0.0,0.0,1.0,0.0,0.0,0.0,6.0,0.0,3.0,0.0,0.0,1.0,0.0,0.0,0.0,1.0,1.9690000000409782,8469.0,0.0,0.0,0.0,0.0,0.0,1.0,0.0,787.0,32.0,0.0
0.0,0.0,1.0,1.0,0.0,1.0,0.0,0.0,1.0,11.0,0.0,2.0,0.0,0.0,0.0,0.0,0.0,0.0,0.0,0.9379999999655411,99999.0,0.0,0.0,0.0,0.0,0.0,0.0,0.0,0.0,11.5,0.0
0.0,0.0,1.0,1.0,0.0,1.0,0.0,0.0,4.0,3.0,0.0,0.0,0.0,4.0,1.0,0.0,0.0,0.0,0.0,0.4220000000204891,7936.0,0.0,0.0,0.0,0.0,0.0,0.0,1.0,899.0,-22.5,0.0
0.0,0.0,0.0,1.0,0.0,1.0,0.0,0.0,2.0,2.0,0.0,1.0,0.0,5.0,0.0,0.0,0.0,0.0,0.0,0.0470000000204891,4547.0,0.0,0.0,0.0,0.0,0.0,0.0,1.0,1522.0,-11.0,0.0
0.0,0.0,1.0,1.0,0.0,1.0,0.0,0.0,4.0,1.0,0.0,0.0,0.0,0.0,0.0,0.0,0.0,0.0,0.0,3.5469999999040738,2119.0,0.0,0.0,0.0,0.0,0.0,0.0,2.0,1356.0,-13.5,0.0
0.0,0.0,0.0,1.0,0.0,1.0,0.0,0.0,1.0,2.0,0.0,1.0,0.0,0.0,0.0,0.0,0.0,0.0,0.0,0.062000000034458935,5636.0,0.0,0.0,0.0,0.0,0.0,0.0,0.0,3270.0,6.0,0.0
1.0,0.0,0.0,0.0,0.0,1.0,0.0,0.0,1.0,8.0,0.0,0.0,2.0,0.0,0.0,8.0,1.0,0.0,0.0,1.3910000000614673,100000.0,0.0,0.0,0.0,0.0,0.0,0.0,34.0,8646.0,24.0,0.0
0.0,0.0,1.0,1.0,0.0,1.0,0.0,0.0,3.0,3.0,0.0,1.0,0.0,10.0,1.0,0.0,0.0,0.0,0.0,1.125,8229.0,0.0,0.0,0.0,0.0,0.0,0.0,7.0,1225.0,-36.5,0.0
0.0,0.0,0.0,1.0,0.0,0.0,0.0,0.0,1.0,0.0,0.0,0.0,0.0,0.0,0.0,0.0,0.0,0.0,0.0,0.26500000001396984,555.0,0.0,0.0,0.0,0.0,0.0,0.0,0.0,36.0,-2.0,0.0
0.0,0.0,1.0,1.0,0.0,0.0,1.0,0.0,1.0,0.0,0.0,0.0,0.0,0.0,0.0,0.0,0.0,0.0,0.0,1.0309999999590218,23.0,0.0,0.0,0.0,0.0,0.0,0.0,0.0,23.0,-12.0,0.0
0.0,0.0,1.0,1.0,0.0,1.0,0.0,0.0,5.0,6.0,2.0,1.0,0.0,4.0,4.0,1.0,0.0,0.0,1.0,0.2190000000409782,29008.0,0.0,0.0,0.0,0.0,0.0,0.0,28.0,11626.0,-19.0,1.0
0.0,0.0,0.0,1.0,0.0,1.0,0.0,0.0,0.0,0.0,0.0,0.0,0.0,0.0,0.0,0.0,0.0,0.0,0.0,0.1880000000819564,79.0,0.0,0.0,0.0,0.0,0.0,0.0,0.0,5.0,3.0,1.0
0.0,0.0,1.0,1.0,0.0,1.0,0.0,0.0,3.0,3.0,0.0,1.0,0.0,10.0,1.0,0.0,0.0,0.0,0.0,1.1559999999590218,8213.0,0.0,0.0,0.0,0.0,0.0,0.0,7.0,1209.0,-36.5,0.0
0.0,0.0,0.0,1.0,0.0,1.0,0.0,0.0,1.0,3.0,0.0,1.0,0.0,0.0,0.0,0.0,0.0,0.0,0.0,0.09399999992456287,5765.0,0.0,0.0,0.0,0.0,0.0,0.0,0.0,3399.0,7.5,0.0
0.0,0.0,1.0,1.0,0.0,1.0,0.0,0.0,4.0,7.0,0.0,1.0,0.0,0.0,5.0,0.0,0.0,0.0,0.0,2.7660000000614673,31108.0,0.0,0.0,0.0,0.0,0.0,0.0,19.0,20716.0,-2.5,0.0
0.0,0.0,1.0,1.0,0.0,1.0,0.0,0.0,1.0,11.0,0.0,2.0,0.0,0.0,0.0,0.0,0.0,0.0,0.0,0.5630000000819564,100000.0,0.0,0.0,0.0,0.0,0.0,0.0,0.0,0.0,11.5,0.0
1.0,0.0,0.0,0.0,0.0,1.0,0.0,0.0,2.0,5.0,0.0,0.0,0.0,0.0,7.0,2.0,1.0,0.0,0.0,0.2970000000204891,8870.0,0.0,0.0,0.0,0.0,0.0,0.0,50.0,1472.0,13.5,0.0
1.0,0.0,0.0,0.0,0.0,0.0,0.0,0.0,0.0,0.0,0.0,0.0,0.0,0.0,1.0,0.0,0.0,0.0,0.0,0.030999999959021807,649.0,1.0,0.0,0.0,0.0,0.0,0.0,0.0,0.0,1.0,0.0
0.0,0.0,0.0,1.0,0.0,1.0,0.0,0.0,0.0,0.0,0.0,0.0,0.0,0.0,0.0,0.0,0.0,0.0,0.0,0.7650000000139698,0.0,0.0,0.0,0.0,0.0,0.0,0.0,0.0,0.0,3.0,0.0
0.0,0.0,0.0,1.0,0.0,1.0,0.0,0.0,1.0,0.0,0.0,0.0,0.0,0.0,0.0,0.0,0.0,0.0,0.0,0.375,1853.0,0.0,0.0,0.0,0.0,0.0,0.0,0.0,962.0,1.0,0.0
1.0,0.0,0.0,0.0,0.0,1.0,0.0,0.0,0.0,4.0,0.0,2.0,0.0,0.0,0.0,0.0,0.0,0.0,1.0,1.859000000054948,99999.0,0.0,0.0,0.0,1.0,0.0,1.0,0.0,0.0,33.0,1.0
0.0,0.0,1.0,1.0,0.0,1.0,0.0,0.0,4.0,3.0,0.0,1.0,0.0,0.0,2.0,2.0,0.0,0.0,0.0,0.2809999999590218,7140.0,0.0,0.0,0.0,0.0,0.0,0.0,23.0,1652.0,-8.5,0.0
0.0,0.0,0.0,1.0,0.0,1.0,0.0,0.0,0.0,0.0,0.0,0.0,0.0,0.0,0.0,0.0,0.0,0.0,0.0,0.1869999999180436,79.0,0.0,0.0,0.0,0.0,0.0,0.0,0.0,5.0,3.0,0.0
1.0,0.0,0.0,0.0,0.0,1.0,0.0,0.0,2.0,10.0,0.0,7.0,0.0,0.0,1.0,0.0,0.0,1.0,1.0,0.7190000000409782,54633.0,0.0,0.0,0.0,1.0,0.0,0.0,1.0,163.0,44.0,1.0
0.0,0.0,0.0,0.0,0.0,1.0,0.0,0.0,0.0,1.0,0.0,0.0,0.0,0.0,0.0,0.0,0.0,0.0,0.0,0.1559999999590218,2671.0,0.0,0.0,0.0,0.0,0.0,0.0,0.0,67.0,4.5,0.0
1.0,0.0,0.0,0.0,0.0,1.0,0.0,0.0,2.0,12.0,0.0,8.0,0.0,0.0,1.0,0.0,0.0,1.0,1.0,0.3279999999795109,55348.0,0.0,0.0,0.0,1.0,0.0,0.0,1.0,163.0,49.0,1.0
0.0,0.0,0.0,1.0,0.0,1.0,0.0,0.0,1.0,1.0,0.0,1.0,0.0,0.0,0.0,0.0,0.0,0.0,0.0,0.125,5739.0,0.0,0.0,0.0,0.0,0.0,0.0,0.0,3373.0,4.5,0.0
0.0,0.0,0.0,1.0,0.0,0.0,0.0,0.0,0.0,0.0,0.0,0.0,0.0,0.0,0.0,0.0,0.0,0.0,0.0,0.2970000000204891,0.0,0.0,0.0,0.0,0.0,0.0,0.0,0.0,0.0,0.0,1.0
1.0,0.0,0.0,0.0,0.0,1.0,0.0,0.0,1.0,0.0,0.0,0.0,0.0,1.0,1.0,0.0,0.0,0.0,0.0,0.35999999998603016,3036.0,0.0,0.0,0.0,0.0,0.0,0.0,0.0,1707.0,3.0,0.0
1.0,0.0,0.0,0.0,0.0,1.0,0.0,0.0,2.0,10.0,0.0,0.0,0.0,0.0,0.0,0.0,0.0,0.0,0.0,0.875,100000.0,1.0,0.0,0.0,0.0,0.0,0.0,0.0,0.0,19.0,0.0
1.0,0.0,0.0,0.0,0.0,1.0,0.0,0.0,0.0,2.0,0.0,1.0,0.0,0.0,0.0,0.0,0.0,1.0,0.0,0.3440000000409782,2743.0,0.0,0.0,0.0,0.0,0.0,0.0,0.0,3.0,13.0,1.0
0.0,0.0,1.0,1.0,0.0,1.0,0.0,0.0,2.0,15.0,0.0,0.0,0.0,0.0,0.0,0.0,0.0,0.0,0.0,3.702999999979511,99988.0,2.0,0.0,0.0,0.0,0.0,0.0,2.0,82140.0,11.5,0.0
1.0,0.0,0.0,0.0,0.0,0.0,0.0,0.0,3.0,7.0,0.0,1.0,0.0,0.0,2.0,0.0,0.0,0.0,0.0,0.7029999999795109,7523.0,1.0,0.0,0.0,0.0,0.0,0.0,3.0,4480.0,7.5,0.0
0.0,0.0,0.0,1.0,0.0,1.0,0.0,0.0,2.0,2.0,0.0,1.0,0.0,5.0,0.0,0.0,0.0,0.0,0.0,0.10900000005494803,4907.0,0.0,0.0,0.0,0.0,0.0,0.0,1.0,1522.0,-11.0,1.0
1.0,0.0,0.0,0.0,0.0,1.0,0.0,0.0,2.0,11.0,0.0,7.0,0.0,0.0,1.0,0.0,0.0,1.0,1.0,1.187000000034459,55917.0,0.0,0.0,0.0,1.0,0.0,0.0,1.0,163.0,45.5,1.0
0.0,0.0,0.0,0.0,0.0,1.0,0.0,0.0,0.0,0.0,0.0,0.0,0.0,0.0,0.0,0.0,0.0,0.0,0.0,0.1559999999590218,2008.0,0.0,0.0,0.0,0.0,0.0,0.0,0.0,666.0,3.0,0.0
1.0,0.0,0.0,0.0,0.0,1.0,0.0,0.0,1.0,4.0,0.0,0.0,3.0,0.0,1.0,2.0,0.0,1.0,1.0,8.969000000040978,100000.0,0.0,0.0,0.0,0.0,0.0,0.0,5.0,1548.0,29.0,1.0
1.0,0.0,0.0,0.0,0.0,1.0,0.0,0.0,2.0,2.0,2.0,1.0,0.0,0.0,0.0,2.0,1.0,0.0,0.0,0.7029999999795109,9508.0,0.0,0.0,0.0,0.0,0.0,0.0,11.0,630.0,3.0,0.0
1.0,0.0,0.0,0.0,0.0,1.0,0.0,0.0,2.0,10.0,0.0,0.0,0.0,0.0,0.0,0.0,0.0,0.0,0.0,0.8130000000819564,100000.0,1.0,0.0,0.0,0.0,0.0,0.0,0.0,0.0,19.0,0.0
0.0,0.0,0.0,1.0,0.0,0.0,0.0,0.0,1.0,2.0,0.0,1.0,0.0,0.0,0.0,0.0,0.0,0.0,0.0,0.9849999999860302,5717.0,1.0,0.0,0.0,0.0,0.0,0.0,0.0,3351.0,-1.0,0.0
1.0,0.0,0.0,0.0,0.0,1.0,0.0,0.0,1.0,0.0,0.0,0.0,0.0,1.0,1.0,0.0,0.0,0.0,0.0,0.26500000001396984,3036.0,0.0,0.0,0.0,0.0,0.0,0.0,0.0,1707.0,3.0,0.0
1.0,0.0,0.0,0.0,0.0,1.0,0.0,0.0,2.0,12.0,0.0,2.0,13.0,0.0,31.0,20.0,5.0,1.0,1.0,1.952999999979511,100000.0,0.0,0.0,0.0,0.0,0.0,1.0,122.0,8708.0,87.0,1.0
0.0,0.0,1.0,1.0,0.0,0.0,1.0,0.0,1.0,0.0,0.0,0.0,0.0,0.0,0.0,0.0,0.0,0.0,0.0,0.6720000000204891,23.0,0.0,0.0,0.0,0.0,0.0,0.0,0.0,23.0,-12.0,0.0
0.0,0.0,0.0,1.0,0.0,1.0,0.0,0.0,0.0,0.0,0.0,0.0,0.0,0.0,1.0,0.0,0.0,0.0,0.0,0.31200000003445894,902.0,0.0,0.0,0.0,0.0,0.0,0.0,0.0,130.0,3.0,1.0
0.0,0.0,1.0,1.0,0.0,1.0,0.0,0.0,1.0,4.0,0.0,0.0,0.0,1.0,2.0,2.0,0.0,0.0,0.0,1.187000000034459,7492.0,0.0,0.0,0.0,0.0,0.0,0.0,11.0,3452.0,-6.0,0.0
0.0,0.0,1.0,1.0,0.0,1.0,0.0,0.0,2.0,4.0,0.0,1.0,0.0,0.0,0.0,0.0,0.0,0.0,0.0,0.3440000000409782,59368.0,0.0,0.0,0.0,0.0,0.0,0.0,0.0,53795.0,-3.0,0.0
1.0,0.0,0.0,0.0,0.0,1.0,0.0,0.0,1.0,8.0,0.0,0.0,0.0,0.0,0.0,0.0,0.0,0.0,1.0,3.125,98067.0,2.0,0.0,0.0,0.0,1.0,1.0,0.0,0.0,32.0,1.0
0.0,0.0,1.0,1.0,0.0,1.0,0.0,0.0,4.0,1.0,0.0,0.0,0.0,0.0,0.0,0.0,0.0,0.0,0.0,0.9370000000344589,5069.0,0.0,0.0,0.0,0.0,0.0,0.0,3.0,616.0,-13.5,0.0
1.0,0.0,0.0,0.0,0.0,1.0,0.0,0.0,1.0,2.0,0.0,0.0,0.0,0.0,0.0,0.0,0.0,0.0,0.0,0.5,17030.0,0.0,0.0,0.0,0.0,0.0,0.0,2.0,1277.0,9.0,0.0
0.0,0.0,0.0,0.0,1.0,1.0,0.0,0.0,1.0,2.0,0.0,1.0,0.0,4.0,0.0,0.0,0.0,0.0,0.0,0.6559999999590218,7692.0,0.0,0.0,0.0,0.0,0.0,0.0,7.0,2203.0,-9.0,1.0
0.0,0.0,1.0,1.0,0.0,1.0,0.0,0.0,2.0,8.0,0.0,3.0,0.0,0.0,1.0,5.0,1.0,0.0,0.0,0.890999999945052,26478.0,0.0,0.0,0.0,0.0,0.0,0.0,59.0,7935.0,5.0,0.0
1.0,0.0,0.0,0.0,0.0,1.0,0.0,0.0,0.0,12.0,0.0,3.0,20.0,0.0,18.0,2.0,2.0,1.0,1.0,2.530999999959022,99988.0,0.0,0.0,0.0,0.0,0.0,1.0,293.0,24952.0,123.0,1.0
1.0,0.0,0.0,0.0,0.0,1.0,0.0,0.0,1.0,0.0,0.0,0.0,0.0,0.0,0.0,0.0,0.0,0.0,0.0,1.6559999999590218,5518.0,0.0,0.0,0.0,0.0,0.0,0.0,0.0,3330.0,6.0,0.0
1.0,0.0,0.0,0.0,0.0,0.0,0.0,0.0,0.0,0.0,0.0,0.0,0.0,0.0,0.0,0.0,0.0,0.0,0.0,0.9690000000409782,2184.0,1.0,0.0,0.0,0.0,0.0,0.0,0.0,699.0,1.0,0.0
0.0,0.0,0.0,1.0,0.0,1.0,0.0,0.0,1.0,2.0,0.0,1.0,0.0,0.0,0.0,0.0,0.0,0.0,0.0,0.07900000002700835,5640.0,0.0,0.0,0.0,0.0,0.0,0.0,0.0,3274.0,6.0,0.0
0.0,0.0,1.0,1.0,0.0,1.0,0.0,0.0,2.0,0.0,0.0,0.0,0.0,0.0,0.0,0.0,0.0,0.0,0.0,0.5470000000204891,10371.0,0.0,0.0,0.0,0.0,0.0,0.0,1.0,453.0,-11.0,0.0
0.0,0.0,0.0,1.0,0.0,1.0,0.0,0.0,1.0,3.0,0.0,1.0,0.0,0.0,0.0,0.0,0.0,0.0,0.0,0.09399999992456287,5620.0,0.0,0.0,0.0,0.0,0.0,0.0,0.0,3254.0,7.5,1.0
0.0,0.0,1.0,1.0,0.0,0.0,0.0,0.0,4.0,6.0,1.0,1.0,0.0,1.0,1.0,0.0,0.0,0.0,0.0,4.60999999998603,99998.0,1.0,0.0,0.0,0.0,0.0,0.0,1.0,89348.0,-17.0,0.0
0.0,0.0,1.0,1.0,0.0,1.0,0.0,0.0,2.0,8.0,0.0,1.0,10.0,0.0,2.0,0.0,0.0,0.0,0.0,3.1709999999729916,38393.0,1.0,0.0,0.0,0.0,0.0,0.0,54.0,2699.0,43.0,0.0
1.0,0.0,0.0,0.0,0.0,1.0,0.0,0.0,2.0,2.0,0.0,0.0,0.0,0.0,0.0,0.0,0.0,0.0,0.0,0.46799999999348074,20381.0,0.0,0.0,0.0,0.0,0.0,0.0,1.0,2810.0,7.0,0.0
1.0,0.0,0.0,0.0,0.0,0.0,0.0,0.0,3.0,12.0,0.0,2.0,47.0,1.0,42.0,23.0,8.0,0.0,1.0,5.687999999965541,92059.0,1.0,0.0,0.0,0.0,0.0,0.0,161.0,33410.0,207.0,0.0
0.0,0.0,0.0,1.0,0.0,1.0,0.0,0.0,0.0,0.0,0.0,0.0,0.0,0.0,0.0,0.0,0.0,0.0,0.0,0.125,451.0,0.0,0.0,0.0,0.0,0.0,0.0,0.0,286.0,3.0,0.0
0.0,0.0,1.0,1.0,0.0,1.0,0.0,0.0,4.0,7.0,3.0,3.0,1.0,0.0,11.0,3.0,3.0,0.0,1.0,1.672000000020489,96481.0,0.0,0.0,0.0,0.0,0.0,1.0,280.0,27211.0,5.5,0.0
1.0,0.0,0.0,0.0,0.0,1.0,0.0,0.0,1.0,3.0,0.0,0.0,0.0,0.0,0.0,0.0,0.0,0.0,0.0,1.390999999945052,100000.0,1.0,0.0,0.0,0.0,0.0,0.0,0.0,0.0,10.5,0.0
1.0,0.0,0.0,0.0,0.0,1.0,0.0,0.0,4.0,15.0,0.0,0.0,0.0,0.0,1.0,1.0,0.0,0.0,1.0,1.702999999979511,80313.0,0.0,0.0,0.0,0.0,0.0,0.0,8.0,43468.0,27.5,0.0
1.0,0.0,0.0,0.0,0.0,1.0,0.0,0.0,1.0,0.0,0.0,0.0,0.0,1.0,1.0,0.0,0.0,0.0,0.0,0.03200000000651926,3036.0,0.0,0.0,0.0,0.0,0.0,0.0,0.0,1707.0,3.0,0.0
1.0,0.0,0.0,0.0,0.0,0.0,1.0,0.0,1.0,7.0,0.0,0.0,0.0,0.0,0.0,0.0,0.0,0.0,0.0,1.422000000020489,13995.0,2.0,0.0,0.0,0.0,0.0,0.0,0.0,51.0,4.5,1.0
0.0,0.0,1.0,1.0,0.0,0.0,1.0,0.0,4.0,0.0,0.0,0.0,0.0,0.0,1.0,0.0,0.0,0.0,0.0,1.4380000000819564,2707.0,0.0,0.0,0.0,0.0,0.0,0.0,11.0,336.0,-18.0,0.0
0.0,0.0,0.0,1.0,0.0,1.0,0.0,0.0,1.0,3.0,0.0,1.0,0.0,0.0,0.0,0.0,0.0,0.0,0.0,0.0470000000204891,5796.0,0.0,0.0,0.0,0.0,0.0,0.0,0.0,3430.0,7.5,0.0
0.0,0.0,1.0,1.0,0.0,1.0,0.0,0.0,5.0,3.0,0.0,1.0,0.0,2.0,1.0,0.0,0.0,0.0,0.0,0.8900000000139698,17038.0,0.0,0.0,0.0,0.0,0.0,1.0,2.0,8271.0,-12.5,0.0
0.0,0.0,1.0,1.0,0.0,1.0,0.0,1.0,3.0,3.0,0.0,0.0,0.0,1.0,1.0,1.0,1.0,0.0,0.0,1.1099999999860302,11098.0,0.0,0.0,0.0,0.0,0.0,0.0,44.0,986.0,-11.5,0.0
0.0,0.0,0.0,1.0,0.0,1.0,0.0,0.0,2.0,3.0,0.0,0.0,0.0,0.0,0.0,0.0,0.0,0.0,0.0,0.125,100000.0,0.0,0.0,0.0,0.0,0.0,0.0,0.0,0.0,3.5,0.0
1.0,0.0,0.0,0.0,0.0,1.0,0.0,0.0,0.0,7.0,0.0,2.0,2.0,0.0,3.0,0.0,0.0,1.0,1.0,0.75,14053.0,0.0,0.0,0.0,0.0,0.0,1.0,21.0,1930.0,39.5,1.0
0.0,0.0,1.0,1.0,0.0,1.0,0.0,0.0,3.0,0.0,0.0,0.0,0.0,0.0,0.0,0.0,0.0,0.0,0.0,1.9690000000409782,394.0,2.0,0.0,0.0,0.0,0.0,0.0,1.0,62.0,-13.0,0.0
0.0,0.0,1.0,1.0,0.0,1.0,0.0,0.0,3.0,3.0,3.0,1.0,0.0,0.0,2.0,0.0,0.0,0.0,0.0,1.109000000054948,98985.0,1.0,0.0,0.0,0.0,0.0,0.0,38.0,80811.0,-15.5,0.0
0.0,0.0,1.0,1.0,0.0,1.0,0.0,0.0,4.0,7.0,0.0,1.0,0.0,0.0,5.0,0.0,0.0,0.0,0.0,0.2809999999590218,31108.0,0.0,0.0,0.0,0.0,0.0,0.0,19.0,20716.0,-2.5,0.0
1.0,0.0,0.0,0.0,0.0,1.0,0.0,0.0,4.0,16.0,0.0,2.0,0.0,0.0,0.0,0.0,0.0,0.0,1.0,2.01500000001397,100000.0,0.0,0.0,0.0,1.0,0.0,1.0,0.0,49377.0,43.0,1.0
0.0,0.0,0.0,1.0,0.0,1.0,0.0,0.0,1.0,2.0,0.0,1.0,0.0,0.0,0.0,0.0,0.0,0.0,0.0,0.0470000000204891,5706.0,0.0,0.0,0.0,0.0,0.0,0.0,0.0,3340.0,6.0,1.0
1.0,0.0,0.0,0.0,0.0,1.0,0.0,0.0,2.0,7.0,0.0,1.0,0.0,0.0,26.0,2.0,1.0,0.0,0.0,3.437000000034459,81970.0,0.0,0.0,0.0,0.0,0.0,0.0,80.0,38425.0,18.5,1.0
0.0,0.0,0.0,0.0,1.0,1.0,0.0,0.0,1.0,2.0,0.0,1.0,0.0,4.0,0.0,0.0,0.0,0.0,0.0,0.5619999999180436,7692.0,0.0,0.0,0.0,0.0,0.0,0.0,7.0,2203.0,-9.0,0.0
0.0,0.0,0.0,1.0,0.0,0.0,0.0,0.0,1.0,4.0,0.0,1.0,0.0,0.0,0.0,0.0,0.0,0.0,0.0,0.0470000000204891,5764.0,0.0,0.0,0.0,0.0,0.0,0.0,0.0,3398.0,6.0,1.0
1.0,0.0,0.0,0.0,0.0,1.0,0.0,0.0,0.0,2.0,0.0,0.0,0.0,0.0,0.0,0.0,0.0,0.0,0.0,0.5470000000204891,5578.0,0.0,0.0,0.0,0.0,0.0,0.0,0.0,958.0,11.0,0.0
1.0,0.0,0.0,0.0,0.0,1.0,0.0,0.0,0.0,10.0,0.0,0.0,13.0,0.0,4.0,13.0,4.0,1.0,0.0,0.625,27785.0,0.0,0.0,0.0,0.0,0.0,0.0,42.0,8831.0,73.0,1.0
1.0,0.0,0.0,0.0,0.0,1.0,0.0,0.0,2.0,14.0,0.0,0.0,0.0,5.0,1.0,0.0,0.0,1.0,1.0,0.9060000000754371,81216.0,0.0,0.0,0.0,0.0,0.0,1.0,31.0,68915.0,19.0,1.0
0.0,0.0,1.0,1.0,0.0,1.0,0.0,0.0,5.0,1.0,0.0,1.0,0.0,0.0,1.0,0.0,0.0,0.0,0.0,0.625,1261.0,1.0,0.0,0.0,0.0,0.0,0.0,1.0,138.0,-13.5,0.0
1.0,0.0,0.0,0.0,0.0,1.0,0.0,0.0,0.0,2.0,0.0,0.0,0.0,0.0,0.0,0.0,0.0,0.0,0.0,0.20400000002700835,99998.0,0.0,0.0,0.0,0.0,0.0,1.0,0.0,96058.0,15.0,0.0
1.0,0.0,0.0,0.0,0.0,1.0,0.0,0.0,0.0,12.0,0.0,0.0,0.0,0.0,0.0,0.0,0.0,1.0,1.0,2.25,99998.0,0.0,0.0,0.0,0.0,0.0,1.0,0.0,92384.0,35.0,1.0
1.0,0.0,0.0,0.0,0.0,1.0,0.0,0.0,1.0,1.0,0.0,1.0,0.0,0.0,0.0,0.0,0.0,0.0,0.0,0.7190000000409782,6675.0,0.0,0.0,0.0,0.0,0.0,0.0,0.0,132.0,9.5,0.0
1.0,0.0,0.0,0.0,0.0,1.0,0.0,0.0,6.0,16.0,0.0,1.0,0.0,0.0,4.0,1.0,0.0,1.0,1.0,0.6870000000344589,99840.0,0.0,0.0,0.0,0.0,0.0,1.0,26.0,61669.0,31.0,1.0
1.0,0.0,0.0,0.0,0.0,1.0,0.0,0.0,0.0,5.0,0.0,4.0,1.0,0.0,0.0,0.0,0.0,0.0,1.0,0.46799999999348074,2982.0,0.0,0.0,0.0,1.0,0.0,0.0,0.0,142.0,38.5,1.0
0.0,0.0,0.0,1.0,0.0,1.0,0.0,0.0,4.0,11.0,0.0,0.0,0.0,0.0,0.0,0.0,0.0,0.0,0.0,0.9370000000344589,97137.0,0.0,0.0,0.0,0.0,0.0,1.0,0.0,76710.0,15.5,0.0
1.0,0.0,0.0,0.0,0.0,1.0,0.0,0.0,2.0,17.0,0.0,4.0,0.0,0.0,0.0,0.0,0.0,1.0,1.0,0.9529999999795109,99988.0,1.0,0.0,0.0,1.0,0.0,1.0,6.0,23289.0,52.5,1.0
0.0,0.0,1.0,1.0,0.0,1.0,0.0,0.0,4.0,10.0,3.0,1.0,0.0,0.0,1.0,0.0,0.0,0.0,1.0,1.187000000034459,26132.0,0.0,0.0,0.0,0.0,0.0,1.0,14.0,8306.0,2.0,0.0
0.0,0.0,1.0,1.0,0.0,1.0,0.0,0.0,3.0,1.0,0.0,0.0,0.0,0.0,2.0,8.0,4.0,0.0,0.0,0.2339999999385327,16150.0,0.0,0.0,0.0,0.0,0.0,0.0,28.0,5806.0,-13.5,0.0
1.0,0.0,0.0,0.0,0.0,0.0,0.0,0.0,1.0,4.0,0.0,1.0,0.0,0.0,1.0,0.0,0.0,0.0,0.0,0.34299999999348074,6641.0,1.0,0.0,0.0,0.0,0.0,0.0,1.0,2763.0,7.0,0.0
0.0,0.0,0.0,1.0,0.0,1.0,0.0,0.0,1.0,1.0,0.0,1.0,0.0,0.0,0.0,0.0,0.0,0.0,0.0,0.0940000000409782,5749.0,0.0,0.0,0.0,0.0,0.0,0.0,0.0,3383.0,4.5,0.0
0.0,0.0,1.0,1.0,0.0,1.0,0.0,0.0,3.0,7.0,0.0,1.0,0.0,1.0,0.0,0.0,0.0,0.0,0.0,1.3599999999860302,63977.0,1.0,0.0,0.0,0.0,0.0,0.0,8.0,8118.0,-3.5,0.0
0.0,0.0,1.0,1.0,0.0,1.0,0.0,0.0,4.0,3.0,1.0,1.0,0.0,1.0,2.0,1.0,0.0,0.0,1.0,0.34299999999348074,52267.0,0.0,0.0,0.0,0.0,0.0,1.0,51.0,1093.0,-5.5,0.0
0.0,0.0,1.0,1.0,0.0,1.0,0.0,0.0,4.0,3.0,0.0,0.0,0.0,1.0,1.0,3.0,1.0,0.0,0.0,8.25,9945.0,0.0,0.0,0.0,0.0,0.0,0.0,43.0,3535.0,-15.5,0.0
0.0,0.0,1.0,1.0,0.0,1.0,0.0,0.0,1.0,11.0,0.0,2.0,0.0,0.0,0.0,0.0,0.0,0.0,0.0,0.5620000000344589,99999.0,0.0,0.0,0.0,0.0,0.0,0.0,0.0,0.0,11.5,0.0
0.0,0.0,0.0,1.0,0.0,1.0,0.0,0.0,0.0,0.0,0.0,0.0,0.0,0.0,0.0,0.0,0.0,0.0,0.0,0.4529999999795109,0.0,0.0,0.0,0.0,0.0,0.0,0.0,0.0,0.0,3.0,1.0
0.0,0.0,1.0,1.0,0.0,1.0,0.0,0.0,5.0,3.0,0.0,0.0,0.0,25.0,2.0,1.0,1.0,0.0,0.0,1.109000000054948,24657.0,0.0,0.0,0.0,0.0,0.0,1.0,46.0,2556.0,-83.5,0.0
0.0,0.0,0.0,1.0,0.0,1.0,0.0,0.0,1.0,2.0,0.0,1.0,0.0,0.0,0.0,0.0,0.0,0.0,0.0,0.07900000002700835,5783.0,0.0,0.0,0.0,0.0,0.0,0.0,0.0,3417.0,6.0,0.0
0.0,0.0,0.0,1.0,0.0,1.0,0.0,0.0,1.0,0.0,0.0,0.0,0.0,0.0,1.0,0.0,0.0,0.0,0.0,0.5629999999655411,4925.0,0.0,0.0,0.0,0.0,0.0,0.0,1.0,1742.0,1.0,0.0
1.0,0.0,0.0,0.0,0.0,0.0,0.0,0.0,0.0,0.0,0.0,0.0,0.0,0.0,0.0,0.0,0.0,0.0,0.0,0.75,2184.0,1.0,0.0,0.0,0.0,0.0,0.0,0.0,699.0,1.0,1.0
0.0,0.0,0.0,1.0,0.0,1.0,0.0,0.0,0.0,0.0,0.0,0.0,0.0,0.0,0.0,0.0,0.0,0.0,0.0,0.1559999999590218,776.0,0.0,0.0,0.0,0.0,0.0,0.0,0.0,452.0,3.0,0.0
0.0,0.0,0.0,0.0,0.0,1.0,0.0,0.0,0.0,0.0,0.0,0.0,0.0,0.0,0.0,0.0,0.0,0.0,0.0,0.2809999999590218,2010.0,1.0,0.0,0.0,0.0,0.0,0.0,0.0,666.0,3.0,0.0
1.0,0.0,0.0,0.0,0.0,1.0,0.0,1.0,1.0,3.0,0.0,1.0,8.0,1.0,6.0,10.0,3.0,1.0,1.0,0.5309999999590218,43643.0,0.0,0.0,0.0,0.0,0.0,1.0,48.0,2987.0,50.5,0.0
1.0,0.0,0.0,0.0,0.0,1.0,0.0,0.0,2.0,9.0,0.0,4.0,3.0,0.0,4.0,1.0,0.0,1.0,1.0,0.2970000000204891,84213.0,0.0,0.0,0.0,0.0,0.0,1.0,45.0,1188.0,46.5,1.0
0.0,0.0,0.0,1.0,0.0,1.0,0.0,0.0,0.0,0.0,0.0,0.0,0.0,0.0,0.0,0.0,0.0,0.0,0.0,0.18700000003445894,79.0,0.0,0.0,0.0,0.0,0.0,0.0,0.0,5.0,3.0,0.0
0.0,0.0,1.0,1.0,0.0,1.0,0.0,0.0,2.0,13.0,0.0,1.0,2.0,3.0,2.0,9.0,2.0,0.0,0.0,2.234000000054948,99997.0,1.0,0.0,0.0,0.0,0.0,0.0,35.0,9692.0,7.5,0.0
1.0,0.0,0.0,0.0,0.0,1.0,0.0,0.0,0.0,12.0,0.0,3.0,9.0,0.0,1.0,1.0,0.0,0.0,0.0,1.0,58974.0,0.0,0.0,0.0,0.0,0.0,0.0,41.0,22030.0,68.0,1.0
1.0,0.0,0.0,0.0,0.0,1.0,0.0,0.0,1.0,12.0,0.0,4.0,6.0,0.0,24.0,2.0,0.0,1.0,1.0,0.7660000000614673,99963.0,0.0,0.0,0.0,0.0,0.0,1.0,45.0,21097.0,67.0,1.0
0.0,0.0,1.0,1.0,0.0,1.0,0.0,0.0,4.0,1.0,0.0,0.0,0.0,0.0,0.0,0.0,0.0,0.0,0.0,0.5779999999795109,2119.0,0.0,0.0,0.0,0.0,0.0,0.0,2.0,1356.0,-13.5,0.0
0.0,0.0,1.0,1.0,0.0,1.0,0.0,0.0,2.0,0.0,0.0,0.0,0.0,0.0,0.0,0.0,0.0,0.0,0.0,0.2029999999795109,10371.0,0.0,0.0,0.0,0.0,0.0,0.0,1.0,453.0,-11.0,0.0
0.0,0.0,0.0,1.0,0.0,1.0,0.0,0.0,1.0,1.0,0.0,1.0,0.0,0.0,0.0,0.0,0.0,0.0,0.0,0.09399999992456287,5741.0,0.0,0.0,0.0,0.0,0.0,0.0,0.0,3375.0,4.5,1.0
0.0,0.0,1.0,1.0,0.0,1.0,0.0,0.0,1.0,5.0,0.0,2.0,0.0,0.0,0.0,1.0,0.0,0.0,0.0,0.4529999999795109,43078.0,0.0,0.0,0.0,0.0,0.0,0.0,38.0,7756.0,2.5,0.0
1.0,0.0,0.0,0.0,0.0,1.0,0.0,0.0,1.0,14.0,0.0,6.0,27.0,0.0,35.0,0.0,0.0,1.0,1.0,7.437999999965541,100000.0,0.0,0.0,0.0,0.0,0.0,1.0,36.0,19847.0,158.0,1.0
0.0,0.0,1.0,1.0,0.0,1.0,0.0,0.0,1.0,0.0,0.0,0.0,0.0,0.0,0.0,0.0,0.0,0.0,0.0,0.9529999999795109,3.0,0.0,0.0,0.0,0.0,0.0,0.0,0.0,3.0,-9.0,0.0
0.0,0.0,1.0,1.0,0.0,1.0,0.0,0.0,4.0,1.0,0.0,0.0,0.0,0.0,0.0,0.0,0.0,0.0,0.0,0.4059999999590218,5069.0,0.0,0.0,0.0,0.0,0.0,0.0,3.0,616.0,-13.5,0.0
1.0,0.0,0.0,0.0,0.0,1.0,0.0,0.0,0.0,14.0,0.0,3.0,54.0,0.0,76.0,1.0,1.0,1.0,1.0,0.14000000001396984,99948.0,0.0,0.0,0.0,0.0,1.0,1.0,10.0,11647.0,267.0,1.0
0.0,0.0,0.0,1.0,0.0,1.0,0.0,0.0,0.0,0.0,0.0,0.0,0.0,0.0,0.0,0.0,0.0,0.0,0.0,0.06300000008195639,776.0,0.0,0.0,0.0,0.0,0.0,0.0,0.0,452.0,3.0,1.0
1.0,0.0,0.0,0.0,0.0,1.0,0.0,0.0,0.0,4.0,0.0,1.0,1.0,0.0,3.0,3.0,3.0,0.0,0.0,1.297000000020489,10538.0,0.0,0.0,0.0,0.0,0.0,1.0,25.0,1535.0,22.0,0.0
1.0,0.0,0.0,0.0,0.0,1.0,0.0,0.0,0.0,0.0,0.0,0.0,0.0,0.0,0.0,0.0,0.0,0.0,0.0,0.375,66.0,0.0,0.0,0.0,0.0,0.0,0.0,0.0,66.0,8.0,1.0
0.0,0.0,1.0,1.0,0.0,1.0,0.0,0.0,5.0,1.0,0.0,1.0,0.0,0.0,1.0,0.0,0.0,0.0,0.0,0.7970000000204891,1261.0,1.0,0.0,0.0,0.0,0.0,0.0,1.0,138.0,-13.5,0.0
1.0,0.0,0.0,0.0,0.0,1.0,0.0,0.0,2.0,6.0,0.0,1.0,0.0,0.0,1.0,2.0,0.0,1.0,1.0,1.3290000000270084,96848.0,0.0,0.0,0.0,0.0,0.0,1.0,7.0,67646.0,24.0,1.0
0.0,0.0,1.0,1.0,0.0,1.0,0.0,0.0,4.0,10.0,3.0,1.0,0.0,0.0,1.0,0.0,0.0,0.0,1.0,0.31200000003445894,26120.0,0.0,0.0,0.0,0.0,0.0,1.0,14.0,8302.0,2.0,0.0
1.0,0.0,0.0,0.0,0.0,1.0,0.0,0.0,3.0,9.0,0.0,1.0,16.0,0.0,2.0,1.0,0.0,1.0,1.0,5.5,100000.0,1.0,0.0,0.0,0.0,0.0,1.0,60.0,9344.0,90.5,1.0
0.0,0.0,1.0,1.0,0.0,1.0,0.0,0.0,3.0,0.0,0.0,0.0,0.0,0.0,0.0,0.0,0.0,0.0,0.0,1.125,2556.0,0.0,0.0,0.0,0.0,0.0,0.0,0.0,1192.0,-13.0,1.0
0.0,0.0,0.0,1.0,0.0,0.0,0.0,0.0,1.0,4.0,0.0,1.0,0.0,0.0,0.0,0.0,0.0,0.0,0.0,0.0940000000409782,5827.0,0.0,0.0,0.0,0.0,0.0,0.0,0.0,3461.0,6.0,0.0
0.0,0.0,0.0,1.0,0.0,1.0,0.0,0.0,1.0,1.0,0.0,0.0,0.0,0.0,0.0,0.0,0.0,0.0,0.0,0.1559999999590218,5681.0,0.0,0.0,0.0,0.0,0.0,0.0,0.0,5368.0,2.5,0.0
0.0,0.0,1.0,1.0,0.0,1.0,0.0,0.0,1.0,11.0,0.0,2.0,0.0,0.0,0.0,0.0,0.0,0.0,0.0,0.48400000005494803,99997.0,0.0,0.0,0.0,0.0,0.0,0.0,0.0,0.0,11.5,0.0
0.0,0.0,0.0,1.0,0.0,1.0,0.0,0.0,1.0,0.0,0.0,0.0,0.0,0.0,0.0,0.0,0.0,0.0,0.0,0.030999999959021807,919.0,0.0,0.0,0.0,0.0,0.0,0.0,0.0,520.0,1.0,1.0
0.0,0.0,1.0,1.0,0.0,1.0,0.0,0.0,2.0,2.0,0.0,0.0,0.0,0.0,1.0,0.0,0.0,0.0,0.0,1.5309999999590218,6747.0,0.0,0.0,0.0,0.0,0.0,0.0,15.0,395.0,-8.0,0.0
1.0,0.0,0.0,0.0,0.0,1.0,0.0,0.0,1.0,12.0,0.0,2.0,23.0,0.0,27.0,28.0,8.0,1.0,0.0,1.562000000034459,80343.0,0.0,0.0,0.0,0.0,0.0,0.0,113.0,30000.0,120.0,1.0
0.0,0.0,0.0,1.0,0.0,1.0,0.0,0.0,0.0,0.0,0.0,0.0,0.0,0.0,0.0,0.0,0.0,0.0,0.0,0.06299999996554106,451.0,0.0,0.0,0.0,0.0,0.0,0.0,0.0,286.0,3.0,0.0
0.0,0.0,0.0,1.0,0.0,1.0,0.0,0.0,1.0,0.0,0.0,0.0,0.0,0.0,0.0,0.0,0.0,0.0,0.0,0.2029999999795109,919.0,0.0,0.0,0.0,0.0,0.0,0.0,0.0,520.0,1.0,0.0
1.0,0.0,0.0,0.0,0.0,0.0,1.0,0.0,2.0,7.0,0.0,1.0,0.0,0.0,6.0,0.0,0.0,1.0,1.0,0.8440000000409782,60518.0,0.0,0.0,0.0,0.0,0.0,1.0,12.0,38326.0,19.5,1.0
0.0,0.0,1.0,1.0,0.0,1.0,0.0,0.0,3.0,10.0,1.0,0.0,0.0,0.0,0.0,0.0,0.0,0.0,0.0,0.6559999999590218,100000.0,0.0,0.0,0.0,0.0,0.0,0.0,0.0,0.0,-1.0,0.0
0.0,0.0,1.0,1.0,0.0,1.0,0.0,0.0,4.0,1.0,0.0,0.0,0.0,0.0,0.0,0.0,0.0,0.0,0.0,0.8279999999795109,5069.0,0.0,0.0,0.0,0.0,0.0,0.0,3.0,616.0,-13.5,0.0
0.0,0.0,1.0,1.0,0.0,1.0,0.0,1.0,3.0,3.0,0.0,0.0,0.0,1.0,1.0,1.0,1.0,0.0,0.0,0.2970000000204891,11137.0,0.0,0.0,0.0,0.0,0.0,0.0,44.0,989.0,-11.5,0.0
0.0,0.0,1.0,1.0,0.0,1.0,0.0,0.0,3.0,3.0,0.0,0.0,0.0,0.0,1.0,0.0,0.0,0.0,0.0,0.4529999999795109,39486.0,0.0,0.0,0.0,0.0,0.0,0.0,69.0,13070.0,-8.5,0.0
0.0,0.0,0.0,1.0,0.0,1.0,0.0,0.0,5.0,7.0,1.0,0.0,1.0,0.0,4.0,2.0,1.0,0.0,0.0,0.375,46521.0,0.0,0.0,0.0,0.0,0.0,0.0,34.0,2080.0,4.5,0.0
1.0,0.0,0.0,0.0,0.0,1.0,0.0,0.0,0.0,9.0,0.0,0.0,75.0,0.0,15.0,1.0,0.0,0.0,1.0,2.10999999998603,99360.0,1.0,0.0,0.0,0.0,0.0,0.0,277.0,25082.0,328.5,1.0
1.0,0.0,0.0,0.0,0.0,1.0,0.0,0.0,1.0,8.0,1.0,4.0,15.0,0.0,6.0,1.0,2.0,1.0,1.0,1.5160000000614673,21922.0,0.0,0.0,0.0,1.0,0.0,1.0,45.0,7455.0,100.0,1.0
1.0,0.0,0.0,0.0,0.0,1.0,0.0,0.0,1.0,10.0,0.0,2.0,1.0,0.0,2.0,0.0,0.0,0.0,1.0,0.9839999999385327,99998.0,0.0,0.0,0.0,0.0,0.0,0.0,6.0,85321.0,34.0,1.0
0.0,0.0,1.0,1.0,0.0,1.0,0.0,0.0,4.0,3.0,0.0,0.0,0.0,4.0,1.0,0.0,0.0,0.0,0.0,0.32900000002700835,7936.0,0.0,0.0,0.0,0.0,0.0,0.0,1.0,899.0,-22.5,0.0
0.0,0.0,1.0,1.0,0.0,1.0,0.0,0.0,5.0,4.0,3.0,2.0,0.0,0.0,4.0,1.0,1.0,0.0,1.0,0.4529999999795109,6856.0,0.0,0.0,0.0,0.0,0.0,0.0,19.0,672.0,-11.0,0.0
0.0,0.0,0.0,1.0,0.0,1.0,0.0,0.0,0.0,0.0,0.0,0.0,0.0,0.0,0.0,0.0,0.0,0.0,0.0,0.2029999999795109,0.0,0.0,0.0,0.0,0.0,0.0,0.0,0.0,0.0,3.0,0.0
0.0,0.0,1.0,1.0,0.0,1.0,0.0,0.0,2.0,15.0,0.0,0.0,0.0,0.0,0.0,0.0,0.0,0.0,0.0,2.25,99988.0,2.0,0.0,0.0,0.0,0.0,0.0,2.0,82140.0,11.5,0.0
1.0,0.0,0.0,0.0,0.0,1.0,0.0,0.0,3.0,5.0,0.0,4.0,0.0,0.0,3.0,1.0,0.0,0.0,0.0,0.4219999999040738,69433.0,0.0,0.0,0.0,0.0,0.0,0.0,11.0,46189.0,17.5,0.0
1.0,0.0,0.0,0.0,0.0,0.0,0.0,0.0,3.0,7.0,0.0,1.0,0.0,0.0,2.0,0.0,0.0,0.0,0.0,0.35999999998603016,7522.0,1.0,0.0,0.0,0.0,0.0,0.0,3.0,4480.0,7.5,1.0
1.0,0.0,0.0,0.0,0.0,1.0,0.0,0.0,0.0,7.0,0.0,3.0,0.0,0.0,0.0,0.0,0.0,1.0,1.0,0.875,9819.0,0.0,0.0,0.0,0.0,0.0,1.0,32.0,580.0,33.5,1.0
1.0,0.0,0.0,0.0,0.0,1.0,0.0,0.0,0.0,8.0,0.0,2.0,0.0,0.0,0.0,1.0,0.0,0.0,1.0,0.6709999999729916,13250.0,0.0,0.0,0.0,0.0,0.0,0.0,1.0,4480.0,29.0,1.0
0.0,0.0,1.0,1.0,0.0,1.0,0.0,0.0,4.0,8.0,0.0,2.0,1.0,0.0,0.0,4.0,2.0,0.0,1.0,0.75,25001.0,0.0,0.0,0.0,0.0,0.0,0.0,11.0,5865.0,8.0,0.0
0.0,0.0,0.0,1.0,0.0,1.0,0.0,0.0,0.0,0.0,0.0,0.0,0.0,0.0,0.0,0.0,0.0,0.0,0.0,0.4690000000409782,0.0,1.0,0.0,0.0,0.0,0.0,0.0,0.0,0.0,3.0,0.0
0.0,0.0,0.0,1.0,0.0,1.0,0.0,0.0,2.0,3.0,0.0,1.0,0.0,0.0,0.0,0.0,0.0,0.0,0.0,1.9849999999860302,9917.0,0.0,0.0,0.0,0.0,0.0,0.0,0.0,1781.0,5.5,0.0
0.0,0.0,1.0,1.0,0.0,0.0,1.0,0.0,2.0,1.0,0.0,0.0,0.0,0.0,0.0,0.0,0.0,0.0,0.0,0.8279999999795109,9469.0,0.0,0.0,0.0,0.0,0.0,0.0,26.0,1687.0,-12.5,0.0
0.0,0.0,1.0,1.0,0.0,1.0,0.0,0.0,2.0,5.0,2.0,0.0,0.0,0.0,3.0,2.0,2.0,0.0,0.0,1.422000000020489,51142.0,0.0,0.0,0.0,0.0,0.0,0.0,11.0,1849.0,-9.5,0.0
0.0,0.0,1.0,1.0,0.0,1.0,0.0,0.0,4.0,6.0,2.0,1.0,0.0,0.0,1.0,0.0,0.0,0.0,1.0,1.077999999979511,96720.0,0.0,0.0,0.0,0.0,0.0,0.0,8.0,73786.0,-5.0,0.0
1.0,0.0,0.0,0.0,0.0,1.0,0.0,0.0,3.0,15.0,0.0,0.0,5.0,0.0,0.0,0.0,0.0,0.0,0.0,0.14099999994505197,100000.0,0.0,0.0,0.0,0.0,0.0,0.0,0.0,95494.0,44.5,0.0
0.0,0.0,1.0,1.0,0.0,1.0,0.0,0.0,3.0,4.0,0.0,0.0,0.0,0.0,1.0,0.0,0.0,0.0,0.0,0.48499999998603016,6966.0,1.0,0.0,0.0,0.0,0.0,0.0,3.0,349.0,-7.0,0.0
0.0,0.0,1.0,1.0,0.0,1.0,0.0,0.0,1.0,2.0,0.0,1.0,0.0,0.0,0.0,0.0,0.0,0.0,0.0,0.4690000000409782,28454.0,1.0,0.0,0.0,0.0,0.0,0.0,1.0,1699.0,-4.0,0.0
0.0,0.0,1.0,1.0,0.0,1.0,0.0,0.0,5.0,0.0,0.0,0.0,0.0,1.0,0.0,0.0,0.0,0.0,0.0,3.2969999999040738,1193.0,0.0,0.0,0.0,0.0,0.0,0.0,1.0,354.0,-20.0,0.0
1.0,0.0,0.0,0.0,0.0,1.0,0.0,0.0,0.0,0.0,0.0,0.0,0.0,0.0,0.0,0.0,0.0,0.0,0.0,0.17099999997299165,114.0,0.0,0.0,0.0,0.0,0.0,0.0,0.0,0.0,8.0,0.0
0.0,0.0,0.0,1.0,0.0,1.0,0.0,0.0,1.0,3.0,0.0,1.0,0.0,0.0,0.0,0.0,0.0,0.0,0.0,0.0940000000409782,5641.0,0.0,0.0,0.0,0.0,0.0,0.0,0.0,3275.0,7.5,0.0
0.0,0.0,1.0,1.0,0.0,1.0,0.0,0.0,3.0,4.0,3.0,1.0,1.0,1.0,3.0,1.0,1.0,0.0,1.0,1.25,18328.0,0.0,0.0,0.0,0.0,0.0,1.0,17.0,1426.0,-4.0,0.0
0.0,0.0,0.0,1.0,0.0,1.0,0.0,0.0,0.0,0.0,0.0,0.0,0.0,0.0,0.0,0.0,0.0,0.0,0.0,0.2029999999795109,79.0,0.0,0.0,0.0,0.0,0.0,0.0,0.0,5.0,3.0,0.0
0.0,0.0,1.0,1.0,0.0,1.0,0.0,0.0,2.0,6.0,0.0,2.0,8.0,0.0,5.0,9.0,2.0,1.0,1.0,0.7810000000754371,39336.0,1.0,0.0,0.0,0.0,0.0,1.0,60.0,3455.0,41.0,0.0
1.0,0.0,0.0,0.0,0.0,1.0,0.0,0.0,0.0,0.0,0.0,0.0,0.0,0.0,0.0,0.0,0.0,0.0,0.0,1.422000000020489,1403.0,0.0,0.0,0.0,0.0,0.0,0.0,0.0,105.0,8.0,0.0
0.0,0.0,1.0,1.0,0.0,1.0,0.0,0.0,5.0,18.0,1.0,0.0,0.0,0.0,0.0,1.0,1.0,0.0,0.0,0.734000000054948,99920.0,0.0,0.0,0.0,0.0,0.0,0.0,1.0,67574.0,7.0,0.0
0.0,0.0,0.0,1.0,0.0,1.0,0.0,0.0,1.0,3.0,0.0,1.0,0.0,0.0,0.0,0.0,0.0,0.0,0.0,0.062000000034458935,5791.0,0.0,0.0,0.0,0.0,0.0,0.0,0.0,3425.0,7.5,0.0
0.0,0.0,1.0,1.0,0.0,1.0,0.0,0.0,1.0,11.0,0.0,2.0,0.0,0.0,0.0,0.0,0.0,0.0,0.0,0.5929999999934807,99996.0,0.0,0.0,0.0,0.0,0.0,0.0,0.0,0.0,11.5,0.0
0.0,0.0,0.0,1.0,0.0,1.0,0.0,0.0,2.0,2.0,0.0,1.0,0.0,5.0,0.0,0.0,0.0,0.0,0.0,0.14099999994505197,4913.0,0.0,0.0,0.0,0.0,0.0,0.0,1.0,1528.0,-11.0,0.0
0.0,0.0,1.0,1.0,0.0,0.0,1.0,0.0,4.0,0.0,0.0,0.0,0.0,0.0,8.0,2.0,1.0,0.0,0.0,1.8440000000409782,5602.0,0.0,0.0,0.0,0.0,0.0,0.0,13.0,2487.0,-16.0,0.0
0.0,0.0,0.0,1.0,0.0,1.0,0.0,0.0,2.0,2.0,0.0,1.0,0.0,5.0,0.0,0.0,0.0,0.0,0.0,0.045999999972991645,4913.0,0.0,0.0,0.0,0.0,0.0,0.0,1.0,1528.0,-11.0,1.0
1.0,0.0,0.0,0.0,0.0,1.0,0.0,0.0,1.0,0.0,0.0,0.0,0.0,1.0,1.0,0.0,0.0,0.0,0.0,0.01600000006146729,3036.0,0.0,0.0,0.0,0.0,0.0,0.0,0.0,1707.0,3.0,0.0
0.0,0.0,0.0,1.0,0.0,1.0,0.0,0.0,1.0,0.0,0.0,0.0,0.0,0.0,0.0,0.0,0.0,0.0,0.0,0.46899999992456287,545.0,0.0,0.0,0.0,0.0,0.0,0.0,0.0,31.0,1.0,1.0
1.0,0.0,0.0,0.0,0.0,1.0,0.0,0.0,0.0,9.0,0.0,2.0,0.0,0.0,1.0,0.0,0.0,1.0,1.0,9.313000000081956,12471.0,0.0,0.0,0.0,0.0,0.0,0.0,26.0,5905.0,30.5,1.0
0.0,0.0,1.0,1.0,0.0,1.0,0.0,0.0,3.0,10.0,0.0,0.0,0.0,1.0,0.0,3.0,2.0,0.0,0.0,2.562999999965541,57126.0,0.0,0.0,0.0,0.0,0.0,0.0,31.0,3275.0,-3.0,0.0
1.0,0.0,0.0,0.0,0.0,0.0,0.0,0.0,0.0,7.0,0.0,2.0,54.0,0.0,61.0,53.0,4.0,0.0,0.0,1.3130000000819564,100000.0,1.0,0.0,0.0,0.0,0.0,0.0,111.0,22322.0,231.5,0.0
1.0,0.0,0.0,0.0,0.0,1.0,0.0,0.0,2.0,8.0,0.0,4.0,14.0,0.0,18.0,1.0,1.0,1.0,1.0,1.859000000054948,99971.0,0.0,0.0,0.0,0.0,1.0,1.0,42.0,4336.0,96.0,1.0
0.0,0.0,1.0,1.0,0.0,1.0,0.0,0.0,1.0,5.0,0.0,2.0,0.0,0.0,0.0,1.0,0.0,0.0,0.0,0.34299999999348074,43066.0,0.0,0.0,0.0,0.0,0.0,0.0,38.0,7756.0,2.5,0.0
0.0,0.0,1.0,1.0,0.0,1.0,0.0,0.0,2.0,3.0,0.0,1.0,0.0,0.0,2.0,0.0,0.0,0.0,0.0,1.375,4656.0,1.0,0.0,0.0,0.0,0.0,0.0,1.0,252.0,-4.5,0.0
1.0,0.0,0.0,0.0,0.0,1.0,0.0,0.0,1.0,2.0,0.0,0.0,0.0,0.0,0.0,0.0,0.0,0.0,0.0,0.7650000000139698,17027.0,0.0,0.0,0.0,0.0,0.0,0.0,2.0,1274.0,9.0,0.0
1.0,0.0,0.0,0.0,0.0,1.0,0.0,0.0,3.0,8.0,0.0,0.0,1.0,0.0,43.0,15.0,3.0,0.0,0.0,1.3440000000409782,94219.0,0.0,0.0,0.0,0.0,0.0,0.0,282.0,39006.0,18.0,0.0
1.0,0.0,0.0,0.0,0.0,1.0,0.0,0.0,1.0,0.0,0.0,0.0,0.0,1.0,1.0,0.0,0.0,0.0,0.0,0.0470000000204891,3036.0,0.0,0.0,0.0,0.0,0.0,0.0,0.0,1707.0,3.0,0.0
0.0,0.0,1.0,1.0,0.0,1.0,0.0,0.0,4.0,0.0,0.0,0.0,0.0,0.0,0.0,0.0,0.0,0.0,0.0,0.2190000000409782,755.0,0.0,0.0,0.0,0.0,0.0,0.0,0.0,0.0,-15.0,0.0
1.0,0.0,0.0,0.0,0.0,1.0,0.0,0.0,0.0,6.0,0.0,1.0,1.0,0.0,2.0,2.0,2.0,0.0,0.0,6.109000000054948,37244.0,0.0,0.0,0.0,0.0,0.0,0.0,69.0,14252.0,23.0,1.0
1.0,0.0,0.0,0.0,0.0,1.0,0.0,0.0,4.0,15.0,0.0,0.0,0.0,0.0,1.0,1.0,0.0,0.0,1.0,1.937999999965541,80318.0,0.0,0.0,0.0,0.0,0.0,0.0,8.0,43470.0,27.5,0.0
1.0,0.0,0.0,0.0,0.0,1.0,0.0,0.0,0.0,2.0,0.0,0.0,0.0,0.0,0.0,0.0,0.0,0.0,0.0,0.7339999999385327,5578.0,0.0,0.0,0.0,0.0,0.0,0.0,0.0,958.0,11.0,0.0
0.0,0.0,1.0,1.0,0.0,1.0,0.0,0.0,4.0,7.0,3.0,3.0,1.0,0.0,11.0,3.0,3.0,0.0,1.0,1.5,96487.0,0.0,0.0,0.0,0.0,0.0,1.0,280.0,27211.0,5.5,0.0
0.0,0.0,1.0,1.0,0.0,1.0,0.0,0.0,1.0,3.0,0.0,0.0,0.0,0.0,0.0,0.0,0.0,0.0,0.0,0.23499999998603016,140.0,0.0,0.0,0.0,0.0,0.0,0.0,0.0,140.0,-4.5,0.0
1.0,0.0,0.0,0.0,0.0,1.0,0.0,0.0,2.0,11.0,0.0,0.0,3.0,0.0,17.0,1.0,0.0,0.0,0.0,0.3910000000614673,12102.0,0.0,0.0,0.0,0.0,0.0,0.0,12.0,1861.0,34.5,0.0
1.0,0.0,0.0,0.0,0.0,1.0,0.0,0.0,1.0,11.0,0.0,4.0,0.0,0.0,0.0,0.0,0.0,1.0,1.0,2.047000000020489,99855.0,2.0,0.0,0.0,0.0,0.0,1.0,0.0,0.0,39.5,1.0
1.0,0.0,0.0,0.0,0.0,1.0,0.0,0.0,0.0,1.0,0.0,0.0,0.0,0.0,0.0,4.0,1.0,0.0,0.0,0.20300000009592623,8419.0,1.0,0.0,0.0,0.0,0.0,0.0,0.0,1022.0,7.5,0.0
0.0,0.0,0.0,1.0,0.0,1.0,0.0,0.0,1.0,0.0,0.0,0.0,0.0,0.0,1.0,0.0,0.0,0.0,0.0,0.35900000005494803,4925.0,0.0,0.0,0.0,0.0,0.0,0.0,1.0,1742.0,1.0,0.0
0.0,0.0,0.0,0.0,0.0,1.0,0.0,0.0,0.0,1.0,0.0,0.0,0.0,0.0,0.0,0.0,0.0,0.0,0.0,0.14099999994505197,2671.0,0.0,0.0,0.0,0.0,0.0,0.0,0.0,67.0,4.5,1.0
0.0,0.0,1.0,1.0,0.0,1.0,0.0,0.0,5.0,3.0,0.0,1.0,0.0,2.0,1.0,0.0,0.0,0.0,0.0,0.7970000000204891,17043.0,0.0,0.0,0.0,0.0,0.0,1.0,2.0,8271.0,-12.5,0.0
0.0,0.0,1.0,1.0,0.0,1.0,0.0,0.0,0.0,2.0,0.0,0.0,0.0,0.0,0.0,0.0,0.0,0.0,0.0,0.5629999999655411,100000.0,0.0,0.0,0.0,0.0,0.0,0.0,0.0,0.0,-4.0,0.0
1.0,0.0,0.0,0.0,0.0,1.0,0.0,0.0,1.0,12.0,0.0,3.0,0.0,0.0,0.0,0.0,0.0,1.0,1.0,2.1719999999040738,99998.0,0.0,0.0,0.0,0.0,0.0,1.0,0.0,0.0,39.0,1.0
1.0,0.0,0.0,0.0,0.0,1.0,0.0,0.0,0.0,5.0,0.0,0.0,0.0,0.0,0.0,0.0,0.0,0.0,0.0,0.2029999999795109,6134.0,0.0,0.0,0.0,0.0,0.0,1.0,1.0,718.0,19.5,1.0
1.0,0.0,0.0,0.0,0.0,1.0,0.0,0.0,0.0,0.0,0.0,0.0,0.0,0.0,0.0,0.0,0.0,0.0,0.0,0.2970000000204891,1403.0,0.0,0.0,0.0,0.0,0.0,0.0,0.0,105.0,8.0,0.0
0.0,0.0,1.0,1.0,0.0,1.0,0.0,0.0,5.0,3.0,0.0,0.0,0.0,0.0,3.0,4.0,2.0,0.0,0.0,0.75,9605.0,0.0,0.0,0.0,0.0,0.0,0.0,13.0,1595.0,-14.5,0.0
0.0,0.0,0.0,0.0,1.0,1.0,0.0,0.0,0.0,0.0,0.0,0.0,0.0,0.0,0.0,0.0,0.0,0.0,0.0,1.140999999945052,1530.0,1.0,0.0,0.0,0.0,0.0,0.0,0.0,1.0,0.0,0.0
0.0,0.0,1.0,1.0,0.0,1.0,0.0,0.0,1.0,0.0,0.0,0.0,0.0,4.0,0.0,0.0,0.0,0.0,0.0,0.18700000003445894,3070.0,0.0,0.0,0.0,0.0,0.0,0.0,1.0,128.0,-21.0,0.0
0.0,0.0,1.0,1.0,0.0,1.0,0.0,0.0,1.0,3.0,0.0,0.0,0.0,0.0,0.0,0.0,0.0,0.0,0.0,0.9529999999795109,130.0,0.0,0.0,0.0,0.0,0.0,0.0,0.0,130.0,-4.5,0.0
1.0,0.0,0.0,0.0,0.0,1.0,0.0,0.0,1.0,4.0,0.0,1.0,24.0,0.0,7.0,2.0,1.0,0.0,1.0,0.43799999996554106,23065.0,0.0,0.0,0.0,0.0,0.0,1.0,42.0,6272.0,121.0,1.0
1.0,0.0,0.0,0.0,0.0,1.0,0.0,0.0,2.0,5.0,0.0,0.0,0.0,0.0,6.0,3.0,3.0,0.0,1.0,2.375,99996.0,2.0,0.0,0.0,0.0,0.0,1.0,50.0,15011.0,20.5,1.0
1.0,0.0,0.0,0.0,0.0,1.0,0.0,0.0,2.0,5.0,0.0,0.0,0.0,0.0,7.0,2.0,1.0,0.0,0.0,0.3440000000409782,8838.0,0.0,0.0,0.0,0.0,0.0,0.0,50.0,1440.0,13.5,0.0
0.0,0.0,1.0,1.0,0.0,1.0,0.0,0.0,5.0,5.0,0.0,0.0,0.0,25.0,2.0,1.0,1.0,0.0,0.0,0.8279999999795109,26570.0,0.0,0.0,0.0,0.0,0.0,1.0,46.0,2028.0,-80.5,0.0
1.0,0.0,0.0,0.0,0.0,1.0,0.0,0.0,1.0,5.0,0.0,1.0,2.0,0.0,4.0,5.0,3.0,0.0,0.0,2.452999999979511,92578.0,0.0,0.0,0.0,0.0,0.0,0.0,66.0,2348.0,21.5,0.0
1.0,0.0,0.0,0.0,0.0,0.0,0.0,0.0,1.0,6.0,0.0,1.0,1.0,1.0,3.0,30.0,5.0,0.0,0.0,0.6560000000754371,18668.0,0.0,0.0,0.0,0.0,0.0,0.0,23.0,5757.0,13.0,0.0
0.0,0.0,1.0,1.0,0.0,1.0,0.0,0.0,4.0,3.0,1.0,2.0,1.0,0.0,2.0,0.0,0.0,0.0,1.0,0.7029999999795109,12038.0,0.0,0.0,0.0,0.0,0.0,1.0,15.0,1323.0,3.5,0.0
0.0,0.0,1.0,1.0,0.0,1.0,0.0,0.0,1.0,11.0,0.0,2.0,0.0,0.0,0.0,0.0,0.0,0.0,0.0,1.3439999999245629,100000.0,0.0,0.0,0.0,0.0,0.0,0.0,0.0,0.0,11.5,0.0
0.0,0.0,1.0,1.0,0.0,1.0,0.0,0.0,4.0,7.0,0.0,1.0,0.0,0.0,5.0,0.0,0.0,0.0,0.0,0.9529999999795109,31108.0,0.0,0.0,0.0,0.0,0.0,0.0,19.0,20716.0,-2.5,1.0
0.0,0.0,1.0,1.0,0.0,1.0,0.0,0.0,2.0,11.0,0.0,2.0,1.0,0.0,1.0,0.0,0.0,1.0,1.0,2.51500000001397,100000.0,0.0,0.0,0.0,0.0,0.0,0.0,82.0,7628.0,18.5,0.0
0.0,0.0,0.0,1.0,0.0,1.0,0.0,0.0,1.0,3.0,0.0,1.0,0.0,0.0,0.0,0.0,0.0,0.0,0.0,0.06199999991804361,5794.0,0.0,0.0,0.0,0.0,0.0,0.0,0.0,3428.0,7.5,0.0
0.0,0.0,1.0,1.0,0.0,1.0,0.0,0.0,5.0,5.0,0.0,0.0,0.0,25.0,2.0,1.0,1.0,0.0,0.0,0.26500000001396984,26569.0,0.0,0.0,0.0,0.0,0.0,1.0,46.0,2028.0,-80.5,0.0
0.0,0.0,0.0,1.0,0.0,1.0,0.0,0.0,2.0,8.0,0.0,1.0,1.0,0.0,0.0,1.0,0.0,0.0,0.0,1.2040000000270084,29250.0,0.0,0.0,0.0,0.0,1.0,0.0,2.0,11321.0,22.0,0.0
1.0,0.0,0.0,0.0,0.0,1.0,0.0,0.0,2.0,2.0,0.0,1.0,0.0,0.0,0.0,0.0,0.0,0.0,0.0,0.10899999993853271,65842.0,0.0,0.0,0.0,0.0,0.0,0.0,0.0,1076.0,9.0,0.0
0.0,0.0,1.0,1.0,0.0,1.0,0.0,0.0,4.0,1.0,0.0,0.0,0.0,0.0,0.0,0.0,0.0,0.0,0.0,0.5779999999795109,2119.0,0.0,0.0,0.0,0.0,0.0,0.0,2.0,1356.0,-13.5,0.0
0.0,0.0,0.0,1.0,0.0,1.0,0.0,0.0,1.0,0.0,0.0,0.0,0.0,0.0,0.0,0.0,0.0,0.0,0.0,0.375,1853.0,0.0,0.0,0.0,0.0,0.0,0.0,0.0,962.0,1.0,1.0
0.0,0.0,1.0,1.0,0.0,1.0,0.0,0.0,4.0,2.0,0.0,0.0,0.0,0.0,0.0,0.0,0.0,0.0,0.0,5.015999999945052,100000.0,0.0,0.0,0.0,0.0,0.0,0.0,1.0,18.0,-12.0,0.0
0.0,0.0,1.0,1.0,0.0,1.0,0.0,0.0,3.0,8.0,2.0,2.0,0.0,1.0,2.0,0.0,0.0,0.0,0.0,0.8599999999860302,100000.0,0.0,0.0,0.0,0.0,0.0,0.0,18.0,309.0,-6.0,0.0
0.0,0.0,1.0,1.0,0.0,1.0,0.0,0.0,1.0,0.0,0.0,0.0,0.0,0.0,1.0,0.0,0.0,0.0,0.0,0.7820000000065193,1824.0,0.0,0.0,0.0,0.0,0.0,0.0,4.0,152.0,-9.0,1.0
0.0,0.0,1.0,1.0,0.0,1.0,0.0,0.0,3.0,0.0,0.0,0.0,0.0,1.0,1.0,0.0,0.0,0.0,0.0,0.7970000000204891,3586.0,0.0,0.0,0.0,0.0,0.0,0.0,2.0,678.0,-16.0,0.0
1.0,0.0,0.0,0.0,0.0,0.0,1.0,0.0,0.0,6.0,0.0,0.0,1.0,0.0,19.0,0.0,0.0,0.0,0.0,0.125,42200.0,1.0,0.0,0.0,0.0,0.0,0.0,90.0,18802.0,11.0,0.0
0.0,0.0,1.0,1.0,0.0,1.0,0.0,0.0,3.0,0.0,0.0,0.0,0.0,0.0,0.0,0.0,0.0,0.0,0.0,0.6099999999860302,1130.0,0.0,0.0,0.0,0.0,0.0,0.0,2.0,176.0,-13.0,0.0
0.0,0.0,1.0,1.0,0.0,1.0,0.0,0.0,4.0,2.0,0.0,0.0,0.0,0.0,0.0,0.0,0.0,0.0,0.0,2.562000000034459,100000.0,0.0,0.0,0.0,0.0,0.0,0.0,1.0,18.0,-12.0,0.0
0.0,0.0,1.0,1.0,0.0,1.0,0.0,0.0,1.0,2.0,0.0,0.0,0.0,0.0,0.0,0.0,0.0,0.0,0.0,1.8589999999385327,99953.0,1.0,0.0,0.0,0.0,0.0,0.0,0.0,64535.0,-6.0,0.0
1.0,0.0,0.0,0.0,0.0,1.0,0.0,0.0,2.0,4.0,0.0,2.0,0.0,0.0,1.0,1.0,0.0,0.0,1.0,0.875,99945.0,1.0,0.0,0.0,0.0,0.0,0.0,5.0,59684.0,19.0,0.0
0.0,0.0,0.0,1.0,0.0,1.0,0.0,0.0,1.0,1.0,0.0,1.0,0.0,0.0,0.0,0.0,0.0,0.0,0.0,0.125,5736.0,0.0,0.0,0.0,0.0,0.0,0.0,0.0,3370.0,4.5,0.0
1.0,0.0,0.0,0.0,0.0,1.0,0.0,0.0,1.0,12.0,0.0,2.0,0.0,0.0,0.0,0.0,0.0,1.0,1.0,0.6400000000139698,99978.0,0.0,0.0,0.0,0.0,0.0,1.0,0.0,2858.0,37.0,1.0
1.0,0.0,0.0,0.0,0.0,1.0,0.0,0.0,1.0,8.0,0.0,0.0,2.0,0.0,0.0,8.0,1.0,0.0,0.0,1.375,100000.0,0.0,0.0,0.0,0.0,0.0,0.0,34.0,8646.0,24.0,1.0
1.0,0.0,0.0,0.0,0.0,1.0,0.0,0.0,1.0,0.0,0.0,0.0,0.0,1.0,1.0,0.0,0.0,0.0,0.0,0.29599999997299165,3036.0,0.0,0.0,0.0,0.0,0.0,0.0,0.0,1707.0,3.0,1.0
0.0,0.0,1.0,1.0,0.0,1.0,0.0,0.0,4.0,1.0,0.0,0.0,0.0,0.0,0.0,0.0,0.0,0.0,0.0,0.8279999999795109,5069.0,0.0,0.0,0.0,0.0,0.0,0.0,3.0,616.0,-13.5,0.0
0.0,0.0,0.0,1.0,0.0,1.0,0.0,0.0,1.0,3.0,0.0,1.0,0.0,0.0,0.0,0.0,0.0,0.0,0.0,0.10999999998603016,5805.0,0.0,0.0,0.0,0.0,0.0,0.0,0.0,3439.0,7.5,0.0
1.0,0.0,0.0,0.0,0.0,1.0,0.0,0.0,2.0,9.0,0.0,3.0,0.0,0.0,0.0,0.0,0.0,0.0,0.0,2.234000000054948,100000.0,2.0,0.0,0.0,0.0,0.0,1.0,0.0,89644.0,27.5,0.0
1.0,0.0,0.0,0.0,0.0,1.0,0.0,0.0,0.0,1.0,0.0,1.0,0.0,0.0,0.0,0.0,0.0,0.0,0.0,0.9530000000959262,686.0,0.0,0.0,0.0,0.0,0.0,0.0,0.0,100.0,11.5,1.0
0.0,0.0,1.0,1.0,0.0,1.0,0.0,0.0,2.0,8.0,0.0,3.0,0.0,0.0,1.0,5.0,1.0,0.0,0.0,0.765999999945052,26480.0,0.0,0.0,0.0,0.0,0.0,0.0,59.0,7935.0,5.0,0.0
0.0,0.0,0.0,1.0,0.0,1.0,0.0,0.0,0.0,0.0,0.0,0.0,0.0,0.0,0.0,0.0,0.0,0.0,0.0,0.18700000003445894,79.0,0.0,0.0,0.0,0.0,0.0,0.0,0.0,5.0,3.0,0.0
0.0,0.0,0.0,0.0,1.0,1.0,0.0,0.0,1.0,2.0,0.0,1.0,0.0,4.0,0.0,0.0,0.0,0.0,0.0,2.98499999998603,7692.0,0.0,0.0,0.0,0.0,0.0,0.0,7.0,2203.0,-9.0,1.0
0.0,0.0,0.0,1.0,0.0,1.0,0.0,0.0,1.0,1.0,0.0,1.0,0.0,0.0,0.0,0.0,0.0,0.0,0.0,0.0779999999795109,5774.0,0.0,0.0,0.0,0.0,0.0,0.0,0.0,3408.0,4.5,0.0
0.0,0.0,1.0,1.0,0.0,1.0,0.0,0.0,3.0,2.0,0.0,0.0,0.0,0.0,3.0,0.0,0.0,0.0,0.0,3.297000000020489,35203.0,0.0,0.0,0.0,0.0,0.0,0.0,1.0,252.0,-10.0,0.0
0.0,0.0,1.0,1.0,0.0,1.0,0.0,0.0,3.0,0.0,0.0,0.0,0.0,1.0,0.0,0.0,0.0,0.0,0.0,0.4059999999590218,3072.0,0.0,0.0,0.0,0.0,0.0,0.0,3.0,1110.0,-16.0,0.0
1.0,0.0,0.0,0.0,0.0,1.0,0.0,0.0,2.0,10.0,0.0,1.0,30.0,0.0,30.0,3.0,0.0,1.0,1.0,1.172000000020489,26654.0,0.0,0.0,0.0,0.0,0.0,0.0,75.0,7746.0,148.0,1.0
0.0,0.0,0.0,0.0,1.0,0.0,1.0,0.0,1.0,0.0,0.0,0.0,0.0,0.0,0.0,0.0,0.0,0.0,0.0,1.2339999999385327,524.0,0.0,0.0,0.0,0.0,0.0,0.0,0.0,25.0,-5.0,0.0
1.0,0.0,0.0,0.0,0.0,0.0,0.0,0.0,1.0,6.0,0.0,0.0,5.0,1.0,1.0,0.0,0.0,0.0,0.0,6.562999999965541,25596.0,4.0,0.0,0.0,0.0,0.0,0.0,3.0,9251.0,25.0,1.0
0.0,0.0,1.0,1.0,0.0,1.0,0.0,0.0,1.0,9.0,0.0,3.0,4.0,0.0,20.0,0.0,0.0,1.0,1.0,0.7809999999590218,33667.0,0.0,0.0,0.0,1.0,0.0,1.0,43.0,10807.0,43.5,0.0
1.0,0.0,0.0,0.0,0.0,1.0,0.0,0.0,1.0,12.0,0.0,3.0,0.0,0.0,0.0,0.0,0.0,1.0,1.0,1.172000000020489,99998.0,0.0,0.0,0.0,0.0,0.0,1.0,0.0,0.0,39.0,1.0
0.0,0.0,1.0,1.0,0.0,1.0,0.0,0.0,4.0,2.0,0.0,0.0,0.0,0.0,4.0,0.0,0.0,0.0,0.0,3.905999999959022,30835.0,0.0,0.0,0.0,0.0,0.0,0.0,20.0,1728.0,-12.0,0.0
1.0,0.0,0.0,0.0,0.0,1.0,0.0,0.0,0.0,5.0,0.0,0.0,3.0,0.0,3.0,1.0,1.0,1.0,0.0,0.5459999999729916,4651.0,0.0,0.0,0.0,0.0,0.0,0.0,16.0,1417.0,27.5,1.0
1.0,0.0,0.0,0.0,0.0,1.0,0.0,0.0,2.0,7.0,0.0,1.0,0.0,0.0,2.0,2.0,1.0,1.0,1.0,0.5939999999245629,17730.0,0.0,0.0,0.0,0.0,0.0,0.0,29.0,5977.0,21.5,1.0
0.0,0.0,1.0,1.0,0.0,1.0,0.0,0.0,3.0,1.0,0.0,0.0,0.0,0.0,2.0,8.0,4.0,0.0,0.0,0.23400000005494803,16154.0,0.0,0.0,0.0,0.0,0.0,0.0,28.0,5806.0,-13.5,0.0
1.0,0.0,0.0,0.0,0.0,1.0,0.0,0.0,4.0,15.0,0.0,0.0,0.0,0.0,1.0,1.0,0.0,0.0,1.0,2.062000000034459,80338.0,0.0,0.0,0.0,0.0,0.0,0.0,8.0,43478.0,27.5,0.0
0.0,0.0,0.0,1.0,0.0,1.0,0.0,0.0,1.0,3.0,0.0,1.0,0.0,0.0,0.0,0.0,0.0,0.0,0.0,0.09299999999348074,5735.0,0.0,0.0,0.0,0.0,0.0,0.0,0.0,3369.0,7.5,1.0
0.0,0.0,1.0,1.0,0.0,1.0,0.0,0.0,0.0,9.0,0.0,3.0,4.0,0.0,20.0,0.0,0.0,1.0,1.0,0.375,33799.0,0.0,0.0,0.0,1.0,0.0,1.0,43.0,10828.0,45.5,0.0
0.0,0.0,1.0,1.0,0.0,1.0,0.0,0.0,3.0,10.0,1.0,0.0,0.0,0.0,0.0,0.0,0.0,0.0,0.0,0.6570000000065193,100000.0,0.0,0.0,0.0,0.0,0.0,0.0,0.0,0.0,-1.0,0.0
0.0,0.0,1.0,1.0,0.0,1.0,0.0,0.0,4.0,8.0,0.0,0.0,0.0,0.0,0.0,0.0,0.0,0.0,0.0,1.047000000020489,100000.0,0.0,0.0,0.0,0.0,0.0,0.0,0.0,0.0,-3.0,0.0
1.0,0.0,0.0,0.0,0.0,1.0,0.0,0.0,1.0,11.0,0.0,3.0,7.0,0.0,49.0,1.0,1.0,1.0,1.0,4.467999999993481,99997.0,1.0,0.0,0.0,1.0,0.0,1.0,170.0,3710.0,73.5,1.0
0.0,0.0,0.0,1.0,0.0,1.0,0.0,0.0,2.0,2.0,0.0,1.0,0.0,5.0,0.0,0.0,0.0,0.0,0.0,0.125,4907.0,0.0,0.0,0.0,0.0,0.0,0.0,1.0,1522.0,-11.0,1.0
0.0,0.0,0.0,1.0,0.0,1.0,0.0,0.0,1.0,1.0,0.0,1.0,0.0,0.0,0.0,0.0,0.0,0.0,0.0,0.046999999904073775,5737.0,0.0,0.0,0.0,0.0,0.0,0.0,0.0,3371.0,4.5,1.0
0.0,0.0,1.0,1.0,0.0,1.0,0.0,0.0,7.0,4.0,0.0,1.0,0.0,0.0,1.0,6.0,1.0,0.0,0.0,2.484000000054948,70458.0,0.0,0.0,0.0,0.0,0.0,0.0,70.0,16616.0,-15.0,0.0
1.0,0.0,0.0,0.0,0.0,0.0,0.0,0.0,2.0,2.0,0.0,1.0,2.0,0.0,2.0,0.0,0.0,0.0,0.0,0.640999999945052,14939.0,1.0,0.0,0.0,0.0,0.0,0.0,67.0,1519.0,10.0,0.0
1.0,0.0,0.0,0.0,0.0,1.0,0.0,0.0,2.0,2.0,0.0,0.0,0.0,0.0,0.0,0.0,0.0,0.0,0.0,0.5940000000409782,20354.0,0.0,0.0,0.0,0.0,0.0,0.0,1.0,2810.0,7.0,1.0
1.0,0.0,0.0,0.0,0.0,1.0,0.0,0.0,1.0,9.0,0.0,2.0,152.0,0.0,29.0,7.0,3.0,1.0,1.0,0.875,65819.0,0.0,0.0,0.0,0.0,0.0,0.0,134.0,27153.0,636.5,1.0
1.0,0.0,0.0,0.0,0.0,0.0,1.0,0.0,2.0,3.0,0.0,2.0,0.0,0.0,1.0,0.0,0.0,0.0,0.0,0.8910000000614673,24502.0,1.0,0.0,0.0,0.0,0.0,0.0,0.0,1448.0,0.5,0.0
1.0,0.0,0.0,0.0,0.0,1.0,0.0,0.0,2.0,5.0,0.0,3.0,0.0,0.0,1.0,0.0,0.0,1.0,1.0,0.7809999999590218,24895.0,0.0,0.0,0.0,0.0,0.0,0.0,0.0,1448.0,22.5,1.0
0.0,0.0,0.0,1.0,0.0,1.0,0.0,0.0,1.0,1.0,0.0,1.0,0.0,0.0,0.0,0.0,0.0,0.0,0.0,0.0779999999795109,5790.0,0.0,0.0,0.0,0.0,0.0,0.0,0.0,3424.0,4.5,0.0
1.0,0.0,0.0,0.0,0.0,0.0,0.0,0.0,0.0,8.0,0.0,1.0,2.0,0.0,2.0,0.0,0.0,0.0,0.0,0.46899999992456287,22158.0,0.0,0.0,0.0,0.0,0.0,0.0,68.0,6643.0,27.0,1.0
0.0,0.0,1.0,1.0,0.0,1.0,0.0,0.0,7.0,0.0,0.0,0.0,0.0,5.0,1.0,0.0,0.0,0.0,0.0,0.6099999999860302,5108.0,1.0,0.0,0.0,0.0,0.0,0.0,4.0,409.0,-36.0,0.0
0.0,0.0,1.0,1.0,0.0,1.0,0.0,0.0,5.0,1.0,0.0,0.0,0.0,0.0,0.0,0.0,0.0,0.0,0.0,0.1720000000204891,645.0,0.0,0.0,0.0,0.0,0.0,0.0,0.0,67.0,-15.5,0.0
0.0,0.0,1.0,1.0,0.0,1.0,0.0,0.0,3.0,7.0,0.0,1.0,0.0,0.0,1.0,2.0,1.0,0.0,0.0,2.76500000001397,30439.0,0.0,0.0,0.0,0.0,0.0,0.0,24.0,17803.0,-0.5,0.0
0.0,0.0,0.0,0.0,0.0,1.0,0.0,0.0,0.0,0.0,0.0,0.0,0.0,0.0,0.0,0.0,0.0,0.0,0.0,0.10900000005494803,2008.0,0.0,0.0,0.0,0.0,0.0,0.0,0.0,666.0,3.0,0.0
1.0,0.0,0.0,0.0,0.0,1.0,0.0,0.0,1.0,4.0,0.0,4.0,0.0,0.0,0.0,0.0,0.0,1.0,1.0,0.7970000000204891,99986.0,0.0,0.0,0.0,1.0,0.0,0.0,0.0,832.0,31.0,1.0
1.0,0.0,0.0,0.0,0.0,0.0,1.0,0.0,1.0,6.0,0.0,0.0,0.0,0.0,47.0,8.0,1.0,0.0,0.0,0.4529999999795109,67848.0,1.0,0.0,0.0,0.0,1.0,0.0,76.0,20392.0,8.0,0.0
0.0,0.0,1.0,1.0,0.0,1.0,0.0,0.0,1.0,5.0,0.0,2.0,0.0,0.0,0.0,1.0,0.0,0.0,0.0,0.3279999999795109,43102.0,0.0,0.0,0.0,0.0,0.0,0.0,38.0,7756.0,2.5,0.0
1.0,0.0,0.0,0.0,0.0,1.0,0.0,0.0,2.0,13.0,0.0,4.0,3.0,0.0,3.0,6.0,1.0,1.0,1.0,0.2970000000204891,79549.0,0.0,0.0,0.0,0.0,0.0,0.0,78.0,19927.0,46.5,1.0
0.0,0.0,0.0,1.0,0.0,1.0,0.0,0.0,2.0,2.0,0.0,1.0,0.0,5.0,0.0,0.0,0.0,0.0,0.0,0.03200000000651926,4913.0,0.0,0.0,0.0,0.0,0.0,0.0,1.0,1528.0,-11.0,1.0
1.0,0.0,0.0,0.0,0.0,1.0,0.0,0.0,4.0,11.0,0.0,0.0,0.0,0.0,0.0,0.0,0.0,0.0,1.0,0.14000000001396984,100000.0,0.0,0.0,0.0,0.0,0.0,0.0,0.0,0.0,21.5,1.0
0.0,0.0,1.0,1.0,0.0,1.0,0.0,0.0,4.0,9.0,2.0,2.0,0.0,12.0,9.0,4.0,1.0,0.0,0.0,0.75,99995.0,0.0,0.0,0.0,0.0,0.0,0.0,99.0,3822.0,-39.5,1.0
0.0,0.0,1.0,1.0,0.0,1.0,0.0,0.0,2.0,0.0,0.0,0.0,0.0,1.0,1.0,0.0,0.0,0.0,0.0,0.5470000000204891,1481.0,0.0,0.0,0.0,0.0,0.0,0.0,0.0,52.0,-14.0,0.0
0.0,0.0,1.0,1.0,0.0,1.0,0.0,0.0,4.0,17.0,2.0,2.0,0.0,0.0,0.0,0.0,0.0,0.0,1.0,0.5,99994.0,0.0,0.0,0.0,0.0,0.0,1.0,6.0,30802.0,17.5,0.0
1.0,0.0,0.0,0.0,0.0,0.0,0.0,0.0,3.0,8.0,0.0,0.0,0.0,5.0,0.0,0.0,0.0,0.0,0.0,2.530999999959022,100000.0,1.0,0.0,0.0,0.0,0.0,0.0,0.0,87116.0,-8.0,0.0
0.0,0.0,1.0,1.0,0.0,1.0,0.0,0.0,3.0,4.0,3.0,1.0,1.0,1.0,3.0,1.0,1.0,0.0,1.0,1.1559999999590218,18442.0,0.0,0.0,0.0,0.0,0.0,1.0,17.0,1431.0,-4.0,0.0
0.0,0.0,1.0,1.0,0.0,1.0,0.0,0.0,3.0,0.0,0.0,0.0,0.0,0.0,0.0,0.0,0.0,0.0,0.0,0.25,23.0,0.0,0.0,0.0,0.0,0.0,0.0,0.0,23.0,-13.0,0.0
0.0,0.0,1.0,1.0,0.0,1.0,0.0,0.0,4.0,1.0,0.0,0.0,0.0,0.0,3.0,0.0,0.0,0.0,0.0,0.35900000005494803,23077.0,0.0,0.0,0.0,0.0,0.0,0.0,17.0,1893.0,-13.5,0.0
1.0,0.0,0.0,0.0,0.0,1.0,0.0,0.0,1.0,12.0,0.0,0.0,0.0,0.0,0.0,0.0,0.0,1.0,0.0,1.6099999999860302,99996.0,0.0,0.0,0.0,0.0,0.0,1.0,0.0,0.0,28.0,1.0
0.0,0.0,0.0,1.0,0.0,1.0,0.0,0.0,1.0,0.0,0.0,0.0,0.0,0.0,0.0,0.0,0.0,0.0,0.0,0.01600000006146729,919.0,0.0,0.0,0.0,0.0,0.0,0.0,0.0,520.0,1.0,1.0
1.0,0.0,0.0,0.0,0.0,1.0,0.0,0.0,0.0,2.0,0.0,0.0,0.0,0.0,0.0,0.0,0.0,1.0,1.0,0.26599999994505197,99998.0,0.0,0.0,0.0,0.0,0.0,1.0,0.0,96071.0,20.0,1.0
0.0,0.0,1.0,1.0,0.0,1.0,0.0,0.0,4.0,2.0,4.0,0.0,7.0,1.0,4.0,2.0,1.0,0.0,0.0,1.2820000000065193,15429.0,0.0,0.0,0.0,0.0,0.0,0.0,33.0,4169.0,1.0,0.0
1.0,0.0,0.0,0.0,0.0,1.0,0.0,0.0,2.0,7.0,0.0,2.0,0.0,0.0,2.0,0.0,0.0,0.0,1.0,0.8280000000959262,100000.0,0.0,0.0,0.0,0.0,0.0,1.0,34.0,4379.0,27.5,0.0
1.0,0.0,0.0,0.0,0.0,1.0,0.0,0.0,1.0,6.0,0.0,1.0,7.0,0.0,1.0,1.0,0.0,0.0,1.0,1.5,44724.0,0.0,0.0,0.0,0.0,0.0,1.0,41.0,6854.0,54.0,1.0
0.0,0.0,0.0,1.0,0.0,1.0,0.0,0.0,0.0,0.0,0.0,0.0,0.0,0.0,1.0,0.0,0.0,0.0,0.0,0.3279999999795109,902.0,0.0,0.0,0.0,0.0,0.0,0.0,0.0,130.0,3.0,1.0
0.0,0.0,0.0,1.0,0.0,1.0,0.0,0.0,1.0,2.0,0.0,1.0,0.0,0.0,0.0,0.0,0.0,0.0,0.0,0.062000000034458935,5633.0,0.0,0.0,0.0,0.0,0.0,0.0,0.0,3267.0,6.0,0.0
0.0,0.0,0.0,1.0,0.0,1.0,0.0,0.0,0.0,0.0,0.0,0.0,0.0,0.0,1.0,0.0,0.0,0.0,0.0,0.10999999998603016,902.0,0.0,0.0,0.0,0.0,0.0,0.0,0.0,130.0,3.0,0.0
1.0,0.0,0.0,0.0,0.0,1.0,0.0,0.0,0.0,6.0,0.0,3.0,5.0,0.0,4.0,1.0,1.0,1.0,1.0,0.8290000000270084,29066.0,0.0,0.0,0.0,0.0,0.0,1.0,21.0,9849.0,52.0,1.0
0.0,0.0,1.0,1.0,0.0,1.0,0.0,0.0,4.0,8.0,0.0,0.0,0.0,0.0,0.0,0.0,0.0,0.0,0.0,1.0150000000139698,100000.0,0.0,0.0,0.0,0.0,0.0,0.0,0.0,0.0,-3.0,0.0
0.0,0.0,1.0,1.0,0.0,1.0,0.0,0.0,1.0,9.0,0.0,1.0,15.0,1.0,1.0,16.0,1.0,0.0,0.0,1.375,100000.0,0.0,0.0,0.0,0.0,0.0,0.0,234.0,38970.0,61.5,0.0
0.0,0.0,0.0,1.0,0.0,1.0,0.0,0.0,0.0,0.0,0.0,0.0,0.0,0.0,0.0,0.0,0.0,0.0,0.0,0.39099999994505197,0.0,1.0,0.0,0.0,0.0,0.0,0.0,0.0,0.0,3.0,0.0
0.0,0.0,0.0,1.0,0.0,1.0,0.0,0.0,2.0,3.0,0.0,0.0,0.0,0.0,0.0,0.0,0.0,0.0,0.0,0.1559999999590218,100000.0,0.0,0.0,0.0,0.0,0.0,0.0,0.0,0.0,3.5,0.0
1.0,0.0,0.0,0.0,0.0,1.0,0.0,0.0,4.0,13.0,0.0,5.0,0.0,9.0,1.0,0.0,0.0,1.0,1.0,0.5470000000204891,99990.0,0.0,0.0,0.0,0.0,0.0,1.0,32.0,50883.0,11.5,1.0
0.0,0.0,0.0,1.0,0.0,1.0,0.0,0.0,1.0,1.0,0.0,1.0,0.0,0.0,0.0,0.0,0.0,0.0,0.0,0.045999999972991645,5774.0,0.0,0.0,0.0,0.0,0.0,0.0,0.0,3408.0,4.5,0.0
0.0,0.0,1.0,1.0,0.0,1.0,0.0,0.0,1.0,11.0,0.0,2.0,0.0,0.0,0.0,0.0,0.0,0.0,0.0,0.5779999999795109,99999.0,0.0,0.0,0.0,0.0,0.0,0.0,0.0,0.0,11.5,0.0
1.0,0.0,0.0,0.0,0.0,1.0,0.0,0.0,0.0,6.0,0.0,3.0,0.0,0.0,1.0,0.0,0.0,0.0,1.0,0.8900000000139698,8463.0,0.0,0.0,0.0,0.0,0.0,1.0,0.0,787.0,32.0,0.0
0.0,0.0,1.0,1.0,0.0,1.0,0.0,0.0,2.0,0.0,0.0,0.0,0.0,1.0,1.0,0.0,0.0,0.0,0.0,0.1880000000819564,1481.0,0.0,0.0,0.0,0.0,0.0,0.0,0.0,52.0,-14.0,0.0
0.0,0.0,1.0,1.0,0.0,0.0,1.0,0.0,3.0,2.0,0.0,0.0,1.0,0.0,3.0,1.0,1.0,0.0,0.0,0.7959999999729916,7193.0,0.0,0.0,0.0,0.0,0.0,0.0,33.0,936.0,-9.0,0.0
1.0,0.0,0.0,0.0,0.0,1.0,0.0,0.0,1.0,1.0,0.0,1.0,0.0,0.0,0.0,0.0,0.0,0.0,0.0,0.7190000000409782,6675.0,0.0,0.0,0.0,0.0,0.0,0.0,0.0,132.0,9.5,0.0
1.0,0.0,0.0,0.0,0.0,1.0,0.0,0.0,4.0,11.0,0.0,1.0,0.0,0.0,0.0,0.0,0.0,0.0,1.0,0.25,100000.0,0.0,0.0,0.0,0.0,0.0,0.0,0.0,0.0,23.5,1.0
0.0,0.0,1.0,1.0,0.0,1.0,0.0,0.0,1.0,3.0,0.0,0.0,0.0,0.0,0.0,0.0,0.0,0.0,0.0,0.2809999999590218,140.0,0.0,0.0,0.0,0.0,0.0,0.0,0.0,140.0,-4.5,0.0
0.0,0.0,1.0,1.0,0.0,1.0,0.0,0.0,1.0,9.0,0.0,1.0,15.0,1.0,1.0,16.0,1.0,0.0,0.0,1.702999999979511,100000.0,1.0,0.0,0.0,0.0,0.0,0.0,234.0,38970.0,61.5,1.0
0.0,0.0,0.0,1.0,0.0,1.0,0.0,0.0,1.0,3.0,0.0,1.0,0.0,0.0,0.0,0.0,0.0,0.0,0.0,0.0940000000409782,5623.0,0.0,0.0,0.0,0.0,0.0,0.0,0.0,3257.0,7.5,1.0
0.0,0.0,1.0,1.0,0.0,1.0,0.0,0.0,7.0,18.0,0.0,1.0,0.0,5.0,5.0,0.0,0.0,0.0,0.0,0.8129999999655411,99803.0,0.0,0.0,0.0,0.0,0.0,0.0,41.0,84697.0,-7.0,0.0
0.0,0.0,1.0,1.0,0.0,1.0,0.0,0.0,4.0,3.0,0.0,0.0,0.0,1.0,1.0,3.0,1.0,0.0,0.0,4.73499999998603,9945.0,0.0,0.0,0.0,0.0,0.0,0.0,43.0,3535.0,-15.5,0.0
1.0,0.0,0.0,0.0,0.0,1.0,0.0,0.0,6.0,9.0,0.0,1.0,4.0,2.0,1.0,1.0,1.0,0.0,1.0,0.35999999998603016,95076.0,0.0,0.0,0.0,0.0,0.0,0.0,198.0,13642.0,26.5,0.0
0.0,0.0,1.0,1.0,0.0,1.0,0.0,0.0,4.0,7.0,1.0,3.0,0.0,0.0,0.0,0.0,0.0,0.0,1.0,0.7339999999385327,99998.0,0.0,0.0,0.0,0.0,0.0,1.0,47.0,2099.0,7.5,0.0
0.0,0.0,1.0,1.0,0.0,1.0,0.0,0.0,3.0,0.0,0.0,0.0,0.0,0.0,0.0,0.0,0.0,0.0,0.0,1.0,2556.0,0.0,0.0,0.0,0.0,0.0,0.0,0.0,1192.0,-13.0,0.0
0.0,0.0,1.0,1.0,0.0,1.0,0.0,0.0,2.0,8.0,0.0,1.0,10.0,0.0,2.0,0.0,0.0,0.0,0.0,3.2820000000065193,38393.0,1.0,0.0,0.0,0.0,0.0,0.0,54.0,2699.0,43.0,0.0
0.0,0.0,0.0,1.0,0.0,1.0,0.0,0.0,0.0,0.0,0.0,0.0,0.0,0.0,1.0,0.0,0.0,0.0,0.0,0.35999999998603016,902.0,0.0,0.0,0.0,0.0,0.0,0.0,0.0,130.0,3.0,0.0
0.0,0.0,1.0,1.0,0.0,1.0,0.0,0.0,7.0,0.0,0.0,0.0,0.0,5.0,1.0,0.0,0.0,0.0,0.0,0.5620000000344589,5108.0,1.0,0.0,0.0,0.0,0.0,0.0,4.0,409.0,-36.0,0.0
1.0,0.0,0.0,0.0,0.0,1.0,0.0,0.0,0.0,13.0,0.0,2.0,29.0,0.0,25.0,18.0,2.0,1.0,1.0,0.2970000000204891,100000.0,0.0,0.0,0.0,1.0,1.0,1.0,29.0,41507.0,167.5,1.0
0.0,0.0,1.0,1.0,0.0,1.0,0.0,0.0,4.0,7.0,0.0,1.0,0.0,0.0,5.0,0.0,0.0,0.0,0.0,0.2970000000204891,31108.0,0.0,0.0,0.0,0.0,0.0,0.0,19.0,20716.0,-2.5,0.0
0.0,0.0,1.0,1.0,0.0,1.0,0.0,0.0,8.0,11.0,0.0,0.0,1.0,2.0,1.0,1.0,1.0,0.0,0.0,1.2189999999245629,99962.0,0.0,0.0,0.0,0.0,0.0,0.0,61.0,3019.0,-8.5,0.0
0.0,0.0,0.0,1.0,0.0,1.0,0.0,0.0,1.0,3.0,0.0,1.0,0.0,0.0,0.0,0.0,0.0,0.0,0.0,0.10900000005494803,5779.0,0.0,0.0,0.0,0.0,0.0,0.0,0.0,3413.0,7.5,0.0
1.0,0.0,0.0,0.0,0.0,1.0,0.0,0.0,1.0,3.0,0.0,1.0,0.0,0.0,0.0,0.0,0.0,0.0,0.0,0.875,7655.0,0.0,0.0,0.0,0.0,0.0,0.0,0.0,1027.0,12.5,1.0
1.0,0.0,0.0,0.0,0.0,1.0,0.0,0.0,0.0,6.0,0.0,1.0,2.0,0.0,2.0,0.0,0.0,0.0,0.0,0.2970000000204891,16972.0,0.0,0.0,0.0,0.0,0.0,0.0,72.0,1800.0,27.0,1.0
0.0,0.0,1.0,1.0,0.0,1.0,0.0,0.0,3.0,4.0,0.0,0.0,0.0,1.0,3.0,1.0,1.0,0.0,0.0,0.5310000000754371,25817.0,0.0,0.0,0.0,0.0,0.0,0.0,19.0,8912.0,-10.0,0.0
1.0,0.0,0.0,0.0,0.0,1.0,0.0,0.0,0.0,4.0,0.0,1.0,0.0,0.0,54.0,12.0,3.0,0.0,0.0,2.3119999999180436,26493.0,2.0,0.0,0.0,0.0,0.0,0.0,37.0,6148.0,16.0,1.0
1.0,0.0,0.0,0.0,0.0,0.0,0.0,0.0,1.0,4.0,0.0,1.0,0.0,0.0,1.0,0.0,0.0,0.0,0.0,0.734000000054948,6641.0,1.0,0.0,0.0,0.0,0.0,0.0,1.0,2763.0,7.0,0.0
0.0,0.0,1.0,1.0,0.0,1.0,0.0,0.0,2.0,4.0,0.0,1.0,0.0,0.0,0.0,0.0,0.0,0.0,0.0,0.2970000000204891,59358.0,0.0,0.0,0.0,0.0,0.0,0.0,0.0,53785.0,-3.0,0.0
0.0,0.0,0.0,1.0,0.0,1.0,0.0,0.0,1.0,1.0,0.0,1.0,0.0,0.0,0.0,0.0,0.0,0.0,0.0,0.0470000000204891,5755.0,0.0,0.0,0.0,0.0,0.0,0.0,0.0,3389.0,4.5,0.0
0.0,0.0,1.0,1.0,0.0,1.0,0.0,0.0,1.0,11.0,0.0,2.0,0.0,0.0,0.0,0.0,0.0,0.0,0.0,0.5309999999590218,99996.0,0.0,0.0,0.0,0.0,0.0,0.0,0.0,0.0,11.5,0.0
0.0,0.0,0.0,0.0,1.0,1.0,0.0,0.0,1.0,4.0,0.0,1.0,0.0,0.0,0.0,0.0,0.0,0.0,0.0,0.9379999999655411,99999.0,0.0,0.0,0.0,0.0,0.0,0.0,0.0,832.0,6.0,0.0
1.0,0.0,0.0,0.0,0.0,1.0,0.0,0.0,1.0,3.0,0.0,0.0,0.0,0.0,0.0,0.0,0.0,0.0,0.0,1.437999999965541,100000.0,1.0,0.0,0.0,0.0,0.0,0.0,0.0,0.0,10.5,0.0
0.0,0.0,1.0,1.0,0.0,1.0,0.0,0.0,4.0,0.0,0.0,0.0,0.0,0.0,0.0,0.0,0.0,0.0,0.0,0.25,755.0,0.0,0.0,0.0,0.0,0.0,0.0,0.0,0.0,-15.0,0.0
1.0,0.0,0.0,0.0,0.0,1.0,0.0,0.0,1.0,7.0,0.0,5.0,2.0,0.0,6.0,2.0,2.0,1.0,1.0,0.6099999999860302,62324.0,0.0,0.0,0.0,0.0,0.0,1.0,29.0,8932.0,45.5,1.0
1.0,0.0,0.0,0.0,0.0,1.0,0.0,0.0,1.0,14.0,0.0,3.0,0.0,0.0,0.0,0.0,0.0,1.0,1.0,1.1570000000065193,60554.0,1.0,0.0,0.0,0.0,1.0,0.0,0.0,1242.0,43.0,1.0
0.0,0.0,1.0,1.0,0.0,1.0,0.0,0.0,2.0,6.0,0.0,2.0,8.0,0.0,5.0,9.0,2.0,1.0,1.0,0.7349999999860302,39267.0,1.0,0.0,0.0,0.0,0.0,1.0,60.0,3446.0,41.0,0.0
0.0,0.0,1.0,1.0,0.0,1.0,0.0,0.0,5.0,1.0,0.0,0.0,0.0,0.0,0.0,0.0,0.0,0.0,0.0,0.18799999996554106,645.0,0.0,0.0,0.0,0.0,0.0,0.0,0.0,67.0,-15.5,0.0
0.0,0.0,1.0,1.0,0.0,1.0,0.0,0.0,2.0,7.0,0.0,3.0,0.0,0.0,0.0,0.0,0.0,0.0,0.0,0.515999999945052,99998.0,0.0,0.0,0.0,0.0,0.0,0.0,0.0,15497.0,5.5,0.0
0.0,0.0,0.0,1.0,0.0,1.0,0.0,0.0,1.0,3.0,0.0,1.0,0.0,0.0,0.0,0.0,0.0,0.0,0.0,0.062000000034458935,5659.0,0.0,0.0,0.0,0.0,0.0,0.0,0.0,3293.0,7.5,0.0
1.0,0.0,0.0,0.0,0.0,1.0,0.0,0.0,2.0,2.0,0.0,0.0,0.0,0.0,0.0,0.0,0.0,0.0,0.0,0.35999999998603016,20376.0,0.0,0.0,0.0,0.0,0.0,0.0,1.0,2810.0,7.0,0.0
0.0,0.0,1.0,1.0,0.0,1.0,0.0,0.0,5.0,1.0,0.0,1.0,0.0,4.0,1.0,0.0,0.0,0.0,0.0,1.375,8666.0,2.0,0.0,0.0,0.0,0.0,0.0,2.0,2453.0,-25.5,0.0
0.0,0.0,0.0,1.0,0.0,1.0,0.0,0.0,1.0,2.0,0.0,0.0,0.0,0.0,0.0,0.0,0.0,0.0,0.0,2.030999999959022,8629.0,0.0,0.0,0.0,0.0,0.0,0.0,1.0,944.0,4.0,0.0
0.0,0.0,1.0,1.0,0.0,1.0,0.0,0.0,5.0,2.0,0.0,0.0,0.0,25.0,9.0,1.0,1.0,0.0,0.0,0.9370000000344589,52759.0,0.0,0.0,0.0,0.0,0.0,1.0,46.0,2451.0,-83.0,0.0
0.0,0.0,1.0,1.0,0.0,1.0,0.0,0.0,3.0,4.0,1.0,1.0,0.0,1.0,1.0,0.0,0.0,0.0,0.0,0.35999999998603016,27909.0,0.0,0.0,0.0,0.0,0.0,0.0,2.0,20383.0,-11.0,0.0
1.0,0.0,0.0,0.0,0.0,1.0,0.0,0.0,6.0,11.0,0.0,3.0,0.0,0.0,1.0,1.0,0.0,1.0,1.0,3.0,99992.0,2.0,0.0,0.0,0.0,1.0,0.0,14.0,8400.0,28.5,1.0
0.0,0.0,0.0,1.0,0.0,1.0,0.0,0.0,1.0,1.0,0.0,0.0,0.0,1.0,1.0,0.0,0.0,0.0,0.0,0.5629999999655411,20636.0,1.0,0.0,0.0,0.0,0.0,0.0,12.0,1156.0,-0.5,0.0
0.0,0.0,0.0,0.0,0.0,1.0,0.0,0.0,0.0,0.0,0.0,0.0,0.0,0.0,0.0,0.0,0.0,0.0,0.0,0.015000000013969839,2008.0,0.0,0.0,0.0,0.0,0.0,0.0,0.0,666.0,3.0,1.0
1.0,0.0,0.0,0.0,0.0,1.0,0.0,0.0,1.0,3.0,0.0,0.0,1.0,0.0,1.0,0.0,0.0,1.0,0.0,1.187999999965541,9872.0,0.0,0.0,0.0,0.0,0.0,0.0,17.0,823.0,14.5,1.0
1.0,0.0,0.0,0.0,0.0,1.0,0.0,0.0,3.0,13.0,0.0,0.0,6.0,0.0,8.0,21.0,7.0,1.0,1.0,2.89000000001397,67008.0,1.0,0.0,0.0,0.0,1.0,1.0,75.0,31284.0,59.5,1.0
1.0,0.0,0.0,0.0,0.0,1.0,0.0,0.0,2.0,7.0,0.0,2.0,0.0,0.0,2.0,0.0,0.0,0.0,1.0,0.7660000000614673,100000.0,0.0,0.0,0.0,0.0,0.0,1.0,34.0,4379.0,27.5,0.0
0.0,0.0,1.0,1.0,0.0,1.0,0.0,0.0,2.0,0.0,0.0,0.0,0.0,0.0,0.0,0.0,0.0,0.0,0.0,0.18700000003445894,10371.0,0.0,0.0,0.0,0.0,0.0,0.0,1.0,453.0,-11.0,0.0
0.0,0.0,0.0,0.0,0.0,1.0,0.0,0.0,0.0,0.0,0.0,0.0,0.0,0.0,0.0,0.0,0.0,0.0,0.0,0.030999999959021807,2008.0,0.0,0.0,0.0,0.0,0.0,0.0,0.0,666.0,3.0,1.0
0.0,0.0,0.0,1.0,0.0,1.0,0.0,0.0,1.0,1.0,0.0,0.0,0.0,1.0,1.0,0.0,0.0,0.0,0.0,0.515999999945052,20636.0,1.0,0.0,0.0,0.0,0.0,0.0,12.0,1156.0,-0.5,1.0
0.0,0.0,1.0,1.0,0.0,1.0,0.0,0.0,4.0,13.0,0.0,3.0,0.0,9.0,0.0,0.0,0.0,0.0,0.0,0.609000000054948,64819.0,0.0,0.0,0.0,0.0,0.0,0.0,9.0,52541.0,-16.5,0.0
0.0,0.0,0.0,0.0,1.0,1.0,0.0,0.0,1.0,2.0,0.0,1.0,0.0,4.0,0.0,0.0,0.0,0.0,0.0,2.4369999999180436,6373.0,0.0,0.0,0.0,0.0,0.0,0.0,4.0,1499.0,-9.0,0.0
0.0,0.0,0.0,1.0,0.0,1.0,0.0,0.0,1.0,1.0,0.0,1.0,0.0,0.0,0.0,0.0,0.0,0.0,0.0,0.062000000034458935,5796.0,0.0,0.0,0.0,0.0,0.0,0.0,0.0,3430.0,4.5,0.0
1.0,0.0,0.0,0.0,0.0,0.0,0.0,0.0,1.0,0.0,0.0,0.0,0.0,0.0,0.0,0.0,0.0,0.0,0.0,0.8910000000614673,9098.0,1.0,0.0,0.0,0.0,0.0,0.0,0.0,8706.0,-1.0,1.0
0.0,0.0,1.0,1.0,0.0,0.0,0.0,0.0,3.0,5.0,0.0,0.0,0.0,0.0,7.0,2.0,1.0,0.0,0.0,1.640999999945052,99944.0,1.0,0.0,0.0,0.0,0.0,0.0,78.0,1202.0,-10.5,0.0
1.0,0.0,0.0,0.0,0.0,1.0,0.0,0.0,2.0,8.0,0.0,7.0,0.0,0.0,0.0,0.0,0.0,0.0,1.0,0.3279999999795109,29326.0,3.0,0.0,0.0,0.0,0.0,1.0,12.0,2252.0,39.0,0.0
1.0,0.0,0.0,0.0,0.0,1.0,0.0,0.0,0.0,0.0,0.0,0.0,0.0,0.0,0.0,0.0,0.0,0.0,0.0,0.7820000000065193,1987.0,0.0,0.0,0.0,0.0,0.0,0.0,0.0,46.0,8.0,0.0
0.0,0.0,1.0,1.0,0.0,0.0,1.0,0.0,4.0,0.0,0.0,0.0,0.0,0.0,1.0,0.0,0.0,0.0,0.0,1.5,2704.0,0.0,0.0,0.0,0.0,0.0,0.0,11.0,334.0,-18.0,0.0
0.0,0.0,1.0,1.0,0.0,1.0,0.0,0.0,4.0,3.0,0.0,0.0,0.0,1.0,1.0,3.0,1.0,0.0,0.0,3.077999999979511,9945.0,0.0,0.0,0.0,0.0,0.0,0.0,43.0,3535.0,-15.5,0.0
0.0,0.0,1.0,1.0,0.0,1.0,0.0,0.0,3.0,3.0,0.0,1.0,0.0,10.0,1.0,0.0,0.0,0.0,0.0,1.125,8229.0,0.0,0.0,0.0,0.0,0.0,0.0,7.0,1225.0,-36.5,0.0
0.0,0.0,0.0,1.0,0.0,1.0,0.0,0.0,0.0,0.0,0.0,0.0,0.0,0.0,0.0,0.0,0.0,0.0,0.0,0.14099999994505197,0.0,0.0,0.0,0.0,0.0,0.0,0.0,0.0,0.0,3.0,1.0
0.0,0.0,0.0,1.0,0.0,1.0,0.0,0.0,3.0,0.0,0.0,0.0,0.0,1.0,0.0,0.0,0.0,0.0,0.0,0.7959999999729916,4237.0,1.0,0.0,0.0,0.0,0.0,0.0,6.0,1302.0,-6.0,0.0
1.0,0.0,0.0,0.0,0.0,1.0,0.0,0.0,1.0,2.0,0.0,0.0,0.0,0.0,0.0,0.0,0.0,0.0,0.0,2.625,17032.0,0.0,0.0,0.0,0.0,0.0,0.0,2.0,1279.0,9.0,0.0
0.0,0.0,1.0,1.0,0.0,1.0,0.0,0.0,3.0,7.0,0.0,1.0,0.0,1.0,0.0,0.0,0.0,0.0,0.0,1.125,63977.0,1.0,0.0,0.0,0.0,0.0,0.0,8.0,8118.0,-3.5,0.0
1.0,0.0,0.0,0.0,0.0,0.0,0.0,1.0,2.0,6.0,0.0,1.0,0.0,0.0,0.0,0.0,0.0,1.0,1.0,2.422000000020489,92357.0,1.0,0.0,0.0,0.0,0.0,0.0,1.0,53179.0,13.0,1.0
0.0,0.0,1.0,1.0,0.0,1.0,0.0,0.0,6.0,4.0,2.0,0.0,0.0,1.0,6.0,0.0,0.0,0.0,1.0,1.1570000000065193,16569.0,0.0,0.0,0.0,0.0,0.0,0.0,37.0,2282.0,-15.0,0.0
0.0,0.0,1.0,1.0,0.0,1.0,0.0,0.0,2.0,3.0,0.0,1.0,0.0,0.0,2.0,0.0,0.0,0.0,0.0,1.125,4656.0,1.0,0.0,0.0,0.0,0.0,0.0,1.0,252.0,-4.5,1.0
0.0,0.0,0.0,0.0,0.0,1.0,0.0,0.0,0.0,1.0,0.0,0.0,0.0,0.0,0.0,0.0,0.0,0.0,0.0,0.10900000005494803,2664.0,0.0,0.0,0.0,0.0,0.0,0.0,0.0,67.0,4.5,1.0
1.0,0.0,0.0,0.0,0.0,1.0,0.0,0.0,1.0,16.0,0.0,5.0,15.0,1.0,4.0,21.0,4.0,1.0,1.0,0.9849999999860302,99712.0,1.0,0.0,0.0,0.0,0.0,0.0,60.0,11003.0,100.0,1.0
1.0,0.0,0.0,0.0,0.0,1.0,0.0,0.0,1.0,14.0,0.0,6.0,26.0,0.0,35.0,0.0,0.0,1.0,1.0,3.765999999945052,100000.0,0.0,0.0,0.0,0.0,0.0,1.0,36.0,19409.0,154.0,1.0
1.0,0.0,0.0,0.0,0.0,1.0,0.0,0.0,0.0,12.0,0.0,3.0,2.0,0.0,3.0,0.0,0.0,1.0,1.0,1.2809999999590218,56644.0,0.0,0.0,0.0,1.0,0.0,1.0,22.0,32429.0,55.0,1.0
0.0,0.0,1.0,1.0,0.0,1.0,0.0,0.0,0.0,5.0,0.0,0.0,0.0,0.0,0.0,0.0,0.0,0.0,0.0,1.1560000000754371,5966.0,2.0,0.0,0.0,0.0,0.0,0.0,0.0,1336.0,0.5,0.0
1.0,0.0,0.0,0.0,0.0,1.0,0.0,0.0,1.0,4.0,0.0,2.0,2.0,0.0,1.0,1.0,1.0,1.0,1.0,0.625,73258.0,0.0,0.0,0.0,0.0,0.0,1.0,16.0,33891.0,33.0,1.0
0.0,0.0,0.0,0.0,1.0,0.0,1.0,0.0,1.0,0.0,0.0,0.0,0.0,0.0,0.0,0.0,0.0,0.0,0.0,0.875,524.0,0.0,0.0,0.0,0.0,0.0,0.0,0.0,25.0,-5.0,0.0
1.0,0.0,0.0,0.0,0.0,1.0,0.0,0.0,1.0,6.0,0.0,1.0,2.0,0.0,1.0,2.0,1.0,1.0,1.0,1.375,49383.0,0.0,0.0,0.0,0.0,0.0,0.0,46.0,1649.0,30.0,1.0
0.0,0.0,1.0,1.0,0.0,1.0,0.0,1.0,3.0,3.0,0.0,0.0,0.0,1.0,1.0,1.0,1.0,0.0,0.0,1.125,11137.0,0.0,0.0,0.0,0.0,0.0,0.0,44.0,989.0,-11.5,0.0
1.0,0.0,0.0,0.0,0.0,1.0,0.0,0.0,0.0,12.0,0.0,2.0,35.0,0.0,22.0,16.0,1.0,0.0,1.0,1.8910000000614673,100000.0,0.0,0.0,0.0,1.0,1.0,1.0,69.0,38644.0,190.0,1.0
0.0,0.0,1.0,1.0,0.0,1.0,0.0,0.0,2.0,15.0,0.0,0.0,0.0,0.0,0.0,0.0,0.0,0.0,0.0,2.515999999945052,99988.0,2.0,0.0,0.0,0.0,0.0,0.0,2.0,82140.0,11.5,0.0
1.0,0.0,0.0,0.0,0.0,1.0,0.0,0.0,1.0,7.0,0.0,1.0,0.0,0.0,0.0,0.0,0.0,0.0,1.0,3.140999999945052,99958.0,0.0,0.0,0.0,0.0,0.0,1.0,0.0,0.0,27.5,1.0
0.0,0.0,1.0,1.0,0.0,1.0,0.0,0.0,0.0,0.0,0.0,0.0,0.0,0.0,0.0,0.0,0.0,0.0,0.0,7.875,1104.0,0.0,0.0,0.0,0.0,0.0,0.0,0.0,82.0,-7.0,0.0
1.0,0.0,0.0,0.0,0.0,1.0,0.0,0.0,1.0,11.0,0.0,3.0,0.0,0.0,0.0,0.0,0.0,1.0,1.0,0.7189999999245629,100000.0,1.0,0.0,0.0,0.0,0.0,0.0,0.0,0.0,33.5,1.0
0.0,0.0,1.0,1.0,0.0,1.0,0.0,0.0,0.0,0.0,0.0,0.0,0.0,0.0,0.0,0.0,0.0,0.0,0.0,8.905999999959022,1104.0,0.0,0.0,0.0,0.0,0.0,0.0,0.0,82.0,-7.0,0.0
1.0,0.0,0.0,0.0,0.0,1.0,0.0,0.0,1.0,13.0,0.0,3.0,67.0,0.0,20.0,0.0,0.0,1.0,1.0,1.8910000000614673,91862.0,0.0,0.0,0.0,0.0,0.0,1.0,161.0,11128.0,310.5,1.0
0.0,0.0,1.0,1.0,0.0,1.0,0.0,0.0,5.0,2.0,0.0,0.0,0.0,0.0,0.0,0.0,0.0,0.0,0.0,4.10999999998603,6537.0,0.0,0.0,0.0,0.0,0.0,0.0,5.0,158.0,-14.0,0.0
1.0,0.0,0.0,0.0,0.0,1.0,0.0,0.0,0.0,11.0,0.0,4.0,98.0,0.0,13.0,1.0,1.0,0.0,1.0,5.094000000040978,99909.0,0.0,0.0,0.0,0.0,0.0,0.0,187.0,3614.0,431.5,1.0
0.0,0.0,1.0,1.0,0.0,1.0,0.0,0.0,5.0,2.0,0.0,0.0,0.0,0.0,0.0,0.0,0.0,0.0,0.0,9.51500000001397,6537.0,0.0,0.0,0.0,0.0,0.0,0.0,5.0,158.0,-14.0,0.0
